Mono path[0] = 'C:/Users/Chris/Desktop/OxenLight_ML_V2/OxenLight_ML/Build/OxenLight_Data/Managed'
Mono config path = 'C:/Users/Chris/Desktop/OxenLight_ML_V2/OxenLight_ML/Build/MonoBleedingEdge/etc'
Starting managed debugger on port 56727
Using monoOptions --debugger-agent=transport=dt_socket,embedding=1,server=y,suspend=n,address=0.0.0.0:56727
Found 2 interfaces on host : 0) 192.168.1.247 1) 192.168.56.1
Player connection [12564]  Target information:

Player connection [12564]  * "[IP] 192.168.1.247 [Port] 55000 [Flags] 2 [Guid] 933674727 [EditorId] 3345234021 [Version] 1048832 [Id] WindowsPlayer(2,DESKTOP-DM6S8FB) [Debug] 1 [PackageName] WindowsPlayer [ProjectName] OxenLight" 

Player connection [12564]  * "[IP] 192.168.56.1 [Port] 55000 [Flags] 2 [Guid] 933674727 [EditorId] 3345234021 [Version] 1048832 [Id] WindowsPlayer(2,DESKTOP-DM6S8FB) [Debug] 1 [PackageName] WindowsPlayer [ProjectName] OxenLight" 

Player connection [12564] Started UDP target info broadcast (1) on [225.0.0.222:54997].

Input System module state changed to: Initialized.
[Physics::Module] Initialized fallback backend.
[Physics::Module] Id: 0xdecafbad
Initialize engine version: 6000.3.9f1 (7a9955a4f2fa)
[Subsystems] Discovering subsystems at path C:/Users/Chris/Desktop/OxenLight_ML_V2/OxenLight_ML/Build/OxenLight_Data/UnitySubsystems
Forcing GfxDevice: Null
GfxDevice: creating device client; kGfxThreadingModeNonThreaded
NullGfxDevice:
    Version:  NULL 1.0 [1.0]
    Renderer: Null Device
    Vendor:   Unity Technologies
Begin MonoManager ReloadAssembly
Symbol file LoadedFromMemory is not a mono symbol file
Symbol file LoadedFromMemory is not a mono symbol file
- Loaded All Assemblies, in  1.964 seconds
- Finished resetting the current domain, in  0.001 seconds
[Physics::Module] Selected backend.
[Physics::Module] Name: PhysX
[Physics::Module] Id: 0xf2b8ea05
[Physics::Module] SDK Version: 4.1.2
[Physics::Module] Integration Version: 1.0.0
[Physics::Module] Threading Mode: Multi-Threaded
Microsoft Media Foundation video decoding to texture disabled: graphics device is Null, only Direct3D 11 and Direct3D 12 (only on desktop) are supported for hardware-accelerated video decoding.
UnloadTime: 0.388400 ms
[MapLauncher] Loading map scene: Map6
UnityEngine.Debug:ExtractStackTraceNoAlloc (byte*,int,string)
UnityEngine.StackTraceUtility:ExtractStackTrace () (at C:/build/output/unity/unity/Runtime/Export/Scripting/StackTrace.cs:35)
UnityEngine.DebugLogHandler:Internal_Log (UnityEngine.LogType,UnityEngine.LogOption,string,UnityEngine.Object)
UnityEngine.DebugLogHandler:LogFormat (UnityEngine.LogType,UnityEngine.Object,string,object[]) (at C:/build/output/unity/unity/Runtime/Export/Logging/DebugLogHandler.cs:9)
UnityEngine.Logger:Log (UnityEngine.LogType,object) (at C:/build/output/unity/unity/Runtime/Export/Logging/Logger.cs:60)
UnityEngine.Debug:Log (object) (at C:/build/output/unity/unity/Runtime/Export/Debug/Debug.bindings.cs:123)
MapLauncher:Awake () (at C:/Users/Chris/Desktop/OxenLight_ML_V2/OxenLight_ML/Assets/Scripts/MapLauncher.cs:26)

(Filename: C:/build/output/unity/unity/Runtime/Export/Debug/Debug.bindings.cs Line: 123)

Unloading 10 Unused Serialized files (Serialized files now loaded: 0)
UnloadTime: 0.324300 ms
Registered Communicator in Agent.
UnityEngine.Debug:ExtractStackTraceNoAlloc (byte*,int,string)
UnityEngine.StackTraceUtility:ExtractStackTrace () (at C:/build/output/unity/unity/Runtime/Export/Scripting/StackTrace.cs:35)
UnityEngine.DebugLogHandler:Internal_Log (UnityEngine.LogType,UnityEngine.LogOption,string,UnityEngine.Object)
UnityEngine.DebugLogHandler:LogFormat (UnityEngine.LogType,UnityEngine.Object,string,object[]) (at C:/build/output/unity/unity/Runtime/Export/Logging/DebugLogHandler.cs:9)
UnityEngine.Logger:Log (UnityEngine.LogType,object) (at C:/build/output/unity/unity/Runtime/Export/Logging/Logger.cs:60)
UnityEngine.Debug:Log (object) (at C:/build/output/unity/unity/Runtime/Export/Debug/Debug.bindings.cs:123)
Unity.MLAgents.Agent:Awake () (at ./Library/PackageCache/com.unity.ml-agents@0f918b8a6271/Runtime/Agent.cs:383)

(Filename: C:/build/output/unity/unity/Runtime/Export/Debug/Debug.bindings.cs Line: 123)

[Episode] Initialized. Agents=4, Gems=4
UnityEngine.Debug:ExtractStackTraceNoAlloc (byte*,int,string)
UnityEngine.StackTraceUtility:ExtractStackTrace () (at C:/build/output/unity/unity/Runtime/Export/Scripting/StackTrace.cs:35)
UnityEngine.DebugLogHandler:Internal_Log (UnityEngine.LogType,UnityEngine.LogOption,string,UnityEngine.Object)
UnityEngine.DebugLogHandler:LogFormat (UnityEngine.LogType,UnityEngine.Object,string,object[]) (at C:/build/output/unity/unity/Runtime/Export/Logging/DebugLogHandler.cs:9)
UnityEngine.Logger:Log (UnityEngine.LogType,object) (at C:/build/output/unity/unity/Runtime/Export/Logging/Logger.cs:60)
UnityEngine.Debug:Log (object) (at C:/build/output/unity/unity/Runtime/Export/Debug/Debug.bindings.cs:123)
CoopEpisodeManager:EnsureInitialized () (at C:/Users/Chris/Desktop/OxenLight_ML_V2/OxenLight_ML/Assets/map_01/Scripts/CoopEpisodeManager.cs:96)
CoopEpisodeManager:Awake () (at C:/Users/Chris/Desktop/OxenLight_ML_V2/OxenLight_ML/Assets/map_01/Scripts/CoopEpisodeManager.cs:48)

(Filename: C:/build/output/unity/unity/Runtime/Export/Debug/Debug.bindings.cs Line: 123)

Unloading 4 unused Assets / (44 B). Loaded Objects now: 3461.
Memory consumption went from 42.2 MB to 42.2 MB.
Total: 0.778800 ms (FindLiveObjects: 0.099000 ms CreateObjectMapping: 0.024200 ms MarkObjects: 0.635900 ms  DeleteObjects: 0.018500 ms)

[Episode] DEATH => -1
UnityEngine.Debug:ExtractStackTraceNoAlloc (byte*,int,string)
UnityEngine.StackTraceUtility:ExtractStackTrace () (at C:/build/output/unity/unity/Runtime/Export/Scripting/StackTrace.cs:35)
UnityEngine.DebugLogHandler:Internal_Log (UnityEngine.LogType,UnityEngine.LogOption,string,UnityEngine.Object)
UnityEngine.DebugLogHandler:LogFormat (UnityEngine.LogType,UnityEngine.Object,string,object[]) (at C:/build/output/unity/unity/Runtime/Export/Logging/DebugLogHandler.cs:9)
UnityEngine.Logger:Log (UnityEngine.LogType,object) (at C:/build/output/unity/unity/Runtime/Export/Logging/Logger.cs:60)
UnityEngine.Debug:Log (object) (at C:/build/output/unity/unity/Runtime/Export/Debug/Debug.bindings.cs:123)
CoopEpisodeManager:NotifyTeamDeath () (at C:/Users/Chris/Desktop/OxenLight_ML_V2/OxenLight_ML/Assets/map_01/Scripts/CoopEpisodeManager.cs:198)
LaserGreen:Update () (at C:/Users/Chris/Desktop/OxenLight_ML_V2/OxenLight_ML/Assets/map_01/Scripts/LaserGreen.cs:44)

(Filename: C:/build/output/unity/unity/Runtime/Export/Debug/Debug.bindings.cs Line: 123)

episode finished | steps=976 | reason=death | agentSlot=0 | episodeReward=-1
UnityEngine.Debug:ExtractStackTraceNoAlloc (byte*,int,string)
UnityEngine.StackTraceUtility:ExtractStackTrace () (at C:/build/output/unity/unity/Runtime/Export/Scripting/StackTrace.cs:35)
UnityEngine.DebugLogHandler:Internal_Log (UnityEngine.LogType,UnityEngine.LogOption,string,UnityEngine.Object)
UnityEngine.DebugLogHandler:LogFormat (UnityEngine.LogType,UnityEngine.Object,string,object[]) (at C:/build/output/unity/unity/Runtime/Export/Logging/DebugLogHandler.cs:9)
UnityEngine.Logger:Log (UnityEngine.LogType,object) (at C:/build/output/unity/unity/Runtime/Export/Logging/Logger.cs:60)
UnityEngine.Debug:Log (object) (at C:/build/output/unity/unity/Runtime/Export/Debug/Debug.bindings.cs:123)
CoopEpisodeManager:EndAndReset (bool,string) (at C:/Users/Chris/Desktop/OxenLight_ML_V2/OxenLight_ML/Assets/map_01/Scripts/CoopEpisodeManager.cs:217)
CoopEpisodeManager:NotifyTeamDeath () (at C:/Users/Chris/Desktop/OxenLight_ML_V2/OxenLight_ML/Assets/map_01/Scripts/CoopEpisodeManager.cs:203)
LaserGreen:Update () (at C:/Users/Chris/Desktop/OxenLight_ML_V2/OxenLight_ML/Assets/map_01/Scripts/LaserGreen.cs:44)

(Filename: C:/build/output/unity/unity/Runtime/Export/Debug/Debug.bindings.cs Line: 123)

episode finished | steps=976 | reason=death | agentSlot=1 | episodeReward=-1
UnityEngine.Debug:ExtractStackTraceNoAlloc (byte*,int,string)
UnityEngine.StackTraceUtility:ExtractStackTrace () (at C:/build/output/unity/unity/Runtime/Export/Scripting/StackTrace.cs:35)
UnityEngine.DebugLogHandler:Internal_Log (UnityEngine.LogType,UnityEngine.LogOption,string,UnityEngine.Object)
UnityEngine.DebugLogHandler:LogFormat (UnityEngine.LogType,UnityEngine.Object,string,object[]) (at C:/build/output/unity/unity/Runtime/Export/Logging/DebugLogHandler.cs:9)
UnityEngine.Logger:Log (UnityEngine.LogType,object) (at C:/build/output/unity/unity/Runtime/Export/Logging/Logger.cs:60)
UnityEngine.Debug:Log (object) (at C:/build/output/unity/unity/Runtime/Export/Debug/Debug.bindings.cs:123)
CoopEpisodeManager:EndAndReset (bool,string) (at C:/Users/Chris/Desktop/OxenLight_ML_V2/OxenLight_ML/Assets/map_01/Scripts/CoopEpisodeManager.cs:217)
CoopEpisodeManager:NotifyTeamDeath () (at C:/Users/Chris/Desktop/OxenLight_ML_V2/OxenLight_ML/Assets/map_01/Scripts/CoopEpisodeManager.cs:203)
LaserGreen:Update () (at C:/Users/Chris/Desktop/OxenLight_ML_V2/OxenLight_ML/Assets/map_01/Scripts/LaserGreen.cs:44)

(Filename: C:/build/output/unity/unity/Runtime/Export/Debug/Debug.bindings.cs Line: 123)

episode finished | steps=976 | reason=death | agentSlot=2 | episodeReward=-1
UnityEngine.Debug:ExtractStackTraceNoAlloc (byte*,int,string)
UnityEngine.StackTraceUtility:ExtractStackTrace () (at C:/build/output/unity/unity/Runtime/Export/Scripting/StackTrace.cs:35)
UnityEngine.DebugLogHandler:Internal_Log (UnityEngine.LogType,UnityEngine.LogOption,string,UnityEngine.Object)
UnityEngine.DebugLogHandler:LogFormat (UnityEngine.LogType,UnityEngine.Object,string,object[]) (at C:/build/output/unity/unity/Runtime/Export/Logging/DebugLogHandler.cs:9)
UnityEngine.Logger:Log (UnityEngine.LogType,object) (at C:/build/output/unity/unity/Runtime/Export/Logging/Logger.cs:60)
UnityEngine.Debug:Log (object) (at C:/build/output/unity/unity/Runtime/Export/Debug/Debug.bindings.cs:123)
CoopEpisodeManager:EndAndReset (bool,string) (at C:/Users/Chris/Desktop/OxenLight_ML_V2/OxenLight_ML/Assets/map_01/Scripts/CoopEpisodeManager.cs:217)
CoopEpisodeManager:NotifyTeamDeath () (at C:/Users/Chris/Desktop/OxenLight_ML_V2/OxenLight_ML/Assets/map_01/Scripts/CoopEpisodeManager.cs:203)
LaserGreen:Update () (at C:/Users/Chris/Desktop/OxenLight_ML_V2/OxenLight_ML/Assets/map_01/Scripts/LaserGreen.cs:44)

(Filename: C:/build/output/unity/unity/Runtime/Export/Debug/Debug.bindings.cs Line: 123)

episode finished | steps=976 | reason=death | agentSlot=3 | episodeReward=-1
UnityEngine.Debug:ExtractStackTraceNoAlloc (byte*,int,string)
UnityEngine.StackTraceUtility:ExtractStackTrace () (at C:/build/output/unity/unity/Runtime/Export/Scripting/StackTrace.cs:35)
UnityEngine.DebugLogHandler:Internal_Log (UnityEngine.LogType,UnityEngine.LogOption,string,UnityEngine.Object)
UnityEngine.DebugLogHandler:LogFormat (UnityEngine.LogType,UnityEngine.Object,string,object[]) (at C:/build/output/unity/unity/Runtime/Export/Logging/DebugLogHandler.cs:9)
UnityEngine.Logger:Log (UnityEngine.LogType,object) (at C:/build/output/unity/unity/Runtime/Export/Logging/Logger.cs:60)
UnityEngine.Debug:Log (object) (at C:/build/output/unity/unity/Runtime/Export/Debug/Debug.bindings.cs:123)
CoopEpisodeManager:EndAndReset (bool,string) (at C:/Users/Chris/Desktop/OxenLight_ML_V2/OxenLight_ML/Assets/map_01/Scripts/CoopEpisodeManager.cs:217)
CoopEpisodeManager:NotifyTeamDeath () (at C:/Users/Chris/Desktop/OxenLight_ML_V2/OxenLight_ML/Assets/map_01/Scripts/CoopEpisodeManager.cs:203)
LaserGreen:Update () (at C:/Users/Chris/Desktop/OxenLight_ML_V2/OxenLight_ML/Assets/map_01/Scripts/LaserGreen.cs:44)

(Filename: C:/build/output/unity/unity/Runtime/Export/Debug/Debug.bindings.cs Line: 123)

episode finished | steps=976 | reason=death | teamAvgEpisodeReward=-1
UnityEngine.Debug:ExtractStackTraceNoAlloc (byte*,int,string)
UnityEngine.StackTraceUtility:ExtractStackTrace () (at C:/build/output/unity/unity/Runtime/Export/Scripting/StackTrace.cs:35)
UnityEngine.DebugLogHandler:Internal_Log (UnityEngine.LogType,UnityEngine.LogOption,string,UnityEngine.Object)
UnityEngine.DebugLogHandler:LogFormat (UnityEngine.LogType,UnityEngine.Object,string,object[]) (at C:/build/output/unity/unity/Runtime/Export/Logging/DebugLogHandler.cs:9)
UnityEngine.Logger:Log (UnityEngine.LogType,object) (at C:/build/output/unity/unity/Runtime/Export/Logging/Logger.cs:60)
UnityEngine.Debug:Log (object) (at C:/build/output/unity/unity/Runtime/Export/Debug/Debug.bindings.cs:123)
CoopEpisodeManager:EndAndReset (bool,string) (at C:/Users/Chris/Desktop/OxenLight_ML_V2/OxenLight_ML/Assets/map_01/Scripts/CoopEpisodeManager.cs:220)
CoopEpisodeManager:NotifyTeamDeath () (at C:/Users/Chris/Desktop/OxenLight_ML_V2/OxenLight_ML/Assets/map_01/Scripts/CoopEpisodeManager.cs:203)
LaserGreen:Update () (at C:/Users/Chris/Desktop/OxenLight_ML_V2/OxenLight_ML/Assets/map_01/Scripts/LaserGreen.cs:44)

(Filename: C:/build/output/unity/unity/Runtime/Export/Debug/Debug.bindings.cs Line: 123)

[Episode] World reset
UnityEngine.Debug:ExtractStackTraceNoAlloc (byte*,int,string)
UnityEngine.StackTraceUtility:ExtractStackTrace () (at C:/build/output/unity/unity/Runtime/Export/Scripting/StackTrace.cs:35)
UnityEngine.DebugLogHandler:Internal_Log (UnityEngine.LogType,UnityEngine.LogOption,string,UnityEngine.Object)
UnityEngine.DebugLogHandler:LogFormat (UnityEngine.LogType,UnityEngine.Object,string,object[]) (at C:/build/output/unity/unity/Runtime/Export/Logging/DebugLogHandler.cs:9)
UnityEngine.Logger:Log (UnityEngine.LogType,object) (at C:/build/output/unity/unity/Runtime/Export/Logging/Logger.cs:60)
UnityEngine.Debug:Log (object) (at C:/build/output/unity/unity/Runtime/Export/Debug/Debug.bindings.cs:123)
CoopEpisodeManager:ResetWorld () (at C:/Users/Chris/Desktop/OxenLight_ML_V2/OxenLight_ML/Assets/map_01/Scripts/CoopEpisodeManager.cs:289)
CoopEpisodeManager:EndAndReset (bool,string) (at C:/Users/Chris/Desktop/OxenLight_ML_V2/OxenLight_ML/Assets/map_01/Scripts/CoopEpisodeManager.cs:228)
CoopEpisodeManager:NotifyTeamDeath () (at C:/Users/Chris/Desktop/OxenLight_ML_V2/OxenLight_ML/Assets/map_01/Scripts/CoopEpisodeManager.cs:203)
LaserGreen:Update () (at C:/Users/Chris/Desktop/OxenLight_ML_V2/OxenLight_ML/Assets/map_01/Scripts/LaserGreen.cs:44)

(Filename: C:/build/output/unity/unity/Runtime/Export/Debug/Debug.bindings.cs Line: 123)

[Episode] TIMEOUT
UnityEngine.Debug:ExtractStackTraceNoAlloc (byte*,int,string)
UnityEngine.StackTraceUtility:ExtractStackTrace () (at C:/build/output/unity/unity/Runtime/Export/Scripting/StackTrace.cs:35)
UnityEngine.DebugLogHandler:Internal_Log (UnityEngine.LogType,UnityEngine.LogOption,string,UnityEngine.Object)
UnityEngine.DebugLogHandler:LogFormat (UnityEngine.LogType,UnityEngine.Object,string,object[]) (at C:/build/output/unity/unity/Runtime/Export/Logging/DebugLogHandler.cs:9)
UnityEngine.Logger:Log (UnityEngine.LogType,object) (at C:/build/output/unity/unity/Runtime/Export/Logging/Logger.cs:60)
UnityEngine.Debug:Log (object) (at C:/build/output/unity/unity/Runtime/Export/Debug/Debug.bindings.cs:123)
CoopEpisodeManager:FixedUpdate () (at C:/Users/Chris/Desktop/OxenLight_ML_V2/OxenLight_ML/Assets/map_01/Scripts/CoopEpisodeManager.cs:125)

(Filename: C:/build/output/unity/unity/Runtime/Export/Debug/Debug.bindings.cs Line: 123)

episode finished | steps=15000 | reason=timeout | agentSlot=0 | episodeReward=0
UnityEngine.Debug:ExtractStackTraceNoAlloc (byte*,int,string)
UnityEngine.StackTraceUtility:ExtractStackTrace () (at C:/build/output/unity/unity/Runtime/Export/Scripting/StackTrace.cs:35)
UnityEngine.DebugLogHandler:Internal_Log (UnityEngine.LogType,UnityEngine.LogOption,string,UnityEngine.Object)
UnityEngine.DebugLogHandler:LogFormat (UnityEngine.LogType,UnityEngine.Object,string,object[]) (at C:/build/output/unity/unity/Runtime/Export/Logging/DebugLogHandler.cs:9)
UnityEngine.Logger:Log (UnityEngine.LogType,object) (at C:/build/output/unity/unity/Runtime/Export/Logging/Logger.cs:60)
UnityEngine.Debug:Log (object) (at C:/build/output/unity/unity/Runtime/Export/Debug/Debug.bindings.cs:123)
CoopEpisodeManager:EndAndReset (bool,string) (at C:/Users/Chris/Desktop/OxenLight_ML_V2/OxenLight_ML/Assets/map_01/Scripts/CoopEpisodeManager.cs:217)
CoopEpisodeManager:FixedUpdate () (at C:/Users/Chris/Desktop/OxenLight_ML_V2/OxenLight_ML/Assets/map_01/Scripts/CoopEpisodeManager.cs:126)

(Filename: C:/build/output/unity/unity/Runtime/Export/Debug/Debug.bindings.cs Line: 123)

episode finished | steps=15000 | reason=timeout | agentSlot=1 | episodeReward=0
UnityEngine.Debug:ExtractStackTraceNoAlloc (byte*,int,string)
UnityEngine.StackTraceUtility:ExtractStackTrace () (at C:/build/output/unity/unity/Runtime/Export/Scripting/StackTrace.cs:35)
UnityEngine.DebugLogHandler:Internal_Log (UnityEngine.LogType,UnityEngine.LogOption,string,UnityEngine.Object)
UnityEngine.DebugLogHandler:LogFormat (UnityEngine.LogType,UnityEngine.Object,string,object[]) (at C:/build/output/unity/unity/Runtime/Export/Logging/DebugLogHandler.cs:9)
UnityEngine.Logger:Log (UnityEngine.LogType,object) (at C:/build/output/unity/unity/Runtime/Export/Logging/Logger.cs:60)
UnityEngine.Debug:Log (object) (at C:/build/output/unity/unity/Runtime/Export/Debug/Debug.bindings.cs:123)
CoopEpisodeManager:EndAndReset (bool,string) (at C:/Users/Chris/Desktop/OxenLight_ML_V2/OxenLight_ML/Assets/map_01/Scripts/CoopEpisodeManager.cs:217)
CoopEpisodeManager:FixedUpdate () (at C:/Users/Chris/Desktop/OxenLight_ML_V2/OxenLight_ML/Assets/map_01/Scripts/CoopEpisodeManager.cs:126)

(Filename: C:/build/output/unity/unity/Runtime/Export/Debug/Debug.bindings.cs Line: 123)

episode finished | steps=15000 | reason=timeout | agentSlot=2 | episodeReward=0
UnityEngine.Debug:ExtractStackTraceNoAlloc (byte*,int,string)
UnityEngine.StackTraceUtility:ExtractStackTrace () (at C:/build/output/unity/unity/Runtime/Export/Scripting/StackTrace.cs:35)
UnityEngine.DebugLogHandler:Internal_Log (UnityEngine.LogType,UnityEngine.LogOption,string,UnityEngine.Object)
UnityEngine.DebugLogHandler:LogFormat (UnityEngine.LogType,UnityEngine.Object,string,object[]) (at C:/build/output/unity/unity/Runtime/Export/Logging/DebugLogHandler.cs:9)
UnityEngine.Logger:Log (UnityEngine.LogType,object) (at C:/build/output/unity/unity/Runtime/Export/Logging/Logger.cs:60)
UnityEngine.Debug:Log (object) (at C:/build/output/unity/unity/Runtime/Export/Debug/Debug.bindings.cs:123)
CoopEpisodeManager:EndAndReset (bool,string) (at C:/Users/Chris/Desktop/OxenLight_ML_V2/OxenLight_ML/Assets/map_01/Scripts/CoopEpisodeManager.cs:217)
CoopEpisodeManager:FixedUpdate () (at C:/Users/Chris/Desktop/OxenLight_ML_V2/OxenLight_ML/Assets/map_01/Scripts/CoopEpisodeManager.cs:126)

(Filename: C:/build/output/unity/unity/Runtime/Export/Debug/Debug.bindings.cs Line: 123)

episode finished | steps=15000 | reason=timeout | agentSlot=3 | episodeReward=0
UnityEngine.Debug:ExtractStackTraceNoAlloc (byte*,int,string)
UnityEngine.StackTraceUtility:ExtractStackTrace () (at C:/build/output/unity/unity/Runtime/Export/Scripting/StackTrace.cs:35)
UnityEngine.DebugLogHandler:Internal_Log (UnityEngine.LogType,UnityEngine.LogOption,string,UnityEngine.Object)
UnityEngine.DebugLogHandler:LogFormat (UnityEngine.LogType,UnityEngine.Object,string,object[]) (at C:/build/output/unity/unity/Runtime/Export/Logging/DebugLogHandler.cs:9)
UnityEngine.Logger:Log (UnityEngine.LogType,object) (at C:/build/output/unity/unity/Runtime/Export/Logging/Logger.cs:60)
UnityEngine.Debug:Log (object) (at C:/build/output/unity/unity/Runtime/Export/Debug/Debug.bindings.cs:123)
CoopEpisodeManager:EndAndReset (bool,string) (at C:/Users/Chris/Desktop/OxenLight_ML_V2/OxenLight_ML/Assets/map_01/Scripts/CoopEpisodeManager.cs:217)
CoopEpisodeManager:FixedUpdate () (at C:/Users/Chris/Desktop/OxenLight_ML_V2/OxenLight_ML/Assets/map_01/Scripts/CoopEpisodeManager.cs:126)

(Filename: C:/build/output/unity/unity/Runtime/Export/Debug/Debug.bindings.cs Line: 123)

episode finished | steps=15000 | reason=timeout | teamAvgEpisodeReward=0
UnityEngine.Debug:ExtractStackTraceNoAlloc (byte*,int,string)
UnityEngine.StackTraceUtility:ExtractStackTrace () (at C:/build/output/unity/unity/Runtime/Export/Scripting/StackTrace.cs:35)
UnityEngine.DebugLogHandler:Internal_Log (UnityEngine.LogType,UnityEngine.LogOption,string,UnityEngine.Object)
UnityEngine.DebugLogHandler:LogFormat (UnityEngine.LogType,UnityEngine.Object,string,object[]) (at C:/build/output/unity/unity/Runtime/Export/Logging/DebugLogHandler.cs:9)
UnityEngine.Logger:Log (UnityEngine.LogType,object) (at C:/build/output/unity/unity/Runtime/Export/Logging/Logger.cs:60)
UnityEngine.Debug:Log (object) (at C:/build/output/unity/unity/Runtime/Export/Debug/Debug.bindings.cs:123)
CoopEpisodeManager:EndAndReset (bool,string) (at C:/Users/Chris/Desktop/OxenLight_ML_V2/OxenLight_ML/Assets/map_01/Scripts/CoopEpisodeManager.cs:220)
CoopEpisodeManager:FixedUpdate () (at C:/Users/Chris/Desktop/OxenLight_ML_V2/OxenLight_ML/Assets/map_01/Scripts/CoopEpisodeManager.cs:126)

(Filename: C:/build/output/unity/unity/Runtime/Export/Debug/Debug.bindings.cs Line: 123)

[Episode] World reset
UnityEngine.Debug:ExtractStackTraceNoAlloc (byte*,int,string)
UnityEngine.StackTraceUtility:ExtractStackTrace () (at C:/build/output/unity/unity/Runtime/Export/Scripting/StackTrace.cs:35)
UnityEngine.DebugLogHandler:Internal_Log (UnityEngine.LogType,UnityEngine.LogOption,string,UnityEngine.Object)
UnityEngine.DebugLogHandler:LogFormat (UnityEngine.LogType,UnityEngine.Object,string,object[]) (at C:/build/output/unity/unity/Runtime/Export/Logging/DebugLogHandler.cs:9)
UnityEngine.Logger:Log (UnityEngine.LogType,object) (at C:/build/output/unity/unity/Runtime/Export/Logging/Logger.cs:60)
UnityEngine.Debug:Log (object) (at C:/build/output/unity/unity/Runtime/Export/Debug/Debug.bindings.cs:123)
CoopEpisodeManager:ResetWorld () (at C:/Users/Chris/Desktop/OxenLight_ML_V2/OxenLight_ML/Assets/map_01/Scripts/CoopEpisodeManager.cs:289)
CoopEpisodeManager:EndAndReset (bool,string) (at C:/Users/Chris/Desktop/OxenLight_ML_V2/OxenLight_ML/Assets/map_01/Scripts/CoopEpisodeManager.cs:228)
CoopEpisodeManager:FixedUpdate () (at C:/Users/Chris/Desktop/OxenLight_ML_V2/OxenLight_ML/Assets/map_01/Scripts/CoopEpisodeManager.cs:126)

(Filename: C:/build/output/unity/unity/Runtime/Export/Debug/Debug.bindings.cs Line: 123)

[Episode] TIMEOUT
UnityEngine.Debug:ExtractStackTraceNoAlloc (byte*,int,string)
UnityEngine.StackTraceUtility:ExtractStackTrace () (at C:/build/output/unity/unity/Runtime/Export/Scripting/StackTrace.cs:35)
UnityEngine.DebugLogHandler:Internal_Log (UnityEngine.LogType,UnityEngine.LogOption,string,UnityEngine.Object)
UnityEngine.DebugLogHandler:LogFormat (UnityEngine.LogType,UnityEngine.Object,string,object[]) (at C:/build/output/unity/unity/Runtime/Export/Logging/DebugLogHandler.cs:9)
UnityEngine.Logger:Log (UnityEngine.LogType,object) (at C:/build/output/unity/unity/Runtime/Export/Logging/Logger.cs:60)
UnityEngine.Debug:Log (object) (at C:/build/output/unity/unity/Runtime/Export/Debug/Debug.bindings.cs:123)
CoopEpisodeManager:FixedUpdate () (at C:/Users/Chris/Desktop/OxenLight_ML_V2/OxenLight_ML/Assets/map_01/Scripts/CoopEpisodeManager.cs:125)

(Filename: C:/build/output/unity/unity/Runtime/Export/Debug/Debug.bindings.cs Line: 123)

episode finished | steps=15000 | reason=timeout | agentSlot=0 | episodeReward=0
UnityEngine.Debug:ExtractStackTraceNoAlloc (byte*,int,string)
UnityEngine.StackTraceUtility:ExtractStackTrace () (at C:/build/output/unity/unity/Runtime/Export/Scripting/StackTrace.cs:35)
UnityEngine.DebugLogHandler:Internal_Log (UnityEngine.LogType,UnityEngine.LogOption,string,UnityEngine.Object)
UnityEngine.DebugLogHandler:LogFormat (UnityEngine.LogType,UnityEngine.Object,string,object[]) (at C:/build/output/unity/unity/Runtime/Export/Logging/DebugLogHandler.cs:9)
UnityEngine.Logger:Log (UnityEngine.LogType,object) (at C:/build/output/unity/unity/Runtime/Export/Logging/Logger.cs:60)
UnityEngine.Debug:Log (object) (at C:/build/output/unity/unity/Runtime/Export/Debug/Debug.bindings.cs:123)
CoopEpisodeManager:EndAndReset (bool,string) (at C:/Users/Chris/Desktop/OxenLight_ML_V2/OxenLight_ML/Assets/map_01/Scripts/CoopEpisodeManager.cs:217)
CoopEpisodeManager:FixedUpdate () (at C:/Users/Chris/Desktop/OxenLight_ML_V2/OxenLight_ML/Assets/map_01/Scripts/CoopEpisodeManager.cs:126)

(Filename: C:/build/output/unity/unity/Runtime/Export/Debug/Debug.bindings.cs Line: 123)

episode finished | steps=15000 | reason=timeout | agentSlot=1 | episodeReward=0
UnityEngine.Debug:ExtractStackTraceNoAlloc (byte*,int,string)
UnityEngine.StackTraceUtility:ExtractStackTrace () (at C:/build/output/unity/unity/Runtime/Export/Scripting/StackTrace.cs:35)
UnityEngine.DebugLogHandler:Internal_Log (UnityEngine.LogType,UnityEngine.LogOption,string,UnityEngine.Object)
UnityEngine.DebugLogHandler:LogFormat (UnityEngine.LogType,UnityEngine.Object,string,object[]) (at C:/build/output/unity/unity/Runtime/Export/Logging/DebugLogHandler.cs:9)
UnityEngine.Logger:Log (UnityEngine.LogType,object) (at C:/build/output/unity/unity/Runtime/Export/Logging/Logger.cs:60)
UnityEngine.Debug:Log (object) (at C:/build/output/unity/unity/Runtime/Export/Debug/Debug.bindings.cs:123)
CoopEpisodeManager:EndAndReset (bool,string) (at C:/Users/Chris/Desktop/OxenLight_ML_V2/OxenLight_ML/Assets/map_01/Scripts/CoopEpisodeManager.cs:217)
CoopEpisodeManager:FixedUpdate () (at C:/Users/Chris/Desktop/OxenLight_ML_V2/OxenLight_ML/Assets/map_01/Scripts/CoopEpisodeManager.cs:126)

(Filename: C:/build/output/unity/unity/Runtime/Export/Debug/Debug.bindings.cs Line: 123)

episode finished | steps=15000 | reason=timeout | agentSlot=2 | episodeReward=0
UnityEngine.Debug:ExtractStackTraceNoAlloc (byte*,int,string)
UnityEngine.StackTraceUtility:ExtractStackTrace () (at C:/build/output/unity/unity/Runtime/Export/Scripting/StackTrace.cs:35)
UnityEngine.DebugLogHandler:Internal_Log (UnityEngine.LogType,UnityEngine.LogOption,string,UnityEngine.Object)
UnityEngine.DebugLogHandler:LogFormat (UnityEngine.LogType,UnityEngine.Object,string,object[]) (at C:/build/output/unity/unity/Runtime/Export/Logging/DebugLogHandler.cs:9)
UnityEngine.Logger:Log (UnityEngine.LogType,object) (at C:/build/output/unity/unity/Runtime/Export/Logging/Logger.cs:60)
UnityEngine.Debug:Log (object) (at C:/build/output/unity/unity/Runtime/Export/Debug/Debug.bindings.cs:123)
CoopEpisodeManager:EndAndReset (bool,string) (at C:/Users/Chris/Desktop/OxenLight_ML_V2/OxenLight_ML/Assets/map_01/Scripts/CoopEpisodeManager.cs:217)
CoopEpisodeManager:FixedUpdate () (at C:/Users/Chris/Desktop/OxenLight_ML_V2/OxenLight_ML/Assets/map_01/Scripts/CoopEpisodeManager.cs:126)

(Filename: C:/build/output/unity/unity/Runtime/Export/Debug/Debug.bindings.cs Line: 123)

episode finished | steps=15000 | reason=timeout | agentSlot=3 | episodeReward=0
UnityEngine.Debug:ExtractStackTraceNoAlloc (byte*,int,string)
UnityEngine.StackTraceUtility:ExtractStackTrace () (at C:/build/output/unity/unity/Runtime/Export/Scripting/StackTrace.cs:35)
UnityEngine.DebugLogHandler:Internal_Log (UnityEngine.LogType,UnityEngine.LogOption,string,UnityEngine.Object)
UnityEngine.DebugLogHandler:LogFormat (UnityEngine.LogType,UnityEngine.Object,string,object[]) (at C:/build/output/unity/unity/Runtime/Export/Logging/DebugLogHandler.cs:9)
UnityEngine.Logger:Log (UnityEngine.LogType,object) (at C:/build/output/unity/unity/Runtime/Export/Logging/Logger.cs:60)
UnityEngine.Debug:Log (object) (at C:/build/output/unity/unity/Runtime/Export/Debug/Debug.bindings.cs:123)
CoopEpisodeManager:EndAndReset (bool,string) (at C:/Users/Chris/Desktop/OxenLight_ML_V2/OxenLight_ML/Assets/map_01/Scripts/CoopEpisodeManager.cs:217)
CoopEpisodeManager:FixedUpdate () (at C:/Users/Chris/Desktop/OxenLight_ML_V2/OxenLight_ML/Assets/map_01/Scripts/CoopEpisodeManager.cs:126)

(Filename: C:/build/output/unity/unity/Runtime/Export/Debug/Debug.bindings.cs Line: 123)

episode finished | steps=15000 | reason=timeout | teamAvgEpisodeReward=0
UnityEngine.Debug:ExtractStackTraceNoAlloc (byte*,int,string)
UnityEngine.StackTraceUtility:ExtractStackTrace () (at C:/build/output/unity/unity/Runtime/Export/Scripting/StackTrace.cs:35)
UnityEngine.DebugLogHandler:Internal_Log (UnityEngine.LogType,UnityEngine.LogOption,string,UnityEngine.Object)
UnityEngine.DebugLogHandler:LogFormat (UnityEngine.LogType,UnityEngine.Object,string,object[]) (at C:/build/output/unity/unity/Runtime/Export/Logging/DebugLogHandler.cs:9)
UnityEngine.Logger:Log (UnityEngine.LogType,object) (at C:/build/output/unity/unity/Runtime/Export/Logging/Logger.cs:60)
UnityEngine.Debug:Log (object) (at C:/build/output/unity/unity/Runtime/Export/Debug/Debug.bindings.cs:123)
CoopEpisodeManager:EndAndReset (bool,string) (at C:/Users/Chris/Desktop/OxenLight_ML_V2/OxenLight_ML/Assets/map_01/Scripts/CoopEpisodeManager.cs:220)
CoopEpisodeManager:FixedUpdate () (at C:/Users/Chris/Desktop/OxenLight_ML_V2/OxenLight_ML/Assets/map_01/Scripts/CoopEpisodeManager.cs:126)

(Filename: C:/build/output/unity/unity/Runtime/Export/Debug/Debug.bindings.cs Line: 123)

[Episode] World reset
UnityEngine.Debug:ExtractStackTraceNoAlloc (byte*,int,string)
UnityEngine.StackTraceUtility:ExtractStackTrace () (at C:/build/output/unity/unity/Runtime/Export/Scripting/StackTrace.cs:35)
UnityEngine.DebugLogHandler:Internal_Log (UnityEngine.LogType,UnityEngine.LogOption,string,UnityEngine.Object)
UnityEngine.DebugLogHandler:LogFormat (UnityEngine.LogType,UnityEngine.Object,string,object[]) (at C:/build/output/unity/unity/Runtime/Export/Logging/DebugLogHandler.cs:9)
UnityEngine.Logger:Log (UnityEngine.LogType,object) (at C:/build/output/unity/unity/Runtime/Export/Logging/Logger.cs:60)
UnityEngine.Debug:Log (object) (at C:/build/output/unity/unity/Runtime/Export/Debug/Debug.bindings.cs:123)
CoopEpisodeManager:ResetWorld () (at C:/Users/Chris/Desktop/OxenLight_ML_V2/OxenLight_ML/Assets/map_01/Scripts/CoopEpisodeManager.cs:289)
CoopEpisodeManager:EndAndReset (bool,string) (at C:/Users/Chris/Desktop/OxenLight_ML_V2/OxenLight_ML/Assets/map_01/Scripts/CoopEpisodeManager.cs:228)
CoopEpisodeManager:FixedUpdate () (at C:/Users/Chris/Desktop/OxenLight_ML_V2/OxenLight_ML/Assets/map_01/Scripts/CoopEpisodeManager.cs:126)

(Filename: C:/build/output/unity/unity/Runtime/Export/Debug/Debug.bindings.cs Line: 123)

[Episode] TIMEOUT
UnityEngine.Debug:ExtractStackTraceNoAlloc (byte*,int,string)
UnityEngine.StackTraceUtility:ExtractStackTrace () (at C:/build/output/unity/unity/Runtime/Export/Scripting/StackTrace.cs:35)
UnityEngine.DebugLogHandler:Internal_Log (UnityEngine.LogType,UnityEngine.LogOption,string,UnityEngine.Object)
UnityEngine.DebugLogHandler:LogFormat (UnityEngine.LogType,UnityEngine.Object,string,object[]) (at C:/build/output/unity/unity/Runtime/Export/Logging/DebugLogHandler.cs:9)
UnityEngine.Logger:Log (UnityEngine.LogType,object) (at C:/build/output/unity/unity/Runtime/Export/Logging/Logger.cs:60)
UnityEngine.Debug:Log (object) (at C:/build/output/unity/unity/Runtime/Export/Debug/Debug.bindings.cs:123)
CoopEpisodeManager:FixedUpdate () (at C:/Users/Chris/Desktop/OxenLight_ML_V2/OxenLight_ML/Assets/map_01/Scripts/CoopEpisodeManager.cs:125)

(Filename: C:/build/output/unity/unity/Runtime/Export/Debug/Debug.bindings.cs Line: 123)

episode finished | steps=15000 | reason=timeout | agentSlot=0 | episodeReward=0
UnityEngine.Debug:ExtractStackTraceNoAlloc (byte*,int,string)
UnityEngine.StackTraceUtility:ExtractStackTrace () (at C:/build/output/unity/unity/Runtime/Export/Scripting/StackTrace.cs:35)
UnityEngine.DebugLogHandler:Internal_Log (UnityEngine.LogType,UnityEngine.LogOption,string,UnityEngine.Object)
UnityEngine.DebugLogHandler:LogFormat (UnityEngine.LogType,UnityEngine.Object,string,object[]) (at C:/build/output/unity/unity/Runtime/Export/Logging/DebugLogHandler.cs:9)
UnityEngine.Logger:Log (UnityEngine.LogType,object) (at C:/build/output/unity/unity/Runtime/Export/Logging/Logger.cs:60)
UnityEngine.Debug:Log (object) (at C:/build/output/unity/unity/Runtime/Export/Debug/Debug.bindings.cs:123)
CoopEpisodeManager:EndAndReset (bool,string) (at C:/Users/Chris/Desktop/OxenLight_ML_V2/OxenLight_ML/Assets/map_01/Scripts/CoopEpisodeManager.cs:217)
CoopEpisodeManager:FixedUpdate () (at C:/Users/Chris/Desktop/OxenLight_ML_V2/OxenLight_ML/Assets/map_01/Scripts/CoopEpisodeManager.cs:126)

(Filename: C:/build/output/unity/unity/Runtime/Export/Debug/Debug.bindings.cs Line: 123)

episode finished | steps=15000 | reason=timeout | agentSlot=1 | episodeReward=0
UnityEngine.Debug:ExtractStackTraceNoAlloc (byte*,int,string)
UnityEngine.StackTraceUtility:ExtractStackTrace () (at C:/build/output/unity/unity/Runtime/Export/Scripting/StackTrace.cs:35)
UnityEngine.DebugLogHandler:Internal_Log (UnityEngine.LogType,UnityEngine.LogOption,string,UnityEngine.Object)
UnityEngine.DebugLogHandler:LogFormat (UnityEngine.LogType,UnityEngine.Object,string,object[]) (at C:/build/output/unity/unity/Runtime/Export/Logging/DebugLogHandler.cs:9)
UnityEngine.Logger:Log (UnityEngine.LogType,object) (at C:/build/output/unity/unity/Runtime/Export/Logging/Logger.cs:60)
UnityEngine.Debug:Log (object) (at C:/build/output/unity/unity/Runtime/Export/Debug/Debug.bindings.cs:123)
CoopEpisodeManager:EndAndReset (bool,string) (at C:/Users/Chris/Desktop/OxenLight_ML_V2/OxenLight_ML/Assets/map_01/Scripts/CoopEpisodeManager.cs:217)
CoopEpisodeManager:FixedUpdate () (at C:/Users/Chris/Desktop/OxenLight_ML_V2/OxenLight_ML/Assets/map_01/Scripts/CoopEpisodeManager.cs:126)

(Filename: C:/build/output/unity/unity/Runtime/Export/Debug/Debug.bindings.cs Line: 123)

episode finished | steps=15000 | reason=timeout | agentSlot=2 | episodeReward=0
UnityEngine.Debug:ExtractStackTraceNoAlloc (byte*,int,string)
UnityEngine.StackTraceUtility:ExtractStackTrace () (at C:/build/output/unity/unity/Runtime/Export/Scripting/StackTrace.cs:35)
UnityEngine.DebugLogHandler:Internal_Log (UnityEngine.LogType,UnityEngine.LogOption,string,UnityEngine.Object)
UnityEngine.DebugLogHandler:LogFormat (UnityEngine.LogType,UnityEngine.Object,string,object[]) (at C:/build/output/unity/unity/Runtime/Export/Logging/DebugLogHandler.cs:9)
UnityEngine.Logger:Log (UnityEngine.LogType,object) (at C:/build/output/unity/unity/Runtime/Export/Logging/Logger.cs:60)
UnityEngine.Debug:Log (object) (at C:/build/output/unity/unity/Runtime/Export/Debug/Debug.bindings.cs:123)
CoopEpisodeManager:EndAndReset (bool,string) (at C:/Users/Chris/Desktop/OxenLight_ML_V2/OxenLight_ML/Assets/map_01/Scripts/CoopEpisodeManager.cs:217)
CoopEpisodeManager:FixedUpdate () (at C:/Users/Chris/Desktop/OxenLight_ML_V2/OxenLight_ML/Assets/map_01/Scripts/CoopEpisodeManager.cs:126)

(Filename: C:/build/output/unity/unity/Runtime/Export/Debug/Debug.bindings.cs Line: 123)

episode finished | steps=15000 | reason=timeout | agentSlot=3 | episodeReward=0
UnityEngine.Debug:ExtractStackTraceNoAlloc (byte*,int,string)
UnityEngine.StackTraceUtility:ExtractStackTrace () (at C:/build/output/unity/unity/Runtime/Export/Scripting/StackTrace.cs:35)
UnityEngine.DebugLogHandler:Internal_Log (UnityEngine.LogType,UnityEngine.LogOption,string,UnityEngine.Object)
UnityEngine.DebugLogHandler:LogFormat (UnityEngine.LogType,UnityEngine.Object,string,object[]) (at C:/build/output/unity/unity/Runtime/Export/Logging/DebugLogHandler.cs:9)
UnityEngine.Logger:Log (UnityEngine.LogType,object) (at C:/build/output/unity/unity/Runtime/Export/Logging/Logger.cs:60)
UnityEngine.Debug:Log (object) (at C:/build/output/unity/unity/Runtime/Export/Debug/Debug.bindings.cs:123)
CoopEpisodeManager:EndAndReset (bool,string) (at C:/Users/Chris/Desktop/OxenLight_ML_V2/OxenLight_ML/Assets/map_01/Scripts/CoopEpisodeManager.cs:217)
CoopEpisodeManager:FixedUpdate () (at C:/Users/Chris/Desktop/OxenLight_ML_V2/OxenLight_ML/Assets/map_01/Scripts/CoopEpisodeManager.cs:126)

(Filename: C:/build/output/unity/unity/Runtime/Export/Debug/Debug.bindings.cs Line: 123)

episode finished | steps=15000 | reason=timeout | teamAvgEpisodeReward=0
UnityEngine.Debug:ExtractStackTraceNoAlloc (byte*,int,string)
UnityEngine.StackTraceUtility:ExtractStackTrace () (at C:/build/output/unity/unity/Runtime/Export/Scripting/StackTrace.cs:35)
UnityEngine.DebugLogHandler:Internal_Log (UnityEngine.LogType,UnityEngine.LogOption,string,UnityEngine.Object)
UnityEngine.DebugLogHandler:LogFormat (UnityEngine.LogType,UnityEngine.Object,string,object[]) (at C:/build/output/unity/unity/Runtime/Export/Logging/DebugLogHandler.cs:9)
UnityEngine.Logger:Log (UnityEngine.LogType,object) (at C:/build/output/unity/unity/Runtime/Export/Logging/Logger.cs:60)
UnityEngine.Debug:Log (object) (at C:/build/output/unity/unity/Runtime/Export/Debug/Debug.bindings.cs:123)
CoopEpisodeManager:EndAndReset (bool,string) (at C:/Users/Chris/Desktop/OxenLight_ML_V2/OxenLight_ML/Assets/map_01/Scripts/CoopEpisodeManager.cs:220)
CoopEpisodeManager:FixedUpdate () (at C:/Users/Chris/Desktop/OxenLight_ML_V2/OxenLight_ML/Assets/map_01/Scripts/CoopEpisodeManager.cs:126)

(Filename: C:/build/output/unity/unity/Runtime/Export/Debug/Debug.bindings.cs Line: 123)

[Episode] World reset
UnityEngine.Debug:ExtractStackTraceNoAlloc (byte*,int,string)
UnityEngine.StackTraceUtility:ExtractStackTrace () (at C:/build/output/unity/unity/Runtime/Export/Scripting/StackTrace.cs:35)
UnityEngine.DebugLogHandler:Internal_Log (UnityEngine.LogType,UnityEngine.LogOption,string,UnityEngine.Object)
UnityEngine.DebugLogHandler:LogFormat (UnityEngine.LogType,UnityEngine.Object,string,object[]) (at C:/build/output/unity/unity/Runtime/Export/Logging/DebugLogHandler.cs:9)
UnityEngine.Logger:Log (UnityEngine.LogType,object) (at C:/build/output/unity/unity/Runtime/Export/Logging/Logger.cs:60)
UnityEngine.Debug:Log (object) (at C:/build/output/unity/unity/Runtime/Export/Debug/Debug.bindings.cs:123)
CoopEpisodeManager:ResetWorld () (at C:/Users/Chris/Desktop/OxenLight_ML_V2/OxenLight_ML/Assets/map_01/Scripts/CoopEpisodeManager.cs:289)
CoopEpisodeManager:EndAndReset (bool,string) (at C:/Users/Chris/Desktop/OxenLight_ML_V2/OxenLight_ML/Assets/map_01/Scripts/CoopEpisodeManager.cs:228)
CoopEpisodeManager:FixedUpdate () (at C:/Users/Chris/Desktop/OxenLight_ML_V2/OxenLight_ML/Assets/map_01/Scripts/CoopEpisodeManager.cs:126)

(Filename: C:/build/output/unity/unity/Runtime/Export/Debug/Debug.bindings.cs Line: 123)

[Episode] TIMEOUT
UnityEngine.Debug:ExtractStackTraceNoAlloc (byte*,int,string)
UnityEngine.StackTraceUtility:ExtractStackTrace () (at C:/build/output/unity/unity/Runtime/Export/Scripting/StackTrace.cs:35)
UnityEngine.DebugLogHandler:Internal_Log (UnityEngine.LogType,UnityEngine.LogOption,string,UnityEngine.Object)
UnityEngine.DebugLogHandler:LogFormat (UnityEngine.LogType,UnityEngine.Object,string,object[]) (at C:/build/output/unity/unity/Runtime/Export/Logging/DebugLogHandler.cs:9)
UnityEngine.Logger:Log (UnityEngine.LogType,object) (at C:/build/output/unity/unity/Runtime/Export/Logging/Logger.cs:60)
UnityEngine.Debug:Log (object) (at C:/build/output/unity/unity/Runtime/Export/Debug/Debug.bindings.cs:123)
CoopEpisodeManager:FixedUpdate () (at C:/Users/Chris/Desktop/OxenLight_ML_V2/OxenLight_ML/Assets/map_01/Scripts/CoopEpisodeManager.cs:125)

(Filename: C:/build/output/unity/unity/Runtime/Export/Debug/Debug.bindings.cs Line: 123)

episode finished | steps=15000 | reason=timeout | agentSlot=0 | episodeReward=0
UnityEngine.Debug:ExtractStackTraceNoAlloc (byte*,int,string)
UnityEngine.StackTraceUtility:ExtractStackTrace () (at C:/build/output/unity/unity/Runtime/Export/Scripting/StackTrace.cs:35)
UnityEngine.DebugLogHandler:Internal_Log (UnityEngine.LogType,UnityEngine.LogOption,string,UnityEngine.Object)
UnityEngine.DebugLogHandler:LogFormat (UnityEngine.LogType,UnityEngine.Object,string,object[]) (at C:/build/output/unity/unity/Runtime/Export/Logging/DebugLogHandler.cs:9)
UnityEngine.Logger:Log (UnityEngine.LogType,object) (at C:/build/output/unity/unity/Runtime/Export/Logging/Logger.cs:60)
UnityEngine.Debug:Log (object) (at C:/build/output/unity/unity/Runtime/Export/Debug/Debug.bindings.cs:123)
CoopEpisodeManager:EndAndReset (bool,string) (at C:/Users/Chris/Desktop/OxenLight_ML_V2/OxenLight_ML/Assets/map_01/Scripts/CoopEpisodeManager.cs:217)
CoopEpisodeManager:FixedUpdate () (at C:/Users/Chris/Desktop/OxenLight_ML_V2/OxenLight_ML/Assets/map_01/Scripts/CoopEpisodeManager.cs:126)

(Filename: C:/build/output/unity/unity/Runtime/Export/Debug/Debug.bindings.cs Line: 123)

episode finished | steps=15000 | reason=timeout | agentSlot=1 | episodeReward=0
UnityEngine.Debug:ExtractStackTraceNoAlloc (byte*,int,string)
UnityEngine.StackTraceUtility:ExtractStackTrace () (at C:/build/output/unity/unity/Runtime/Export/Scripting/StackTrace.cs:35)
UnityEngine.DebugLogHandler:Internal_Log (UnityEngine.LogType,UnityEngine.LogOption,string,UnityEngine.Object)
UnityEngine.DebugLogHandler:LogFormat (UnityEngine.LogType,UnityEngine.Object,string,object[]) (at C:/build/output/unity/unity/Runtime/Export/Logging/DebugLogHandler.cs:9)
UnityEngine.Logger:Log (UnityEngine.LogType,object) (at C:/build/output/unity/unity/Runtime/Export/Logging/Logger.cs:60)
UnityEngine.Debug:Log (object) (at C:/build/output/unity/unity/Runtime/Export/Debug/Debug.bindings.cs:123)
CoopEpisodeManager:EndAndReset (bool,string) (at C:/Users/Chris/Desktop/OxenLight_ML_V2/OxenLight_ML/Assets/map_01/Scripts/CoopEpisodeManager.cs:217)
CoopEpisodeManager:FixedUpdate () (at C:/Users/Chris/Desktop/OxenLight_ML_V2/OxenLight_ML/Assets/map_01/Scripts/CoopEpisodeManager.cs:126)

(Filename: C:/build/output/unity/unity/Runtime/Export/Debug/Debug.bindings.cs Line: 123)

episode finished | steps=15000 | reason=timeout | agentSlot=2 | episodeReward=0
UnityEngine.Debug:ExtractStackTraceNoAlloc (byte*,int,string)
UnityEngine.StackTraceUtility:ExtractStackTrace () (at C:/build/output/unity/unity/Runtime/Export/Scripting/StackTrace.cs:35)
UnityEngine.DebugLogHandler:Internal_Log (UnityEngine.LogType,UnityEngine.LogOption,string,UnityEngine.Object)
UnityEngine.DebugLogHandler:LogFormat (UnityEngine.LogType,UnityEngine.Object,string,object[]) (at C:/build/output/unity/unity/Runtime/Export/Logging/DebugLogHandler.cs:9)
UnityEngine.Logger:Log (UnityEngine.LogType,object) (at C:/build/output/unity/unity/Runtime/Export/Logging/Logger.cs:60)
UnityEngine.Debug:Log (object) (at C:/build/output/unity/unity/Runtime/Export/Debug/Debug.bindings.cs:123)
CoopEpisodeManager:EndAndReset (bool,string) (at C:/Users/Chris/Desktop/OxenLight_ML_V2/OxenLight_ML/Assets/map_01/Scripts/CoopEpisodeManager.cs:217)
CoopEpisodeManager:FixedUpdate () (at C:/Users/Chris/Desktop/OxenLight_ML_V2/OxenLight_ML/Assets/map_01/Scripts/CoopEpisodeManager.cs:126)

(Filename: C:/build/output/unity/unity/Runtime/Export/Debug/Debug.bindings.cs Line: 123)

episode finished | steps=15000 | reason=timeout | agentSlot=3 | episodeReward=0
UnityEngine.Debug:ExtractStackTraceNoAlloc (byte*,int,string)
UnityEngine.StackTraceUtility:ExtractStackTrace () (at C:/build/output/unity/unity/Runtime/Export/Scripting/StackTrace.cs:35)
UnityEngine.DebugLogHandler:Internal_Log (UnityEngine.LogType,UnityEngine.LogOption,string,UnityEngine.Object)
UnityEngine.DebugLogHandler:LogFormat (UnityEngine.LogType,UnityEngine.Object,string,object[]) (at C:/build/output/unity/unity/Runtime/Export/Logging/DebugLogHandler.cs:9)
UnityEngine.Logger:Log (UnityEngine.LogType,object) (at C:/build/output/unity/unity/Runtime/Export/Logging/Logger.cs:60)
UnityEngine.Debug:Log (object) (at C:/build/output/unity/unity/Runtime/Export/Debug/Debug.bindings.cs:123)
CoopEpisodeManager:EndAndReset (bool,string) (at C:/Users/Chris/Desktop/OxenLight_ML_V2/OxenLight_ML/Assets/map_01/Scripts/CoopEpisodeManager.cs:217)
CoopEpisodeManager:FixedUpdate () (at C:/Users/Chris/Desktop/OxenLight_ML_V2/OxenLight_ML/Assets/map_01/Scripts/CoopEpisodeManager.cs:126)

(Filename: C:/build/output/unity/unity/Runtime/Export/Debug/Debug.bindings.cs Line: 123)

episode finished | steps=15000 | reason=timeout | teamAvgEpisodeReward=0
UnityEngine.Debug:ExtractStackTraceNoAlloc (byte*,int,string)
UnityEngine.StackTraceUtility:ExtractStackTrace () (at C:/build/output/unity/unity/Runtime/Export/Scripting/StackTrace.cs:35)
UnityEngine.DebugLogHandler:Internal_Log (UnityEngine.LogType,UnityEngine.LogOption,string,UnityEngine.Object)
UnityEngine.DebugLogHandler:LogFormat (UnityEngine.LogType,UnityEngine.Object,string,object[]) (at C:/build/output/unity/unity/Runtime/Export/Logging/DebugLogHandler.cs:9)
UnityEngine.Logger:Log (UnityEngine.LogType,object) (at C:/build/output/unity/unity/Runtime/Export/Logging/Logger.cs:60)
UnityEngine.Debug:Log (object) (at C:/build/output/unity/unity/Runtime/Export/Debug/Debug.bindings.cs:123)
CoopEpisodeManager:EndAndReset (bool,string) (at C:/Users/Chris/Desktop/OxenLight_ML_V2/OxenLight_ML/Assets/map_01/Scripts/CoopEpisodeManager.cs:220)
CoopEpisodeManager:FixedUpdate () (at C:/Users/Chris/Desktop/OxenLight_ML_V2/OxenLight_ML/Assets/map_01/Scripts/CoopEpisodeManager.cs:126)

(Filename: C:/build/output/unity/unity/Runtime/Export/Debug/Debug.bindings.cs Line: 123)

[Episode] World reset
UnityEngine.Debug:ExtractStackTraceNoAlloc (byte*,int,string)
UnityEngine.StackTraceUtility:ExtractStackTrace () (at C:/build/output/unity/unity/Runtime/Export/Scripting/StackTrace.cs:35)
UnityEngine.DebugLogHandler:Internal_Log (UnityEngine.LogType,UnityEngine.LogOption,string,UnityEngine.Object)
UnityEngine.DebugLogHandler:LogFormat (UnityEngine.LogType,UnityEngine.Object,string,object[]) (at C:/build/output/unity/unity/Runtime/Export/Logging/DebugLogHandler.cs:9)
UnityEngine.Logger:Log (UnityEngine.LogType,object) (at C:/build/output/unity/unity/Runtime/Export/Logging/Logger.cs:60)
UnityEngine.Debug:Log (object) (at C:/build/output/unity/unity/Runtime/Export/Debug/Debug.bindings.cs:123)
CoopEpisodeManager:ResetWorld () (at C:/Users/Chris/Desktop/OxenLight_ML_V2/OxenLight_ML/Assets/map_01/Scripts/CoopEpisodeManager.cs:289)
CoopEpisodeManager:EndAndReset (bool,string) (at C:/Users/Chris/Desktop/OxenLight_ML_V2/OxenLight_ML/Assets/map_01/Scripts/CoopEpisodeManager.cs:228)
CoopEpisodeManager:FixedUpdate () (at C:/Users/Chris/Desktop/OxenLight_ML_V2/OxenLight_ML/Assets/map_01/Scripts/CoopEpisodeManager.cs:126)

(Filename: C:/build/output/unity/unity/Runtime/Export/Debug/Debug.bindings.cs Line: 123)

[Episode] TIMEOUT
UnityEngine.Debug:ExtractStackTraceNoAlloc (byte*,int,string)
UnityEngine.StackTraceUtility:ExtractStackTrace () (at C:/build/output/unity/unity/Runtime/Export/Scripting/StackTrace.cs:35)
UnityEngine.DebugLogHandler:Internal_Log (UnityEngine.LogType,UnityEngine.LogOption,string,UnityEngine.Object)
UnityEngine.DebugLogHandler:LogFormat (UnityEngine.LogType,UnityEngine.Object,string,object[]) (at C:/build/output/unity/unity/Runtime/Export/Logging/DebugLogHandler.cs:9)
UnityEngine.Logger:Log (UnityEngine.LogType,object) (at C:/build/output/unity/unity/Runtime/Export/Logging/Logger.cs:60)
UnityEngine.Debug:Log (object) (at C:/build/output/unity/unity/Runtime/Export/Debug/Debug.bindings.cs:123)
CoopEpisodeManager:FixedUpdate () (at C:/Users/Chris/Desktop/OxenLight_ML_V2/OxenLight_ML/Assets/map_01/Scripts/CoopEpisodeManager.cs:125)

(Filename: C:/build/output/unity/unity/Runtime/Export/Debug/Debug.bindings.cs Line: 123)

episode finished | steps=15000 | reason=timeout | agentSlot=0 | episodeReward=0
UnityEngine.Debug:ExtractStackTraceNoAlloc (byte*,int,string)
UnityEngine.StackTraceUtility:ExtractStackTrace () (at C:/build/output/unity/unity/Runtime/Export/Scripting/StackTrace.cs:35)
UnityEngine.DebugLogHandler:Internal_Log (UnityEngine.LogType,UnityEngine.LogOption,string,UnityEngine.Object)
UnityEngine.DebugLogHandler:LogFormat (UnityEngine.LogType,UnityEngine.Object,string,object[]) (at C:/build/output/unity/unity/Runtime/Export/Logging/DebugLogHandler.cs:9)
UnityEngine.Logger:Log (UnityEngine.LogType,object) (at C:/build/output/unity/unity/Runtime/Export/Logging/Logger.cs:60)
UnityEngine.Debug:Log (object) (at C:/build/output/unity/unity/Runtime/Export/Debug/Debug.bindings.cs:123)
CoopEpisodeManager:EndAndReset (bool,string) (at C:/Users/Chris/Desktop/OxenLight_ML_V2/OxenLight_ML/Assets/map_01/Scripts/CoopEpisodeManager.cs:217)
CoopEpisodeManager:FixedUpdate () (at C:/Users/Chris/Desktop/OxenLight_ML_V2/OxenLight_ML/Assets/map_01/Scripts/CoopEpisodeManager.cs:126)

(Filename: C:/build/output/unity/unity/Runtime/Export/Debug/Debug.bindings.cs Line: 123)

episode finished | steps=15000 | reason=timeout | agentSlot=1 | episodeReward=0
UnityEngine.Debug:ExtractStackTraceNoAlloc (byte*,int,string)
UnityEngine.StackTraceUtility:ExtractStackTrace () (at C:/build/output/unity/unity/Runtime/Export/Scripting/StackTrace.cs:35)
UnityEngine.DebugLogHandler:Internal_Log (UnityEngine.LogType,UnityEngine.LogOption,string,UnityEngine.Object)
UnityEngine.DebugLogHandler:LogFormat (UnityEngine.LogType,UnityEngine.Object,string,object[]) (at C:/build/output/unity/unity/Runtime/Export/Logging/DebugLogHandler.cs:9)
UnityEngine.Logger:Log (UnityEngine.LogType,object) (at C:/build/output/unity/unity/Runtime/Export/Logging/Logger.cs:60)
UnityEngine.Debug:Log (object) (at C:/build/output/unity/unity/Runtime/Export/Debug/Debug.bindings.cs:123)
CoopEpisodeManager:EndAndReset (bool,string) (at C:/Users/Chris/Desktop/OxenLight_ML_V2/OxenLight_ML/Assets/map_01/Scripts/CoopEpisodeManager.cs:217)
CoopEpisodeManager:FixedUpdate () (at C:/Users/Chris/Desktop/OxenLight_ML_V2/OxenLight_ML/Assets/map_01/Scripts/CoopEpisodeManager.cs:126)

(Filename: C:/build/output/unity/unity/Runtime/Export/Debug/Debug.bindings.cs Line: 123)

episode finished | steps=15000 | reason=timeout | agentSlot=2 | episodeReward=0
UnityEngine.Debug:ExtractStackTraceNoAlloc (byte*,int,string)
UnityEngine.StackTraceUtility:ExtractStackTrace () (at C:/build/output/unity/unity/Runtime/Export/Scripting/StackTrace.cs:35)
UnityEngine.DebugLogHandler:Internal_Log (UnityEngine.LogType,UnityEngine.LogOption,string,UnityEngine.Object)
UnityEngine.DebugLogHandler:LogFormat (UnityEngine.LogType,UnityEngine.Object,string,object[]) (at C:/build/output/unity/unity/Runtime/Export/Logging/DebugLogHandler.cs:9)
UnityEngine.Logger:Log (UnityEngine.LogType,object) (at C:/build/output/unity/unity/Runtime/Export/Logging/Logger.cs:60)
UnityEngine.Debug:Log (object) (at C:/build/output/unity/unity/Runtime/Export/Debug/Debug.bindings.cs:123)
CoopEpisodeManager:EndAndReset (bool,string) (at C:/Users/Chris/Desktop/OxenLight_ML_V2/OxenLight_ML/Assets/map_01/Scripts/CoopEpisodeManager.cs:217)
CoopEpisodeManager:FixedUpdate () (at C:/Users/Chris/Desktop/OxenLight_ML_V2/OxenLight_ML/Assets/map_01/Scripts/CoopEpisodeManager.cs:126)

(Filename: C:/build/output/unity/unity/Runtime/Export/Debug/Debug.bindings.cs Line: 123)

episode finished | steps=15000 | reason=timeout | agentSlot=3 | episodeReward=0
UnityEngine.Debug:ExtractStackTraceNoAlloc (byte*,int,string)
UnityEngine.StackTraceUtility:ExtractStackTrace () (at C:/build/output/unity/unity/Runtime/Export/Scripting/StackTrace.cs:35)
UnityEngine.DebugLogHandler:Internal_Log (UnityEngine.LogType,UnityEngine.LogOption,string,UnityEngine.Object)
UnityEngine.DebugLogHandler:LogFormat (UnityEngine.LogType,UnityEngine.Object,string,object[]) (at C:/build/output/unity/unity/Runtime/Export/Logging/DebugLogHandler.cs:9)
UnityEngine.Logger:Log (UnityEngine.LogType,object) (at C:/build/output/unity/unity/Runtime/Export/Logging/Logger.cs:60)
UnityEngine.Debug:Log (object) (at C:/build/output/unity/unity/Runtime/Export/Debug/Debug.bindings.cs:123)
CoopEpisodeManager:EndAndReset (bool,string) (at C:/Users/Chris/Desktop/OxenLight_ML_V2/OxenLight_ML/Assets/map_01/Scripts/CoopEpisodeManager.cs:217)
CoopEpisodeManager:FixedUpdate () (at C:/Users/Chris/Desktop/OxenLight_ML_V2/OxenLight_ML/Assets/map_01/Scripts/CoopEpisodeManager.cs:126)

(Filename: C:/build/output/unity/unity/Runtime/Export/Debug/Debug.bindings.cs Line: 123)

episode finished | steps=15000 | reason=timeout | teamAvgEpisodeReward=0
UnityEngine.Debug:ExtractStackTraceNoAlloc (byte*,int,string)
UnityEngine.StackTraceUtility:ExtractStackTrace () (at C:/build/output/unity/unity/Runtime/Export/Scripting/StackTrace.cs:35)
UnityEngine.DebugLogHandler:Internal_Log (UnityEngine.LogType,UnityEngine.LogOption,string,UnityEngine.Object)
UnityEngine.DebugLogHandler:LogFormat (UnityEngine.LogType,UnityEngine.Object,string,object[]) (at C:/build/output/unity/unity/Runtime/Export/Logging/DebugLogHandler.cs:9)
UnityEngine.Logger:Log (UnityEngine.LogType,object) (at C:/build/output/unity/unity/Runtime/Export/Logging/Logger.cs:60)
UnityEngine.Debug:Log (object) (at C:/build/output/unity/unity/Runtime/Export/Debug/Debug.bindings.cs:123)
CoopEpisodeManager:EndAndReset (bool,string) (at C:/Users/Chris/Desktop/OxenLight_ML_V2/OxenLight_ML/Assets/map_01/Scripts/CoopEpisodeManager.cs:220)
CoopEpisodeManager:FixedUpdate () (at C:/Users/Chris/Desktop/OxenLight_ML_V2/OxenLight_ML/Assets/map_01/Scripts/CoopEpisodeManager.cs:126)

(Filename: C:/build/output/unity/unity/Runtime/Export/Debug/Debug.bindings.cs Line: 123)

[Episode] World reset
UnityEngine.Debug:ExtractStackTraceNoAlloc (byte*,int,string)
UnityEngine.StackTraceUtility:ExtractStackTrace () (at C:/build/output/unity/unity/Runtime/Export/Scripting/StackTrace.cs:35)
UnityEngine.DebugLogHandler:Internal_Log (UnityEngine.LogType,UnityEngine.LogOption,string,UnityEngine.Object)
UnityEngine.DebugLogHandler:LogFormat (UnityEngine.LogType,UnityEngine.Object,string,object[]) (at C:/build/output/unity/unity/Runtime/Export/Logging/DebugLogHandler.cs:9)
UnityEngine.Logger:Log (UnityEngine.LogType,object) (at C:/build/output/unity/unity/Runtime/Export/Logging/Logger.cs:60)
UnityEngine.Debug:Log (object) (at C:/build/output/unity/unity/Runtime/Export/Debug/Debug.bindings.cs:123)
CoopEpisodeManager:ResetWorld () (at C:/Users/Chris/Desktop/OxenLight_ML_V2/OxenLight_ML/Assets/map_01/Scripts/CoopEpisodeManager.cs:289)
CoopEpisodeManager:EndAndReset (bool,string) (at C:/Users/Chris/Desktop/OxenLight_ML_V2/OxenLight_ML/Assets/map_01/Scripts/CoopEpisodeManager.cs:228)
CoopEpisodeManager:FixedUpdate () (at C:/Users/Chris/Desktop/OxenLight_ML_V2/OxenLight_ML/Assets/map_01/Scripts/CoopEpisodeManager.cs:126)

(Filename: C:/build/output/unity/unity/Runtime/Export/Debug/Debug.bindings.cs Line: 123)

[Episode] TIMEOUT
UnityEngine.Debug:ExtractStackTraceNoAlloc (byte*,int,string)
UnityEngine.StackTraceUtility:ExtractStackTrace () (at C:/build/output/unity/unity/Runtime/Export/Scripting/StackTrace.cs:35)
UnityEngine.DebugLogHandler:Internal_Log (UnityEngine.LogType,UnityEngine.LogOption,string,UnityEngine.Object)
UnityEngine.DebugLogHandler:LogFormat (UnityEngine.LogType,UnityEngine.Object,string,object[]) (at C:/build/output/unity/unity/Runtime/Export/Logging/DebugLogHandler.cs:9)
UnityEngine.Logger:Log (UnityEngine.LogType,object) (at C:/build/output/unity/unity/Runtime/Export/Logging/Logger.cs:60)
UnityEngine.Debug:Log (object) (at C:/build/output/unity/unity/Runtime/Export/Debug/Debug.bindings.cs:123)
CoopEpisodeManager:FixedUpdate () (at C:/Users/Chris/Desktop/OxenLight_ML_V2/OxenLight_ML/Assets/map_01/Scripts/CoopEpisodeManager.cs:125)

(Filename: C:/build/output/unity/unity/Runtime/Export/Debug/Debug.bindings.cs Line: 123)

episode finished | steps=15000 | reason=timeout | agentSlot=0 | episodeReward=0
UnityEngine.Debug:ExtractStackTraceNoAlloc (byte*,int,string)
UnityEngine.StackTraceUtility:ExtractStackTrace () (at C:/build/output/unity/unity/Runtime/Export/Scripting/StackTrace.cs:35)
UnityEngine.DebugLogHandler:Internal_Log (UnityEngine.LogType,UnityEngine.LogOption,string,UnityEngine.Object)
UnityEngine.DebugLogHandler:LogFormat (UnityEngine.LogType,UnityEngine.Object,string,object[]) (at C:/build/output/unity/unity/Runtime/Export/Logging/DebugLogHandler.cs:9)
UnityEngine.Logger:Log (UnityEngine.LogType,object) (at C:/build/output/unity/unity/Runtime/Export/Logging/Logger.cs:60)
UnityEngine.Debug:Log (object) (at C:/build/output/unity/unity/Runtime/Export/Debug/Debug.bindings.cs:123)
CoopEpisodeManager:EndAndReset (bool,string) (at C:/Users/Chris/Desktop/OxenLight_ML_V2/OxenLight_ML/Assets/map_01/Scripts/CoopEpisodeManager.cs:217)
CoopEpisodeManager:FixedUpdate () (at C:/Users/Chris/Desktop/OxenLight_ML_V2/OxenLight_ML/Assets/map_01/Scripts/CoopEpisodeManager.cs:126)

(Filename: C:/build/output/unity/unity/Runtime/Export/Debug/Debug.bindings.cs Line: 123)

episode finished | steps=15000 | reason=timeout | agentSlot=1 | episodeReward=0
UnityEngine.Debug:ExtractStackTraceNoAlloc (byte*,int,string)
UnityEngine.StackTraceUtility:ExtractStackTrace () (at C:/build/output/unity/unity/Runtime/Export/Scripting/StackTrace.cs:35)
UnityEngine.DebugLogHandler:Internal_Log (UnityEngine.LogType,UnityEngine.LogOption,string,UnityEngine.Object)
UnityEngine.DebugLogHandler:LogFormat (UnityEngine.LogType,UnityEngine.Object,string,object[]) (at C:/build/output/unity/unity/Runtime/Export/Logging/DebugLogHandler.cs:9)
UnityEngine.Logger:Log (UnityEngine.LogType,object) (at C:/build/output/unity/unity/Runtime/Export/Logging/Logger.cs:60)
UnityEngine.Debug:Log (object) (at C:/build/output/unity/unity/Runtime/Export/Debug/Debug.bindings.cs:123)
CoopEpisodeManager:EndAndReset (bool,string) (at C:/Users/Chris/Desktop/OxenLight_ML_V2/OxenLight_ML/Assets/map_01/Scripts/CoopEpisodeManager.cs:217)
CoopEpisodeManager:FixedUpdate () (at C:/Users/Chris/Desktop/OxenLight_ML_V2/OxenLight_ML/Assets/map_01/Scripts/CoopEpisodeManager.cs:126)

(Filename: C:/build/output/unity/unity/Runtime/Export/Debug/Debug.bindings.cs Line: 123)

episode finished | steps=15000 | reason=timeout | agentSlot=2 | episodeReward=0
UnityEngine.Debug:ExtractStackTraceNoAlloc (byte*,int,string)
UnityEngine.StackTraceUtility:ExtractStackTrace () (at C:/build/output/unity/unity/Runtime/Export/Scripting/StackTrace.cs:35)
UnityEngine.DebugLogHandler:Internal_Log (UnityEngine.LogType,UnityEngine.LogOption,string,UnityEngine.Object)
UnityEngine.DebugLogHandler:LogFormat (UnityEngine.LogType,UnityEngine.Object,string,object[]) (at C:/build/output/unity/unity/Runtime/Export/Logging/DebugLogHandler.cs:9)
UnityEngine.Logger:Log (UnityEngine.LogType,object) (at C:/build/output/unity/unity/Runtime/Export/Logging/Logger.cs:60)
UnityEngine.Debug:Log (object) (at C:/build/output/unity/unity/Runtime/Export/Debug/Debug.bindings.cs:123)
CoopEpisodeManager:EndAndReset (bool,string) (at C:/Users/Chris/Desktop/OxenLight_ML_V2/OxenLight_ML/Assets/map_01/Scripts/CoopEpisodeManager.cs:217)
CoopEpisodeManager:FixedUpdate () (at C:/Users/Chris/Desktop/OxenLight_ML_V2/OxenLight_ML/Assets/map_01/Scripts/CoopEpisodeManager.cs:126)

(Filename: C:/build/output/unity/unity/Runtime/Export/Debug/Debug.bindings.cs Line: 123)

episode finished | steps=15000 | reason=timeout | agentSlot=3 | episodeReward=0
UnityEngine.Debug:ExtractStackTraceNoAlloc (byte*,int,string)
UnityEngine.StackTraceUtility:ExtractStackTrace () (at C:/build/output/unity/unity/Runtime/Export/Scripting/StackTrace.cs:35)
UnityEngine.DebugLogHandler:Internal_Log (UnityEngine.LogType,UnityEngine.LogOption,string,UnityEngine.Object)
UnityEngine.DebugLogHandler:LogFormat (UnityEngine.LogType,UnityEngine.Object,string,object[]) (at C:/build/output/unity/unity/Runtime/Export/Logging/DebugLogHandler.cs:9)
UnityEngine.Logger:Log (UnityEngine.LogType,object) (at C:/build/output/unity/unity/Runtime/Export/Logging/Logger.cs:60)
UnityEngine.Debug:Log (object) (at C:/build/output/unity/unity/Runtime/Export/Debug/Debug.bindings.cs:123)
CoopEpisodeManager:EndAndReset (bool,string) (at C:/Users/Chris/Desktop/OxenLight_ML_V2/OxenLight_ML/Assets/map_01/Scripts/CoopEpisodeManager.cs:217)
CoopEpisodeManager:FixedUpdate () (at C:/Users/Chris/Desktop/OxenLight_ML_V2/OxenLight_ML/Assets/map_01/Scripts/CoopEpisodeManager.cs:126)

(Filename: C:/build/output/unity/unity/Runtime/Export/Debug/Debug.bindings.cs Line: 123)

episode finished | steps=15000 | reason=timeout | teamAvgEpisodeReward=0
UnityEngine.Debug:ExtractStackTraceNoAlloc (byte*,int,string)
UnityEngine.StackTraceUtility:ExtractStackTrace () (at C:/build/output/unity/unity/Runtime/Export/Scripting/StackTrace.cs:35)
UnityEngine.DebugLogHandler:Internal_Log (UnityEngine.LogType,UnityEngine.LogOption,string,UnityEngine.Object)
UnityEngine.DebugLogHandler:LogFormat (UnityEngine.LogType,UnityEngine.Object,string,object[]) (at C:/build/output/unity/unity/Runtime/Export/Logging/DebugLogHandler.cs:9)
UnityEngine.Logger:Log (UnityEngine.LogType,object) (at C:/build/output/unity/unity/Runtime/Export/Logging/Logger.cs:60)
UnityEngine.Debug:Log (object) (at C:/build/output/unity/unity/Runtime/Export/Debug/Debug.bindings.cs:123)
CoopEpisodeManager:EndAndReset (bool,string) (at C:/Users/Chris/Desktop/OxenLight_ML_V2/OxenLight_ML/Assets/map_01/Scripts/CoopEpisodeManager.cs:220)
CoopEpisodeManager:FixedUpdate () (at C:/Users/Chris/Desktop/OxenLight_ML_V2/OxenLight_ML/Assets/map_01/Scripts/CoopEpisodeManager.cs:126)

(Filename: C:/build/output/unity/unity/Runtime/Export/Debug/Debug.bindings.cs Line: 123)

[Episode] World reset
UnityEngine.Debug:ExtractStackTraceNoAlloc (byte*,int,string)
UnityEngine.StackTraceUtility:ExtractStackTrace () (at C:/build/output/unity/unity/Runtime/Export/Scripting/StackTrace.cs:35)
UnityEngine.DebugLogHandler:Internal_Log (UnityEngine.LogType,UnityEngine.LogOption,string,UnityEngine.Object)
UnityEngine.DebugLogHandler:LogFormat (UnityEngine.LogType,UnityEngine.Object,string,object[]) (at C:/build/output/unity/unity/Runtime/Export/Logging/DebugLogHandler.cs:9)
UnityEngine.Logger:Log (UnityEngine.LogType,object) (at C:/build/output/unity/unity/Runtime/Export/Logging/Logger.cs:60)
UnityEngine.Debug:Log (object) (at C:/build/output/unity/unity/Runtime/Export/Debug/Debug.bindings.cs:123)
CoopEpisodeManager:ResetWorld () (at C:/Users/Chris/Desktop/OxenLight_ML_V2/OxenLight_ML/Assets/map_01/Scripts/CoopEpisodeManager.cs:289)
CoopEpisodeManager:EndAndReset (bool,string) (at C:/Users/Chris/Desktop/OxenLight_ML_V2/OxenLight_ML/Assets/map_01/Scripts/CoopEpisodeManager.cs:228)
CoopEpisodeManager:FixedUpdate () (at C:/Users/Chris/Desktop/OxenLight_ML_V2/OxenLight_ML/Assets/map_01/Scripts/CoopEpisodeManager.cs:126)

(Filename: C:/build/output/unity/unity/Runtime/Export/Debug/Debug.bindings.cs Line: 123)

[Episode] TIMEOUT
UnityEngine.Debug:ExtractStackTraceNoAlloc (byte*,int,string)
UnityEngine.StackTraceUtility:ExtractStackTrace () (at C:/build/output/unity/unity/Runtime/Export/Scripting/StackTrace.cs:35)
UnityEngine.DebugLogHandler:Internal_Log (UnityEngine.LogType,UnityEngine.LogOption,string,UnityEngine.Object)
UnityEngine.DebugLogHandler:LogFormat (UnityEngine.LogType,UnityEngine.Object,string,object[]) (at C:/build/output/unity/unity/Runtime/Export/Logging/DebugLogHandler.cs:9)
UnityEngine.Logger:Log (UnityEngine.LogType,object) (at C:/build/output/unity/unity/Runtime/Export/Logging/Logger.cs:60)
UnityEngine.Debug:Log (object) (at C:/build/output/unity/unity/Runtime/Export/Debug/Debug.bindings.cs:123)
CoopEpisodeManager:FixedUpdate () (at C:/Users/Chris/Desktop/OxenLight_ML_V2/OxenLight_ML/Assets/map_01/Scripts/CoopEpisodeManager.cs:125)

(Filename: C:/build/output/unity/unity/Runtime/Export/Debug/Debug.bindings.cs Line: 123)

episode finished | steps=15000 | reason=timeout | agentSlot=0 | episodeReward=0
UnityEngine.Debug:ExtractStackTraceNoAlloc (byte*,int,string)
UnityEngine.StackTraceUtility:ExtractStackTrace () (at C:/build/output/unity/unity/Runtime/Export/Scripting/StackTrace.cs:35)
UnityEngine.DebugLogHandler:Internal_Log (UnityEngine.LogType,UnityEngine.LogOption,string,UnityEngine.Object)
UnityEngine.DebugLogHandler:LogFormat (UnityEngine.LogType,UnityEngine.Object,string,object[]) (at C:/build/output/unity/unity/Runtime/Export/Logging/DebugLogHandler.cs:9)
UnityEngine.Logger:Log (UnityEngine.LogType,object) (at C:/build/output/unity/unity/Runtime/Export/Logging/Logger.cs:60)
UnityEngine.Debug:Log (object) (at C:/build/output/unity/unity/Runtime/Export/Debug/Debug.bindings.cs:123)
CoopEpisodeManager:EndAndReset (bool,string) (at C:/Users/Chris/Desktop/OxenLight_ML_V2/OxenLight_ML/Assets/map_01/Scripts/CoopEpisodeManager.cs:217)
CoopEpisodeManager:FixedUpdate () (at C:/Users/Chris/Desktop/OxenLight_ML_V2/OxenLight_ML/Assets/map_01/Scripts/CoopEpisodeManager.cs:126)

(Filename: C:/build/output/unity/unity/Runtime/Export/Debug/Debug.bindings.cs Line: 123)

episode finished | steps=15000 | reason=timeout | agentSlot=1 | episodeReward=0
UnityEngine.Debug:ExtractStackTraceNoAlloc (byte*,int,string)
UnityEngine.StackTraceUtility:ExtractStackTrace () (at C:/build/output/unity/unity/Runtime/Export/Scripting/StackTrace.cs:35)
UnityEngine.DebugLogHandler:Internal_Log (UnityEngine.LogType,UnityEngine.LogOption,string,UnityEngine.Object)
UnityEngine.DebugLogHandler:LogFormat (UnityEngine.LogType,UnityEngine.Object,string,object[]) (at C:/build/output/unity/unity/Runtime/Export/Logging/DebugLogHandler.cs:9)
UnityEngine.Logger:Log (UnityEngine.LogType,object) (at C:/build/output/unity/unity/Runtime/Export/Logging/Logger.cs:60)
UnityEngine.Debug:Log (object) (at C:/build/output/unity/unity/Runtime/Export/Debug/Debug.bindings.cs:123)
CoopEpisodeManager:EndAndReset (bool,string) (at C:/Users/Chris/Desktop/OxenLight_ML_V2/OxenLight_ML/Assets/map_01/Scripts/CoopEpisodeManager.cs:217)
CoopEpisodeManager:FixedUpdate () (at C:/Users/Chris/Desktop/OxenLight_ML_V2/OxenLight_ML/Assets/map_01/Scripts/CoopEpisodeManager.cs:126)

(Filename: C:/build/output/unity/unity/Runtime/Export/Debug/Debug.bindings.cs Line: 123)

episode finished | steps=15000 | reason=timeout | agentSlot=2 | episodeReward=0
UnityEngine.Debug:ExtractStackTraceNoAlloc (byte*,int,string)
UnityEngine.StackTraceUtility:ExtractStackTrace () (at C:/build/output/unity/unity/Runtime/Export/Scripting/StackTrace.cs:35)
UnityEngine.DebugLogHandler:Internal_Log (UnityEngine.LogType,UnityEngine.LogOption,string,UnityEngine.Object)
UnityEngine.DebugLogHandler:LogFormat (UnityEngine.LogType,UnityEngine.Object,string,object[]) (at C:/build/output/unity/unity/Runtime/Export/Logging/DebugLogHandler.cs:9)
UnityEngine.Logger:Log (UnityEngine.LogType,object) (at C:/build/output/unity/unity/Runtime/Export/Logging/Logger.cs:60)
UnityEngine.Debug:Log (object) (at C:/build/output/unity/unity/Runtime/Export/Debug/Debug.bindings.cs:123)
CoopEpisodeManager:EndAndReset (bool,string) (at C:/Users/Chris/Desktop/OxenLight_ML_V2/OxenLight_ML/Assets/map_01/Scripts/CoopEpisodeManager.cs:217)
CoopEpisodeManager:FixedUpdate () (at C:/Users/Chris/Desktop/OxenLight_ML_V2/OxenLight_ML/Assets/map_01/Scripts/CoopEpisodeManager.cs:126)

(Filename: C:/build/output/unity/unity/Runtime/Export/Debug/Debug.bindings.cs Line: 123)

episode finished | steps=15000 | reason=timeout | agentSlot=3 | episodeReward=0
UnityEngine.Debug:ExtractStackTraceNoAlloc (byte*,int,string)
UnityEngine.StackTraceUtility:ExtractStackTrace () (at C:/build/output/unity/unity/Runtime/Export/Scripting/StackTrace.cs:35)
UnityEngine.DebugLogHandler:Internal_Log (UnityEngine.LogType,UnityEngine.LogOption,string,UnityEngine.Object)
UnityEngine.DebugLogHandler:LogFormat (UnityEngine.LogType,UnityEngine.Object,string,object[]) (at C:/build/output/unity/unity/Runtime/Export/Logging/DebugLogHandler.cs:9)
UnityEngine.Logger:Log (UnityEngine.LogType,object) (at C:/build/output/unity/unity/Runtime/Export/Logging/Logger.cs:60)
UnityEngine.Debug:Log (object) (at C:/build/output/unity/unity/Runtime/Export/Debug/Debug.bindings.cs:123)
CoopEpisodeManager:EndAndReset (bool,string) (at C:/Users/Chris/Desktop/OxenLight_ML_V2/OxenLight_ML/Assets/map_01/Scripts/CoopEpisodeManager.cs:217)
CoopEpisodeManager:FixedUpdate () (at C:/Users/Chris/Desktop/OxenLight_ML_V2/OxenLight_ML/Assets/map_01/Scripts/CoopEpisodeManager.cs:126)

(Filename: C:/build/output/unity/unity/Runtime/Export/Debug/Debug.bindings.cs Line: 123)

episode finished | steps=15000 | reason=timeout | teamAvgEpisodeReward=0
UnityEngine.Debug:ExtractStackTraceNoAlloc (byte*,int,string)
UnityEngine.StackTraceUtility:ExtractStackTrace () (at C:/build/output/unity/unity/Runtime/Export/Scripting/StackTrace.cs:35)
UnityEngine.DebugLogHandler:Internal_Log (UnityEngine.LogType,UnityEngine.LogOption,string,UnityEngine.Object)
UnityEngine.DebugLogHandler:LogFormat (UnityEngine.LogType,UnityEngine.Object,string,object[]) (at C:/build/output/unity/unity/Runtime/Export/Logging/DebugLogHandler.cs:9)
UnityEngine.Logger:Log (UnityEngine.LogType,object) (at C:/build/output/unity/unity/Runtime/Export/Logging/Logger.cs:60)
UnityEngine.Debug:Log (object) (at C:/build/output/unity/unity/Runtime/Export/Debug/Debug.bindings.cs:123)
CoopEpisodeManager:EndAndReset (bool,string) (at C:/Users/Chris/Desktop/OxenLight_ML_V2/OxenLight_ML/Assets/map_01/Scripts/CoopEpisodeManager.cs:220)
CoopEpisodeManager:FixedUpdate () (at C:/Users/Chris/Desktop/OxenLight_ML_V2/OxenLight_ML/Assets/map_01/Scripts/CoopEpisodeManager.cs:126)

(Filename: C:/build/output/unity/unity/Runtime/Export/Debug/Debug.bindings.cs Line: 123)

[Episode] World reset
UnityEngine.Debug:ExtractStackTraceNoAlloc (byte*,int,string)
UnityEngine.StackTraceUtility:ExtractStackTrace () (at C:/build/output/unity/unity/Runtime/Export/Scripting/StackTrace.cs:35)
UnityEngine.DebugLogHandler:Internal_Log (UnityEngine.LogType,UnityEngine.LogOption,string,UnityEngine.Object)
UnityEngine.DebugLogHandler:LogFormat (UnityEngine.LogType,UnityEngine.Object,string,object[]) (at C:/build/output/unity/unity/Runtime/Export/Logging/DebugLogHandler.cs:9)
UnityEngine.Logger:Log (UnityEngine.LogType,object) (at C:/build/output/unity/unity/Runtime/Export/Logging/Logger.cs:60)
UnityEngine.Debug:Log (object) (at C:/build/output/unity/unity/Runtime/Export/Debug/Debug.bindings.cs:123)
CoopEpisodeManager:ResetWorld () (at C:/Users/Chris/Desktop/OxenLight_ML_V2/OxenLight_ML/Assets/map_01/Scripts/CoopEpisodeManager.cs:289)
CoopEpisodeManager:EndAndReset (bool,string) (at C:/Users/Chris/Desktop/OxenLight_ML_V2/OxenLight_ML/Assets/map_01/Scripts/CoopEpisodeManager.cs:228)
CoopEpisodeManager:FixedUpdate () (at C:/Users/Chris/Desktop/OxenLight_ML_V2/OxenLight_ML/Assets/map_01/Scripts/CoopEpisodeManager.cs:126)

(Filename: C:/build/output/unity/unity/Runtime/Export/Debug/Debug.bindings.cs Line: 123)

[Episode] TIMEOUT
UnityEngine.Debug:ExtractStackTraceNoAlloc (byte*,int,string)
UnityEngine.StackTraceUtility:ExtractStackTrace () (at C:/build/output/unity/unity/Runtime/Export/Scripting/StackTrace.cs:35)
UnityEngine.DebugLogHandler:Internal_Log (UnityEngine.LogType,UnityEngine.LogOption,string,UnityEngine.Object)
UnityEngine.DebugLogHandler:LogFormat (UnityEngine.LogType,UnityEngine.Object,string,object[]) (at C:/build/output/unity/unity/Runtime/Export/Logging/DebugLogHandler.cs:9)
UnityEngine.Logger:Log (UnityEngine.LogType,object) (at C:/build/output/unity/unity/Runtime/Export/Logging/Logger.cs:60)
UnityEngine.Debug:Log (object) (at C:/build/output/unity/unity/Runtime/Export/Debug/Debug.bindings.cs:123)
CoopEpisodeManager:FixedUpdate () (at C:/Users/Chris/Desktop/OxenLight_ML_V2/OxenLight_ML/Assets/map_01/Scripts/CoopEpisodeManager.cs:125)

(Filename: C:/build/output/unity/unity/Runtime/Export/Debug/Debug.bindings.cs Line: 123)

episode finished | steps=15000 | reason=timeout | agentSlot=0 | episodeReward=0
UnityEngine.Debug:ExtractStackTraceNoAlloc (byte*,int,string)
UnityEngine.StackTraceUtility:ExtractStackTrace () (at C:/build/output/unity/unity/Runtime/Export/Scripting/StackTrace.cs:35)
UnityEngine.DebugLogHandler:Internal_Log (UnityEngine.LogType,UnityEngine.LogOption,string,UnityEngine.Object)
UnityEngine.DebugLogHandler:LogFormat (UnityEngine.LogType,UnityEngine.Object,string,object[]) (at C:/build/output/unity/unity/Runtime/Export/Logging/DebugLogHandler.cs:9)
UnityEngine.Logger:Log (UnityEngine.LogType,object) (at C:/build/output/unity/unity/Runtime/Export/Logging/Logger.cs:60)
UnityEngine.Debug:Log (object) (at C:/build/output/unity/unity/Runtime/Export/Debug/Debug.bindings.cs:123)
CoopEpisodeManager:EndAndReset (bool,string) (at C:/Users/Chris/Desktop/OxenLight_ML_V2/OxenLight_ML/Assets/map_01/Scripts/CoopEpisodeManager.cs:217)
CoopEpisodeManager:FixedUpdate () (at C:/Users/Chris/Desktop/OxenLight_ML_V2/OxenLight_ML/Assets/map_01/Scripts/CoopEpisodeManager.cs:126)

(Filename: C:/build/output/unity/unity/Runtime/Export/Debug/Debug.bindings.cs Line: 123)

episode finished | steps=15000 | reason=timeout | agentSlot=1 | episodeReward=0
UnityEngine.Debug:ExtractStackTraceNoAlloc (byte*,int,string)
UnityEngine.StackTraceUtility:ExtractStackTrace () (at C:/build/output/unity/unity/Runtime/Export/Scripting/StackTrace.cs:35)
UnityEngine.DebugLogHandler:Internal_Log (UnityEngine.LogType,UnityEngine.LogOption,string,UnityEngine.Object)
UnityEngine.DebugLogHandler:LogFormat (UnityEngine.LogType,UnityEngine.Object,string,object[]) (at C:/build/output/unity/unity/Runtime/Export/Logging/DebugLogHandler.cs:9)
UnityEngine.Logger:Log (UnityEngine.LogType,object) (at C:/build/output/unity/unity/Runtime/Export/Logging/Logger.cs:60)
UnityEngine.Debug:Log (object) (at C:/build/output/unity/unity/Runtime/Export/Debug/Debug.bindings.cs:123)
CoopEpisodeManager:EndAndReset (bool,string) (at C:/Users/Chris/Desktop/OxenLight_ML_V2/OxenLight_ML/Assets/map_01/Scripts/CoopEpisodeManager.cs:217)
CoopEpisodeManager:FixedUpdate () (at C:/Users/Chris/Desktop/OxenLight_ML_V2/OxenLight_ML/Assets/map_01/Scripts/CoopEpisodeManager.cs:126)

(Filename: C:/build/output/unity/unity/Runtime/Export/Debug/Debug.bindings.cs Line: 123)

episode finished | steps=15000 | reason=timeout | agentSlot=2 | episodeReward=0
UnityEngine.Debug:ExtractStackTraceNoAlloc (byte*,int,string)
UnityEngine.StackTraceUtility:ExtractStackTrace () (at C:/build/output/unity/unity/Runtime/Export/Scripting/StackTrace.cs:35)
UnityEngine.DebugLogHandler:Internal_Log (UnityEngine.LogType,UnityEngine.LogOption,string,UnityEngine.Object)
UnityEngine.DebugLogHandler:LogFormat (UnityEngine.LogType,UnityEngine.Object,string,object[]) (at C:/build/output/unity/unity/Runtime/Export/Logging/DebugLogHandler.cs:9)
UnityEngine.Logger:Log (UnityEngine.LogType,object) (at C:/build/output/unity/unity/Runtime/Export/Logging/Logger.cs:60)
UnityEngine.Debug:Log (object) (at C:/build/output/unity/unity/Runtime/Export/Debug/Debug.bindings.cs:123)
CoopEpisodeManager:EndAndReset (bool,string) (at C:/Users/Chris/Desktop/OxenLight_ML_V2/OxenLight_ML/Assets/map_01/Scripts/CoopEpisodeManager.cs:217)
CoopEpisodeManager:FixedUpdate () (at C:/Users/Chris/Desktop/OxenLight_ML_V2/OxenLight_ML/Assets/map_01/Scripts/CoopEpisodeManager.cs:126)

(Filename: C:/build/output/unity/unity/Runtime/Export/Debug/Debug.bindings.cs Line: 123)

episode finished | steps=15000 | reason=timeout | agentSlot=3 | episodeReward=0
UnityEngine.Debug:ExtractStackTraceNoAlloc (byte*,int,string)
UnityEngine.StackTraceUtility:ExtractStackTrace () (at C:/build/output/unity/unity/Runtime/Export/Scripting/StackTrace.cs:35)
UnityEngine.DebugLogHandler:Internal_Log (UnityEngine.LogType,UnityEngine.LogOption,string,UnityEngine.Object)
UnityEngine.DebugLogHandler:LogFormat (UnityEngine.LogType,UnityEngine.Object,string,object[]) (at C:/build/output/unity/unity/Runtime/Export/Logging/DebugLogHandler.cs:9)
UnityEngine.Logger:Log (UnityEngine.LogType,object) (at C:/build/output/unity/unity/Runtime/Export/Logging/Logger.cs:60)
UnityEngine.Debug:Log (object) (at C:/build/output/unity/unity/Runtime/Export/Debug/Debug.bindings.cs:123)
CoopEpisodeManager:EndAndReset (bool,string) (at C:/Users/Chris/Desktop/OxenLight_ML_V2/OxenLight_ML/Assets/map_01/Scripts/CoopEpisodeManager.cs:217)
CoopEpisodeManager:FixedUpdate () (at C:/Users/Chris/Desktop/OxenLight_ML_V2/OxenLight_ML/Assets/map_01/Scripts/CoopEpisodeManager.cs:126)

(Filename: C:/build/output/unity/unity/Runtime/Export/Debug/Debug.bindings.cs Line: 123)

episode finished | steps=15000 | reason=timeout | teamAvgEpisodeReward=0
UnityEngine.Debug:ExtractStackTraceNoAlloc (byte*,int,string)
UnityEngine.StackTraceUtility:ExtractStackTrace () (at C:/build/output/unity/unity/Runtime/Export/Scripting/StackTrace.cs:35)
UnityEngine.DebugLogHandler:Internal_Log (UnityEngine.LogType,UnityEngine.LogOption,string,UnityEngine.Object)
UnityEngine.DebugLogHandler:LogFormat (UnityEngine.LogType,UnityEngine.Object,string,object[]) (at C:/build/output/unity/unity/Runtime/Export/Logging/DebugLogHandler.cs:9)
UnityEngine.Logger:Log (UnityEngine.LogType,object) (at C:/build/output/unity/unity/Runtime/Export/Logging/Logger.cs:60)
UnityEngine.Debug:Log (object) (at C:/build/output/unity/unity/Runtime/Export/Debug/Debug.bindings.cs:123)
CoopEpisodeManager:EndAndReset (bool,string) (at C:/Users/Chris/Desktop/OxenLight_ML_V2/OxenLight_ML/Assets/map_01/Scripts/CoopEpisodeManager.cs:220)
CoopEpisodeManager:FixedUpdate () (at C:/Users/Chris/Desktop/OxenLight_ML_V2/OxenLight_ML/Assets/map_01/Scripts/CoopEpisodeManager.cs:126)

(Filename: C:/build/output/unity/unity/Runtime/Export/Debug/Debug.bindings.cs Line: 123)

[Episode] World reset
UnityEngine.Debug:ExtractStackTraceNoAlloc (byte*,int,string)
UnityEngine.StackTraceUtility:ExtractStackTrace () (at C:/build/output/unity/unity/Runtime/Export/Scripting/StackTrace.cs:35)
UnityEngine.DebugLogHandler:Internal_Log (UnityEngine.LogType,UnityEngine.LogOption,string,UnityEngine.Object)
UnityEngine.DebugLogHandler:LogFormat (UnityEngine.LogType,UnityEngine.Object,string,object[]) (at C:/build/output/unity/unity/Runtime/Export/Logging/DebugLogHandler.cs:9)
UnityEngine.Logger:Log (UnityEngine.LogType,object) (at C:/build/output/unity/unity/Runtime/Export/Logging/Logger.cs:60)
UnityEngine.Debug:Log (object) (at C:/build/output/unity/unity/Runtime/Export/Debug/Debug.bindings.cs:123)
CoopEpisodeManager:ResetWorld () (at C:/Users/Chris/Desktop/OxenLight_ML_V2/OxenLight_ML/Assets/map_01/Scripts/CoopEpisodeManager.cs:289)
CoopEpisodeManager:EndAndReset (bool,string) (at C:/Users/Chris/Desktop/OxenLight_ML_V2/OxenLight_ML/Assets/map_01/Scripts/CoopEpisodeManager.cs:228)
CoopEpisodeManager:FixedUpdate () (at C:/Users/Chris/Desktop/OxenLight_ML_V2/OxenLight_ML/Assets/map_01/Scripts/CoopEpisodeManager.cs:126)

(Filename: C:/build/output/unity/unity/Runtime/Export/Debug/Debug.bindings.cs Line: 123)

[Episode] TIMEOUT
UnityEngine.Debug:ExtractStackTraceNoAlloc (byte*,int,string)
UnityEngine.StackTraceUtility:ExtractStackTrace () (at C:/build/output/unity/unity/Runtime/Export/Scripting/StackTrace.cs:35)
UnityEngine.DebugLogHandler:Internal_Log (UnityEngine.LogType,UnityEngine.LogOption,string,UnityEngine.Object)
UnityEngine.DebugLogHandler:LogFormat (UnityEngine.LogType,UnityEngine.Object,string,object[]) (at C:/build/output/unity/unity/Runtime/Export/Logging/DebugLogHandler.cs:9)
UnityEngine.Logger:Log (UnityEngine.LogType,object) (at C:/build/output/unity/unity/Runtime/Export/Logging/Logger.cs:60)
UnityEngine.Debug:Log (object) (at C:/build/output/unity/unity/Runtime/Export/Debug/Debug.bindings.cs:123)
CoopEpisodeManager:FixedUpdate () (at C:/Users/Chris/Desktop/OxenLight_ML_V2/OxenLight_ML/Assets/map_01/Scripts/CoopEpisodeManager.cs:125)

(Filename: C:/build/output/unity/unity/Runtime/Export/Debug/Debug.bindings.cs Line: 123)

episode finished | steps=15000 | reason=timeout | agentSlot=0 | episodeReward=0
UnityEngine.Debug:ExtractStackTraceNoAlloc (byte*,int,string)
UnityEngine.StackTraceUtility:ExtractStackTrace () (at C:/build/output/unity/unity/Runtime/Export/Scripting/StackTrace.cs:35)
UnityEngine.DebugLogHandler:Internal_Log (UnityEngine.LogType,UnityEngine.LogOption,string,UnityEngine.Object)
UnityEngine.DebugLogHandler:LogFormat (UnityEngine.LogType,UnityEngine.Object,string,object[]) (at C:/build/output/unity/unity/Runtime/Export/Logging/DebugLogHandler.cs:9)
UnityEngine.Logger:Log (UnityEngine.LogType,object) (at C:/build/output/unity/unity/Runtime/Export/Logging/Logger.cs:60)
UnityEngine.Debug:Log (object) (at C:/build/output/unity/unity/Runtime/Export/Debug/Debug.bindings.cs:123)
CoopEpisodeManager:EndAndReset (bool,string) (at C:/Users/Chris/Desktop/OxenLight_ML_V2/OxenLight_ML/Assets/map_01/Scripts/CoopEpisodeManager.cs:217)
CoopEpisodeManager:FixedUpdate () (at C:/Users/Chris/Desktop/OxenLight_ML_V2/OxenLight_ML/Assets/map_01/Scripts/CoopEpisodeManager.cs:126)

(Filename: C:/build/output/unity/unity/Runtime/Export/Debug/Debug.bindings.cs Line: 123)

episode finished | steps=15000 | reason=timeout | agentSlot=1 | episodeReward=0
UnityEngine.Debug:ExtractStackTraceNoAlloc (byte*,int,string)
UnityEngine.StackTraceUtility:ExtractStackTrace () (at C:/build/output/unity/unity/Runtime/Export/Scripting/StackTrace.cs:35)
UnityEngine.DebugLogHandler:Internal_Log (UnityEngine.LogType,UnityEngine.LogOption,string,UnityEngine.Object)
UnityEngine.DebugLogHandler:LogFormat (UnityEngine.LogType,UnityEngine.Object,string,object[]) (at C:/build/output/unity/unity/Runtime/Export/Logging/DebugLogHandler.cs:9)
UnityEngine.Logger:Log (UnityEngine.LogType,object) (at C:/build/output/unity/unity/Runtime/Export/Logging/Logger.cs:60)
UnityEngine.Debug:Log (object) (at C:/build/output/unity/unity/Runtime/Export/Debug/Debug.bindings.cs:123)
CoopEpisodeManager:EndAndReset (bool,string) (at C:/Users/Chris/Desktop/OxenLight_ML_V2/OxenLight_ML/Assets/map_01/Scripts/CoopEpisodeManager.cs:217)
CoopEpisodeManager:FixedUpdate () (at C:/Users/Chris/Desktop/OxenLight_ML_V2/OxenLight_ML/Assets/map_01/Scripts/CoopEpisodeManager.cs:126)

(Filename: C:/build/output/unity/unity/Runtime/Export/Debug/Debug.bindings.cs Line: 123)

episode finished | steps=15000 | reason=timeout | agentSlot=2 | episodeReward=0
UnityEngine.Debug:ExtractStackTraceNoAlloc (byte*,int,string)
UnityEngine.StackTraceUtility:ExtractStackTrace () (at C:/build/output/unity/unity/Runtime/Export/Scripting/StackTrace.cs:35)
UnityEngine.DebugLogHandler:Internal_Log (UnityEngine.LogType,UnityEngine.LogOption,string,UnityEngine.Object)
UnityEngine.DebugLogHandler:LogFormat (UnityEngine.LogType,UnityEngine.Object,string,object[]) (at C:/build/output/unity/unity/Runtime/Export/Logging/DebugLogHandler.cs:9)
UnityEngine.Logger:Log (UnityEngine.LogType,object) (at C:/build/output/unity/unity/Runtime/Export/Logging/Logger.cs:60)
UnityEngine.Debug:Log (object) (at C:/build/output/unity/unity/Runtime/Export/Debug/Debug.bindings.cs:123)
CoopEpisodeManager:EndAndReset (bool,string) (at C:/Users/Chris/Desktop/OxenLight_ML_V2/OxenLight_ML/Assets/map_01/Scripts/CoopEpisodeManager.cs:217)
CoopEpisodeManager:FixedUpdate () (at C:/Users/Chris/Desktop/OxenLight_ML_V2/OxenLight_ML/Assets/map_01/Scripts/CoopEpisodeManager.cs:126)

(Filename: C:/build/output/unity/unity/Runtime/Export/Debug/Debug.bindings.cs Line: 123)

episode finished | steps=15000 | reason=timeout | agentSlot=3 | episodeReward=0
UnityEngine.Debug:ExtractStackTraceNoAlloc (byte*,int,string)
UnityEngine.StackTraceUtility:ExtractStackTrace () (at C:/build/output/unity/unity/Runtime/Export/Scripting/StackTrace.cs:35)
UnityEngine.DebugLogHandler:Internal_Log (UnityEngine.LogType,UnityEngine.LogOption,string,UnityEngine.Object)
UnityEngine.DebugLogHandler:LogFormat (UnityEngine.LogType,UnityEngine.Object,string,object[]) (at C:/build/output/unity/unity/Runtime/Export/Logging/DebugLogHandler.cs:9)
UnityEngine.Logger:Log (UnityEngine.LogType,object) (at C:/build/output/unity/unity/Runtime/Export/Logging/Logger.cs:60)
UnityEngine.Debug:Log (object) (at C:/build/output/unity/unity/Runtime/Export/Debug/Debug.bindings.cs:123)
CoopEpisodeManager:EndAndReset (bool,string) (at C:/Users/Chris/Desktop/OxenLight_ML_V2/OxenLight_ML/Assets/map_01/Scripts/CoopEpisodeManager.cs:217)
CoopEpisodeManager:FixedUpdate () (at C:/Users/Chris/Desktop/OxenLight_ML_V2/OxenLight_ML/Assets/map_01/Scripts/CoopEpisodeManager.cs:126)

(Filename: C:/build/output/unity/unity/Runtime/Export/Debug/Debug.bindings.cs Line: 123)

episode finished | steps=15000 | reason=timeout | teamAvgEpisodeReward=0
UnityEngine.Debug:ExtractStackTraceNoAlloc (byte*,int,string)
UnityEngine.StackTraceUtility:ExtractStackTrace () (at C:/build/output/unity/unity/Runtime/Export/Scripting/StackTrace.cs:35)
UnityEngine.DebugLogHandler:Internal_Log (UnityEngine.LogType,UnityEngine.LogOption,string,UnityEngine.Object)
UnityEngine.DebugLogHandler:LogFormat (UnityEngine.LogType,UnityEngine.Object,string,object[]) (at C:/build/output/unity/unity/Runtime/Export/Logging/DebugLogHandler.cs:9)
UnityEngine.Logger:Log (UnityEngine.LogType,object) (at C:/build/output/unity/unity/Runtime/Export/Logging/Logger.cs:60)
UnityEngine.Debug:Log (object) (at C:/build/output/unity/unity/Runtime/Export/Debug/Debug.bindings.cs:123)
CoopEpisodeManager:EndAndReset (bool,string) (at C:/Users/Chris/Desktop/OxenLight_ML_V2/OxenLight_ML/Assets/map_01/Scripts/CoopEpisodeManager.cs:220)
CoopEpisodeManager:FixedUpdate () (at C:/Users/Chris/Desktop/OxenLight_ML_V2/OxenLight_ML/Assets/map_01/Scripts/CoopEpisodeManager.cs:126)

(Filename: C:/build/output/unity/unity/Runtime/Export/Debug/Debug.bindings.cs Line: 123)

[Episode] World reset
UnityEngine.Debug:ExtractStackTraceNoAlloc (byte*,int,string)
UnityEngine.StackTraceUtility:ExtractStackTrace () (at C:/build/output/unity/unity/Runtime/Export/Scripting/StackTrace.cs:35)
UnityEngine.DebugLogHandler:Internal_Log (UnityEngine.LogType,UnityEngine.LogOption,string,UnityEngine.Object)
UnityEngine.DebugLogHandler:LogFormat (UnityEngine.LogType,UnityEngine.Object,string,object[]) (at C:/build/output/unity/unity/Runtime/Export/Logging/DebugLogHandler.cs:9)
UnityEngine.Logger:Log (UnityEngine.LogType,object) (at C:/build/output/unity/unity/Runtime/Export/Logging/Logger.cs:60)
UnityEngine.Debug:Log (object) (at C:/build/output/unity/unity/Runtime/Export/Debug/Debug.bindings.cs:123)
CoopEpisodeManager:ResetWorld () (at C:/Users/Chris/Desktop/OxenLight_ML_V2/OxenLight_ML/Assets/map_01/Scripts/CoopEpisodeManager.cs:289)
CoopEpisodeManager:EndAndReset (bool,string) (at C:/Users/Chris/Desktop/OxenLight_ML_V2/OxenLight_ML/Assets/map_01/Scripts/CoopEpisodeManager.cs:228)
CoopEpisodeManager:FixedUpdate () (at C:/Users/Chris/Desktop/OxenLight_ML_V2/OxenLight_ML/Assets/map_01/Scripts/CoopEpisodeManager.cs:126)

(Filename: C:/build/output/unity/unity/Runtime/Export/Debug/Debug.bindings.cs Line: 123)

[Episode] TIMEOUT
UnityEngine.Debug:ExtractStackTraceNoAlloc (byte*,int,string)
UnityEngine.StackTraceUtility:ExtractStackTrace () (at C:/build/output/unity/unity/Runtime/Export/Scripting/StackTrace.cs:35)
UnityEngine.DebugLogHandler:Internal_Log (UnityEngine.LogType,UnityEngine.LogOption,string,UnityEngine.Object)
UnityEngine.DebugLogHandler:LogFormat (UnityEngine.LogType,UnityEngine.Object,string,object[]) (at C:/build/output/unity/unity/Runtime/Export/Logging/DebugLogHandler.cs:9)
UnityEngine.Logger:Log (UnityEngine.LogType,object) (at C:/build/output/unity/unity/Runtime/Export/Logging/Logger.cs:60)
UnityEngine.Debug:Log (object) (at C:/build/output/unity/unity/Runtime/Export/Debug/Debug.bindings.cs:123)
CoopEpisodeManager:FixedUpdate () (at C:/Users/Chris/Desktop/OxenLight_ML_V2/OxenLight_ML/Assets/map_01/Scripts/CoopEpisodeManager.cs:125)

(Filename: C:/build/output/unity/unity/Runtime/Export/Debug/Debug.bindings.cs Line: 123)

episode finished | steps=15000 | reason=timeout | agentSlot=0 | episodeReward=0
UnityEngine.Debug:ExtractStackTraceNoAlloc (byte*,int,string)
UnityEngine.StackTraceUtility:ExtractStackTrace () (at C:/build/output/unity/unity/Runtime/Export/Scripting/StackTrace.cs:35)
UnityEngine.DebugLogHandler:Internal_Log (UnityEngine.LogType,UnityEngine.LogOption,string,UnityEngine.Object)
UnityEngine.DebugLogHandler:LogFormat (UnityEngine.LogType,UnityEngine.Object,string,object[]) (at C:/build/output/unity/unity/Runtime/Export/Logging/DebugLogHandler.cs:9)
UnityEngine.Logger:Log (UnityEngine.LogType,object) (at C:/build/output/unity/unity/Runtime/Export/Logging/Logger.cs:60)
UnityEngine.Debug:Log (object) (at C:/build/output/unity/unity/Runtime/Export/Debug/Debug.bindings.cs:123)
CoopEpisodeManager:EndAndReset (bool,string) (at C:/Users/Chris/Desktop/OxenLight_ML_V2/OxenLight_ML/Assets/map_01/Scripts/CoopEpisodeManager.cs:217)
CoopEpisodeManager:FixedUpdate () (at C:/Users/Chris/Desktop/OxenLight_ML_V2/OxenLight_ML/Assets/map_01/Scripts/CoopEpisodeManager.cs:126)

(Filename: C:/build/output/unity/unity/Runtime/Export/Debug/Debug.bindings.cs Line: 123)

episode finished | steps=15000 | reason=timeout | agentSlot=1 | episodeReward=0
UnityEngine.Debug:ExtractStackTraceNoAlloc (byte*,int,string)
UnityEngine.StackTraceUtility:ExtractStackTrace () (at C:/build/output/unity/unity/Runtime/Export/Scripting/StackTrace.cs:35)
UnityEngine.DebugLogHandler:Internal_Log (UnityEngine.LogType,UnityEngine.LogOption,string,UnityEngine.Object)
UnityEngine.DebugLogHandler:LogFormat (UnityEngine.LogType,UnityEngine.Object,string,object[]) (at C:/build/output/unity/unity/Runtime/Export/Logging/DebugLogHandler.cs:9)
UnityEngine.Logger:Log (UnityEngine.LogType,object) (at C:/build/output/unity/unity/Runtime/Export/Logging/Logger.cs:60)
UnityEngine.Debug:Log (object) (at C:/build/output/unity/unity/Runtime/Export/Debug/Debug.bindings.cs:123)
CoopEpisodeManager:EndAndReset (bool,string) (at C:/Users/Chris/Desktop/OxenLight_ML_V2/OxenLight_ML/Assets/map_01/Scripts/CoopEpisodeManager.cs:217)
CoopEpisodeManager:FixedUpdate () (at C:/Users/Chris/Desktop/OxenLight_ML_V2/OxenLight_ML/Assets/map_01/Scripts/CoopEpisodeManager.cs:126)

(Filename: C:/build/output/unity/unity/Runtime/Export/Debug/Debug.bindings.cs Line: 123)

episode finished | steps=15000 | reason=timeout | agentSlot=2 | episodeReward=0
UnityEngine.Debug:ExtractStackTraceNoAlloc (byte*,int,string)
UnityEngine.StackTraceUtility:ExtractStackTrace () (at C:/build/output/unity/unity/Runtime/Export/Scripting/StackTrace.cs:35)
UnityEngine.DebugLogHandler:Internal_Log (UnityEngine.LogType,UnityEngine.LogOption,string,UnityEngine.Object)
UnityEngine.DebugLogHandler:LogFormat (UnityEngine.LogType,UnityEngine.Object,string,object[]) (at C:/build/output/unity/unity/Runtime/Export/Logging/DebugLogHandler.cs:9)
UnityEngine.Logger:Log (UnityEngine.LogType,object) (at C:/build/output/unity/unity/Runtime/Export/Logging/Logger.cs:60)
UnityEngine.Debug:Log (object) (at C:/build/output/unity/unity/Runtime/Export/Debug/Debug.bindings.cs:123)
CoopEpisodeManager:EndAndReset (bool,string) (at C:/Users/Chris/Desktop/OxenLight_ML_V2/OxenLight_ML/Assets/map_01/Scripts/CoopEpisodeManager.cs:217)
CoopEpisodeManager:FixedUpdate () (at C:/Users/Chris/Desktop/OxenLight_ML_V2/OxenLight_ML/Assets/map_01/Scripts/CoopEpisodeManager.cs:126)

(Filename: C:/build/output/unity/unity/Runtime/Export/Debug/Debug.bindings.cs Line: 123)

episode finished | steps=15000 | reason=timeout | agentSlot=3 | episodeReward=0
UnityEngine.Debug:ExtractStackTraceNoAlloc (byte*,int,string)
UnityEngine.StackTraceUtility:ExtractStackTrace () (at C:/build/output/unity/unity/Runtime/Export/Scripting/StackTrace.cs:35)
UnityEngine.DebugLogHandler:Internal_Log (UnityEngine.LogType,UnityEngine.LogOption,string,UnityEngine.Object)
UnityEngine.DebugLogHandler:LogFormat (UnityEngine.LogType,UnityEngine.Object,string,object[]) (at C:/build/output/unity/unity/Runtime/Export/Logging/DebugLogHandler.cs:9)
UnityEngine.Logger:Log (UnityEngine.LogType,object) (at C:/build/output/unity/unity/Runtime/Export/Logging/Logger.cs:60)
UnityEngine.Debug:Log (object) (at C:/build/output/unity/unity/Runtime/Export/Debug/Debug.bindings.cs:123)
CoopEpisodeManager:EndAndReset (bool,string) (at C:/Users/Chris/Desktop/OxenLight_ML_V2/OxenLight_ML/Assets/map_01/Scripts/CoopEpisodeManager.cs:217)
CoopEpisodeManager:FixedUpdate () (at C:/Users/Chris/Desktop/OxenLight_ML_V2/OxenLight_ML/Assets/map_01/Scripts/CoopEpisodeManager.cs:126)

(Filename: C:/build/output/unity/unity/Runtime/Export/Debug/Debug.bindings.cs Line: 123)

episode finished | steps=15000 | reason=timeout | teamAvgEpisodeReward=0
UnityEngine.Debug:ExtractStackTraceNoAlloc (byte*,int,string)
UnityEngine.StackTraceUtility:ExtractStackTrace () (at C:/build/output/unity/unity/Runtime/Export/Scripting/StackTrace.cs:35)
UnityEngine.DebugLogHandler:Internal_Log (UnityEngine.LogType,UnityEngine.LogOption,string,UnityEngine.Object)
UnityEngine.DebugLogHandler:LogFormat (UnityEngine.LogType,UnityEngine.Object,string,object[]) (at C:/build/output/unity/unity/Runtime/Export/Logging/DebugLogHandler.cs:9)
UnityEngine.Logger:Log (UnityEngine.LogType,object) (at C:/build/output/unity/unity/Runtime/Export/Logging/Logger.cs:60)
UnityEngine.Debug:Log (object) (at C:/build/output/unity/unity/Runtime/Export/Debug/Debug.bindings.cs:123)
CoopEpisodeManager:EndAndReset (bool,string) (at C:/Users/Chris/Desktop/OxenLight_ML_V2/OxenLight_ML/Assets/map_01/Scripts/CoopEpisodeManager.cs:220)
CoopEpisodeManager:FixedUpdate () (at C:/Users/Chris/Desktop/OxenLight_ML_V2/OxenLight_ML/Assets/map_01/Scripts/CoopEpisodeManager.cs:126)

(Filename: C:/build/output/unity/unity/Runtime/Export/Debug/Debug.bindings.cs Line: 123)

[Episode] World reset
UnityEngine.Debug:ExtractStackTraceNoAlloc (byte*,int,string)
UnityEngine.StackTraceUtility:ExtractStackTrace () (at C:/build/output/unity/unity/Runtime/Export/Scripting/StackTrace.cs:35)
UnityEngine.DebugLogHandler:Internal_Log (UnityEngine.LogType,UnityEngine.LogOption,string,UnityEngine.Object)
UnityEngine.DebugLogHandler:LogFormat (UnityEngine.LogType,UnityEngine.Object,string,object[]) (at C:/build/output/unity/unity/Runtime/Export/Logging/DebugLogHandler.cs:9)
UnityEngine.Logger:Log (UnityEngine.LogType,object) (at C:/build/output/unity/unity/Runtime/Export/Logging/Logger.cs:60)
UnityEngine.Debug:Log (object) (at C:/build/output/unity/unity/Runtime/Export/Debug/Debug.bindings.cs:123)
CoopEpisodeManager:ResetWorld () (at C:/Users/Chris/Desktop/OxenLight_ML_V2/OxenLight_ML/Assets/map_01/Scripts/CoopEpisodeManager.cs:289)
CoopEpisodeManager:EndAndReset (bool,string) (at C:/Users/Chris/Desktop/OxenLight_ML_V2/OxenLight_ML/Assets/map_01/Scripts/CoopEpisodeManager.cs:228)
CoopEpisodeManager:FixedUpdate () (at C:/Users/Chris/Desktop/OxenLight_ML_V2/OxenLight_ML/Assets/map_01/Scripts/CoopEpisodeManager.cs:126)

(Filename: C:/build/output/unity/unity/Runtime/Export/Debug/Debug.bindings.cs Line: 123)

[Episode] TIMEOUT
UnityEngine.Debug:ExtractStackTraceNoAlloc (byte*,int,string)
UnityEngine.StackTraceUtility:ExtractStackTrace () (at C:/build/output/unity/unity/Runtime/Export/Scripting/StackTrace.cs:35)
UnityEngine.DebugLogHandler:Internal_Log (UnityEngine.LogType,UnityEngine.LogOption,string,UnityEngine.Object)
UnityEngine.DebugLogHandler:LogFormat (UnityEngine.LogType,UnityEngine.Object,string,object[]) (at C:/build/output/unity/unity/Runtime/Export/Logging/DebugLogHandler.cs:9)
UnityEngine.Logger:Log (UnityEngine.LogType,object) (at C:/build/output/unity/unity/Runtime/Export/Logging/Logger.cs:60)
UnityEngine.Debug:Log (object) (at C:/build/output/unity/unity/Runtime/Export/Debug/Debug.bindings.cs:123)
CoopEpisodeManager:FixedUpdate () (at C:/Users/Chris/Desktop/OxenLight_ML_V2/OxenLight_ML/Assets/map_01/Scripts/CoopEpisodeManager.cs:125)

(Filename: C:/build/output/unity/unity/Runtime/Export/Debug/Debug.bindings.cs Line: 123)

episode finished | steps=15000 | reason=timeout | agentSlot=0 | episodeReward=0
UnityEngine.Debug:ExtractStackTraceNoAlloc (byte*,int,string)
UnityEngine.StackTraceUtility:ExtractStackTrace () (at C:/build/output/unity/unity/Runtime/Export/Scripting/StackTrace.cs:35)
UnityEngine.DebugLogHandler:Internal_Log (UnityEngine.LogType,UnityEngine.LogOption,string,UnityEngine.Object)
UnityEngine.DebugLogHandler:LogFormat (UnityEngine.LogType,UnityEngine.Object,string,object[]) (at C:/build/output/unity/unity/Runtime/Export/Logging/DebugLogHandler.cs:9)
UnityEngine.Logger:Log (UnityEngine.LogType,object) (at C:/build/output/unity/unity/Runtime/Export/Logging/Logger.cs:60)
UnityEngine.Debug:Log (object) (at C:/build/output/unity/unity/Runtime/Export/Debug/Debug.bindings.cs:123)
CoopEpisodeManager:EndAndReset (bool,string) (at C:/Users/Chris/Desktop/OxenLight_ML_V2/OxenLight_ML/Assets/map_01/Scripts/CoopEpisodeManager.cs:217)
CoopEpisodeManager:FixedUpdate () (at C:/Users/Chris/Desktop/OxenLight_ML_V2/OxenLight_ML/Assets/map_01/Scripts/CoopEpisodeManager.cs:126)

(Filename: C:/build/output/unity/unity/Runtime/Export/Debug/Debug.bindings.cs Line: 123)

episode finished | steps=15000 | reason=timeout | agentSlot=1 | episodeReward=0
UnityEngine.Debug:ExtractStackTraceNoAlloc (byte*,int,string)
UnityEngine.StackTraceUtility:ExtractStackTrace () (at C:/build/output/unity/unity/Runtime/Export/Scripting/StackTrace.cs:35)
UnityEngine.DebugLogHandler:Internal_Log (UnityEngine.LogType,UnityEngine.LogOption,string,UnityEngine.Object)
UnityEngine.DebugLogHandler:LogFormat (UnityEngine.LogType,UnityEngine.Object,string,object[]) (at C:/build/output/unity/unity/Runtime/Export/Logging/DebugLogHandler.cs:9)
UnityEngine.Logger:Log (UnityEngine.LogType,object) (at C:/build/output/unity/unity/Runtime/Export/Logging/Logger.cs:60)
UnityEngine.Debug:Log (object) (at C:/build/output/unity/unity/Runtime/Export/Debug/Debug.bindings.cs:123)
CoopEpisodeManager:EndAndReset (bool,string) (at C:/Users/Chris/Desktop/OxenLight_ML_V2/OxenLight_ML/Assets/map_01/Scripts/CoopEpisodeManager.cs:217)
CoopEpisodeManager:FixedUpdate () (at C:/Users/Chris/Desktop/OxenLight_ML_V2/OxenLight_ML/Assets/map_01/Scripts/CoopEpisodeManager.cs:126)

(Filename: C:/build/output/unity/unity/Runtime/Export/Debug/Debug.bindings.cs Line: 123)

episode finished | steps=15000 | reason=timeout | agentSlot=2 | episodeReward=0
UnityEngine.Debug:ExtractStackTraceNoAlloc (byte*,int,string)
UnityEngine.StackTraceUtility:ExtractStackTrace () (at C:/build/output/unity/unity/Runtime/Export/Scripting/StackTrace.cs:35)
UnityEngine.DebugLogHandler:Internal_Log (UnityEngine.LogType,UnityEngine.LogOption,string,UnityEngine.Object)
UnityEngine.DebugLogHandler:LogFormat (UnityEngine.LogType,UnityEngine.Object,string,object[]) (at C:/build/output/unity/unity/Runtime/Export/Logging/DebugLogHandler.cs:9)
UnityEngine.Logger:Log (UnityEngine.LogType,object) (at C:/build/output/unity/unity/Runtime/Export/Logging/Logger.cs:60)
UnityEngine.Debug:Log (object) (at C:/build/output/unity/unity/Runtime/Export/Debug/Debug.bindings.cs:123)
CoopEpisodeManager:EndAndReset (bool,string) (at C:/Users/Chris/Desktop/OxenLight_ML_V2/OxenLight_ML/Assets/map_01/Scripts/CoopEpisodeManager.cs:217)
CoopEpisodeManager:FixedUpdate () (at C:/Users/Chris/Desktop/OxenLight_ML_V2/OxenLight_ML/Assets/map_01/Scripts/CoopEpisodeManager.cs:126)

(Filename: C:/build/output/unity/unity/Runtime/Export/Debug/Debug.bindings.cs Line: 123)

episode finished | steps=15000 | reason=timeout | agentSlot=3 | episodeReward=0
UnityEngine.Debug:ExtractStackTraceNoAlloc (byte*,int,string)
UnityEngine.StackTraceUtility:ExtractStackTrace () (at C:/build/output/unity/unity/Runtime/Export/Scripting/StackTrace.cs:35)
UnityEngine.DebugLogHandler:Internal_Log (UnityEngine.LogType,UnityEngine.LogOption,string,UnityEngine.Object)
UnityEngine.DebugLogHandler:LogFormat (UnityEngine.LogType,UnityEngine.Object,string,object[]) (at C:/build/output/unity/unity/Runtime/Export/Logging/DebugLogHandler.cs:9)
UnityEngine.Logger:Log (UnityEngine.LogType,object) (at C:/build/output/unity/unity/Runtime/Export/Logging/Logger.cs:60)
UnityEngine.Debug:Log (object) (at C:/build/output/unity/unity/Runtime/Export/Debug/Debug.bindings.cs:123)
CoopEpisodeManager:EndAndReset (bool,string) (at C:/Users/Chris/Desktop/OxenLight_ML_V2/OxenLight_ML/Assets/map_01/Scripts/CoopEpisodeManager.cs:217)
CoopEpisodeManager:FixedUpdate () (at C:/Users/Chris/Desktop/OxenLight_ML_V2/OxenLight_ML/Assets/map_01/Scripts/CoopEpisodeManager.cs:126)

(Filename: C:/build/output/unity/unity/Runtime/Export/Debug/Debug.bindings.cs Line: 123)

episode finished | steps=15000 | reason=timeout | teamAvgEpisodeReward=0
UnityEngine.Debug:ExtractStackTraceNoAlloc (byte*,int,string)
UnityEngine.StackTraceUtility:ExtractStackTrace () (at C:/build/output/unity/unity/Runtime/Export/Scripting/StackTrace.cs:35)
UnityEngine.DebugLogHandler:Internal_Log (UnityEngine.LogType,UnityEngine.LogOption,string,UnityEngine.Object)
UnityEngine.DebugLogHandler:LogFormat (UnityEngine.LogType,UnityEngine.Object,string,object[]) (at C:/build/output/unity/unity/Runtime/Export/Logging/DebugLogHandler.cs:9)
UnityEngine.Logger:Log (UnityEngine.LogType,object) (at C:/build/output/unity/unity/Runtime/Export/Logging/Logger.cs:60)
UnityEngine.Debug:Log (object) (at C:/build/output/unity/unity/Runtime/Export/Debug/Debug.bindings.cs:123)
CoopEpisodeManager:EndAndReset (bool,string) (at C:/Users/Chris/Desktop/OxenLight_ML_V2/OxenLight_ML/Assets/map_01/Scripts/CoopEpisodeManager.cs:220)
CoopEpisodeManager:FixedUpdate () (at C:/Users/Chris/Desktop/OxenLight_ML_V2/OxenLight_ML/Assets/map_01/Scripts/CoopEpisodeManager.cs:126)

(Filename: C:/build/output/unity/unity/Runtime/Export/Debug/Debug.bindings.cs Line: 123)

[Episode] World reset
UnityEngine.Debug:ExtractStackTraceNoAlloc (byte*,int,string)
UnityEngine.StackTraceUtility:ExtractStackTrace () (at C:/build/output/unity/unity/Runtime/Export/Scripting/StackTrace.cs:35)
UnityEngine.DebugLogHandler:Internal_Log (UnityEngine.LogType,UnityEngine.LogOption,string,UnityEngine.Object)
UnityEngine.DebugLogHandler:LogFormat (UnityEngine.LogType,UnityEngine.Object,string,object[]) (at C:/build/output/unity/unity/Runtime/Export/Logging/DebugLogHandler.cs:9)
UnityEngine.Logger:Log (UnityEngine.LogType,object) (at C:/build/output/unity/unity/Runtime/Export/Logging/Logger.cs:60)
UnityEngine.Debug:Log (object) (at C:/build/output/unity/unity/Runtime/Export/Debug/Debug.bindings.cs:123)
CoopEpisodeManager:ResetWorld () (at C:/Users/Chris/Desktop/OxenLight_ML_V2/OxenLight_ML/Assets/map_01/Scripts/CoopEpisodeManager.cs:289)
CoopEpisodeManager:EndAndReset (bool,string) (at C:/Users/Chris/Desktop/OxenLight_ML_V2/OxenLight_ML/Assets/map_01/Scripts/CoopEpisodeManager.cs:228)
CoopEpisodeManager:FixedUpdate () (at C:/Users/Chris/Desktop/OxenLight_ML_V2/OxenLight_ML/Assets/map_01/Scripts/CoopEpisodeManager.cs:126)

(Filename: C:/build/output/unity/unity/Runtime/Export/Debug/Debug.bindings.cs Line: 123)

[Episode] TIMEOUT
UnityEngine.Debug:ExtractStackTraceNoAlloc (byte*,int,string)
UnityEngine.StackTraceUtility:ExtractStackTrace () (at C:/build/output/unity/unity/Runtime/Export/Scripting/StackTrace.cs:35)
UnityEngine.DebugLogHandler:Internal_Log (UnityEngine.LogType,UnityEngine.LogOption,string,UnityEngine.Object)
UnityEngine.DebugLogHandler:LogFormat (UnityEngine.LogType,UnityEngine.Object,string,object[]) (at C:/build/output/unity/unity/Runtime/Export/Logging/DebugLogHandler.cs:9)
UnityEngine.Logger:Log (UnityEngine.LogType,object) (at C:/build/output/unity/unity/Runtime/Export/Logging/Logger.cs:60)
UnityEngine.Debug:Log (object) (at C:/build/output/unity/unity/Runtime/Export/Debug/Debug.bindings.cs:123)
CoopEpisodeManager:FixedUpdate () (at C:/Users/Chris/Desktop/OxenLight_ML_V2/OxenLight_ML/Assets/map_01/Scripts/CoopEpisodeManager.cs:125)

(Filename: C:/build/output/unity/unity/Runtime/Export/Debug/Debug.bindings.cs Line: 123)

episode finished | steps=15000 | reason=timeout | agentSlot=0 | episodeReward=0
UnityEngine.Debug:ExtractStackTraceNoAlloc (byte*,int,string)
UnityEngine.StackTraceUtility:ExtractStackTrace () (at C:/build/output/unity/unity/Runtime/Export/Scripting/StackTrace.cs:35)
UnityEngine.DebugLogHandler:Internal_Log (UnityEngine.LogType,UnityEngine.LogOption,string,UnityEngine.Object)
UnityEngine.DebugLogHandler:LogFormat (UnityEngine.LogType,UnityEngine.Object,string,object[]) (at C:/build/output/unity/unity/Runtime/Export/Logging/DebugLogHandler.cs:9)
UnityEngine.Logger:Log (UnityEngine.LogType,object) (at C:/build/output/unity/unity/Runtime/Export/Logging/Logger.cs:60)
UnityEngine.Debug:Log (object) (at C:/build/output/unity/unity/Runtime/Export/Debug/Debug.bindings.cs:123)
CoopEpisodeManager:EndAndReset (bool,string) (at C:/Users/Chris/Desktop/OxenLight_ML_V2/OxenLight_ML/Assets/map_01/Scripts/CoopEpisodeManager.cs:217)
CoopEpisodeManager:FixedUpdate () (at C:/Users/Chris/Desktop/OxenLight_ML_V2/OxenLight_ML/Assets/map_01/Scripts/CoopEpisodeManager.cs:126)

(Filename: C:/build/output/unity/unity/Runtime/Export/Debug/Debug.bindings.cs Line: 123)

episode finished | steps=15000 | reason=timeout | agentSlot=1 | episodeReward=0
UnityEngine.Debug:ExtractStackTraceNoAlloc (byte*,int,string)
UnityEngine.StackTraceUtility:ExtractStackTrace () (at C:/build/output/unity/unity/Runtime/Export/Scripting/StackTrace.cs:35)
UnityEngine.DebugLogHandler:Internal_Log (UnityEngine.LogType,UnityEngine.LogOption,string,UnityEngine.Object)
UnityEngine.DebugLogHandler:LogFormat (UnityEngine.LogType,UnityEngine.Object,string,object[]) (at C:/build/output/unity/unity/Runtime/Export/Logging/DebugLogHandler.cs:9)
UnityEngine.Logger:Log (UnityEngine.LogType,object) (at C:/build/output/unity/unity/Runtime/Export/Logging/Logger.cs:60)
UnityEngine.Debug:Log (object) (at C:/build/output/unity/unity/Runtime/Export/Debug/Debug.bindings.cs:123)
CoopEpisodeManager:EndAndReset (bool,string) (at C:/Users/Chris/Desktop/OxenLight_ML_V2/OxenLight_ML/Assets/map_01/Scripts/CoopEpisodeManager.cs:217)
CoopEpisodeManager:FixedUpdate () (at C:/Users/Chris/Desktop/OxenLight_ML_V2/OxenLight_ML/Assets/map_01/Scripts/CoopEpisodeManager.cs:126)

(Filename: C:/build/output/unity/unity/Runtime/Export/Debug/Debug.bindings.cs Line: 123)

episode finished | steps=15000 | reason=timeout | agentSlot=2 | episodeReward=0
UnityEngine.Debug:ExtractStackTraceNoAlloc (byte*,int,string)
UnityEngine.StackTraceUtility:ExtractStackTrace () (at C:/build/output/unity/unity/Runtime/Export/Scripting/StackTrace.cs:35)
UnityEngine.DebugLogHandler:Internal_Log (UnityEngine.LogType,UnityEngine.LogOption,string,UnityEngine.Object)
UnityEngine.DebugLogHandler:LogFormat (UnityEngine.LogType,UnityEngine.Object,string,object[]) (at C:/build/output/unity/unity/Runtime/Export/Logging/DebugLogHandler.cs:9)
UnityEngine.Logger:Log (UnityEngine.LogType,object) (at C:/build/output/unity/unity/Runtime/Export/Logging/Logger.cs:60)
UnityEngine.Debug:Log (object) (at C:/build/output/unity/unity/Runtime/Export/Debug/Debug.bindings.cs:123)
CoopEpisodeManager:EndAndReset (bool,string) (at C:/Users/Chris/Desktop/OxenLight_ML_V2/OxenLight_ML/Assets/map_01/Scripts/CoopEpisodeManager.cs:217)
CoopEpisodeManager:FixedUpdate () (at C:/Users/Chris/Desktop/OxenLight_ML_V2/OxenLight_ML/Assets/map_01/Scripts/CoopEpisodeManager.cs:126)

(Filename: C:/build/output/unity/unity/Runtime/Export/Debug/Debug.bindings.cs Line: 123)

episode finished | steps=15000 | reason=timeout | agentSlot=3 | episodeReward=0
UnityEngine.Debug:ExtractStackTraceNoAlloc (byte*,int,string)
UnityEngine.StackTraceUtility:ExtractStackTrace () (at C:/build/output/unity/unity/Runtime/Export/Scripting/StackTrace.cs:35)
UnityEngine.DebugLogHandler:Internal_Log (UnityEngine.LogType,UnityEngine.LogOption,string,UnityEngine.Object)
UnityEngine.DebugLogHandler:LogFormat (UnityEngine.LogType,UnityEngine.Object,string,object[]) (at C:/build/output/unity/unity/Runtime/Export/Logging/DebugLogHandler.cs:9)
UnityEngine.Logger:Log (UnityEngine.LogType,object) (at C:/build/output/unity/unity/Runtime/Export/Logging/Logger.cs:60)
UnityEngine.Debug:Log (object) (at C:/build/output/unity/unity/Runtime/Export/Debug/Debug.bindings.cs:123)
CoopEpisodeManager:EndAndReset (bool,string) (at C:/Users/Chris/Desktop/OxenLight_ML_V2/OxenLight_ML/Assets/map_01/Scripts/CoopEpisodeManager.cs:217)
CoopEpisodeManager:FixedUpdate () (at C:/Users/Chris/Desktop/OxenLight_ML_V2/OxenLight_ML/Assets/map_01/Scripts/CoopEpisodeManager.cs:126)

(Filename: C:/build/output/unity/unity/Runtime/Export/Debug/Debug.bindings.cs Line: 123)

episode finished | steps=15000 | reason=timeout | teamAvgEpisodeReward=0
UnityEngine.Debug:ExtractStackTraceNoAlloc (byte*,int,string)
UnityEngine.StackTraceUtility:ExtractStackTrace () (at C:/build/output/unity/unity/Runtime/Export/Scripting/StackTrace.cs:35)
UnityEngine.DebugLogHandler:Internal_Log (UnityEngine.LogType,UnityEngine.LogOption,string,UnityEngine.Object)
UnityEngine.DebugLogHandler:LogFormat (UnityEngine.LogType,UnityEngine.Object,string,object[]) (at C:/build/output/unity/unity/Runtime/Export/Logging/DebugLogHandler.cs:9)
UnityEngine.Logger:Log (UnityEngine.LogType,object) (at C:/build/output/unity/unity/Runtime/Export/Logging/Logger.cs:60)
UnityEngine.Debug:Log (object) (at C:/build/output/unity/unity/Runtime/Export/Debug/Debug.bindings.cs:123)
CoopEpisodeManager:EndAndReset (bool,string) (at C:/Users/Chris/Desktop/OxenLight_ML_V2/OxenLight_ML/Assets/map_01/Scripts/CoopEpisodeManager.cs:220)
CoopEpisodeManager:FixedUpdate () (at C:/Users/Chris/Desktop/OxenLight_ML_V2/OxenLight_ML/Assets/map_01/Scripts/CoopEpisodeManager.cs:126)

(Filename: C:/build/output/unity/unity/Runtime/Export/Debug/Debug.bindings.cs Line: 123)

[Episode] World reset
UnityEngine.Debug:ExtractStackTraceNoAlloc (byte*,int,string)
UnityEngine.StackTraceUtility:ExtractStackTrace () (at C:/build/output/unity/unity/Runtime/Export/Scripting/StackTrace.cs:35)
UnityEngine.DebugLogHandler:Internal_Log (UnityEngine.LogType,UnityEngine.LogOption,string,UnityEngine.Object)
UnityEngine.DebugLogHandler:LogFormat (UnityEngine.LogType,UnityEngine.Object,string,object[]) (at C:/build/output/unity/unity/Runtime/Export/Logging/DebugLogHandler.cs:9)
UnityEngine.Logger:Log (UnityEngine.LogType,object) (at C:/build/output/unity/unity/Runtime/Export/Logging/Logger.cs:60)
UnityEngine.Debug:Log (object) (at C:/build/output/unity/unity/Runtime/Export/Debug/Debug.bindings.cs:123)
CoopEpisodeManager:ResetWorld () (at C:/Users/Chris/Desktop/OxenLight_ML_V2/OxenLight_ML/Assets/map_01/Scripts/CoopEpisodeManager.cs:289)
CoopEpisodeManager:EndAndReset (bool,string) (at C:/Users/Chris/Desktop/OxenLight_ML_V2/OxenLight_ML/Assets/map_01/Scripts/CoopEpisodeManager.cs:228)
CoopEpisodeManager:FixedUpdate () (at C:/Users/Chris/Desktop/OxenLight_ML_V2/OxenLight_ML/Assets/map_01/Scripts/CoopEpisodeManager.cs:126)

(Filename: C:/build/output/unity/unity/Runtime/Export/Debug/Debug.bindings.cs Line: 123)

[Episode] TIMEOUT
UnityEngine.Debug:ExtractStackTraceNoAlloc (byte*,int,string)
UnityEngine.StackTraceUtility:ExtractStackTrace () (at C:/build/output/unity/unity/Runtime/Export/Scripting/StackTrace.cs:35)
UnityEngine.DebugLogHandler:Internal_Log (UnityEngine.LogType,UnityEngine.LogOption,string,UnityEngine.Object)
UnityEngine.DebugLogHandler:LogFormat (UnityEngine.LogType,UnityEngine.Object,string,object[]) (at C:/build/output/unity/unity/Runtime/Export/Logging/DebugLogHandler.cs:9)
UnityEngine.Logger:Log (UnityEngine.LogType,object) (at C:/build/output/unity/unity/Runtime/Export/Logging/Logger.cs:60)
UnityEngine.Debug:Log (object) (at C:/build/output/unity/unity/Runtime/Export/Debug/Debug.bindings.cs:123)
CoopEpisodeManager:FixedUpdate () (at C:/Users/Chris/Desktop/OxenLight_ML_V2/OxenLight_ML/Assets/map_01/Scripts/CoopEpisodeManager.cs:125)

(Filename: C:/build/output/unity/unity/Runtime/Export/Debug/Debug.bindings.cs Line: 123)

episode finished | steps=15000 | reason=timeout | agentSlot=0 | episodeReward=0
UnityEngine.Debug:ExtractStackTraceNoAlloc (byte*,int,string)
UnityEngine.StackTraceUtility:ExtractStackTrace () (at C:/build/output/unity/unity/Runtime/Export/Scripting/StackTrace.cs:35)
UnityEngine.DebugLogHandler:Internal_Log (UnityEngine.LogType,UnityEngine.LogOption,string,UnityEngine.Object)
UnityEngine.DebugLogHandler:LogFormat (UnityEngine.LogType,UnityEngine.Object,string,object[]) (at C:/build/output/unity/unity/Runtime/Export/Logging/DebugLogHandler.cs:9)
UnityEngine.Logger:Log (UnityEngine.LogType,object) (at C:/build/output/unity/unity/Runtime/Export/Logging/Logger.cs:60)
UnityEngine.Debug:Log (object) (at C:/build/output/unity/unity/Runtime/Export/Debug/Debug.bindings.cs:123)
CoopEpisodeManager:EndAndReset (bool,string) (at C:/Users/Chris/Desktop/OxenLight_ML_V2/OxenLight_ML/Assets/map_01/Scripts/CoopEpisodeManager.cs:217)
CoopEpisodeManager:FixedUpdate () (at C:/Users/Chris/Desktop/OxenLight_ML_V2/OxenLight_ML/Assets/map_01/Scripts/CoopEpisodeManager.cs:126)

(Filename: C:/build/output/unity/unity/Runtime/Export/Debug/Debug.bindings.cs Line: 123)

episode finished | steps=15000 | reason=timeout | agentSlot=1 | episodeReward=0
UnityEngine.Debug:ExtractStackTraceNoAlloc (byte*,int,string)
UnityEngine.StackTraceUtility:ExtractStackTrace () (at C:/build/output/unity/unity/Runtime/Export/Scripting/StackTrace.cs:35)
UnityEngine.DebugLogHandler:Internal_Log (UnityEngine.LogType,UnityEngine.LogOption,string,UnityEngine.Object)
UnityEngine.DebugLogHandler:LogFormat (UnityEngine.LogType,UnityEngine.Object,string,object[]) (at C:/build/output/unity/unity/Runtime/Export/Logging/DebugLogHandler.cs:9)
UnityEngine.Logger:Log (UnityEngine.LogType,object) (at C:/build/output/unity/unity/Runtime/Export/Logging/Logger.cs:60)
UnityEngine.Debug:Log (object) (at C:/build/output/unity/unity/Runtime/Export/Debug/Debug.bindings.cs:123)
CoopEpisodeManager:EndAndReset (bool,string) (at C:/Users/Chris/Desktop/OxenLight_ML_V2/OxenLight_ML/Assets/map_01/Scripts/CoopEpisodeManager.cs:217)
CoopEpisodeManager:FixedUpdate () (at C:/Users/Chris/Desktop/OxenLight_ML_V2/OxenLight_ML/Assets/map_01/Scripts/CoopEpisodeManager.cs:126)

(Filename: C:/build/output/unity/unity/Runtime/Export/Debug/Debug.bindings.cs Line: 123)

episode finished | steps=15000 | reason=timeout | agentSlot=2 | episodeReward=0
UnityEngine.Debug:ExtractStackTraceNoAlloc (byte*,int,string)
UnityEngine.StackTraceUtility:ExtractStackTrace () (at C:/build/output/unity/unity/Runtime/Export/Scripting/StackTrace.cs:35)
UnityEngine.DebugLogHandler:Internal_Log (UnityEngine.LogType,UnityEngine.LogOption,string,UnityEngine.Object)
UnityEngine.DebugLogHandler:LogFormat (UnityEngine.LogType,UnityEngine.Object,string,object[]) (at C:/build/output/unity/unity/Runtime/Export/Logging/DebugLogHandler.cs:9)
UnityEngine.Logger:Log (UnityEngine.LogType,object) (at C:/build/output/unity/unity/Runtime/Export/Logging/Logger.cs:60)
UnityEngine.Debug:Log (object) (at C:/build/output/unity/unity/Runtime/Export/Debug/Debug.bindings.cs:123)
CoopEpisodeManager:EndAndReset (bool,string) (at C:/Users/Chris/Desktop/OxenLight_ML_V2/OxenLight_ML/Assets/map_01/Scripts/CoopEpisodeManager.cs:217)
CoopEpisodeManager:FixedUpdate () (at C:/Users/Chris/Desktop/OxenLight_ML_V2/OxenLight_ML/Assets/map_01/Scripts/CoopEpisodeManager.cs:126)

(Filename: C:/build/output/unity/unity/Runtime/Export/Debug/Debug.bindings.cs Line: 123)

episode finished | steps=15000 | reason=timeout | agentSlot=3 | episodeReward=0
UnityEngine.Debug:ExtractStackTraceNoAlloc (byte*,int,string)
UnityEngine.StackTraceUtility:ExtractStackTrace () (at C:/build/output/unity/unity/Runtime/Export/Scripting/StackTrace.cs:35)
UnityEngine.DebugLogHandler:Internal_Log (UnityEngine.LogType,UnityEngine.LogOption,string,UnityEngine.Object)
UnityEngine.DebugLogHandler:LogFormat (UnityEngine.LogType,UnityEngine.Object,string,object[]) (at C:/build/output/unity/unity/Runtime/Export/Logging/DebugLogHandler.cs:9)
UnityEngine.Logger:Log (UnityEngine.LogType,object) (at C:/build/output/unity/unity/Runtime/Export/Logging/Logger.cs:60)
UnityEngine.Debug:Log (object) (at C:/build/output/unity/unity/Runtime/Export/Debug/Debug.bindings.cs:123)
CoopEpisodeManager:EndAndReset (bool,string) (at C:/Users/Chris/Desktop/OxenLight_ML_V2/OxenLight_ML/Assets/map_01/Scripts/CoopEpisodeManager.cs:217)
CoopEpisodeManager:FixedUpdate () (at C:/Users/Chris/Desktop/OxenLight_ML_V2/OxenLight_ML/Assets/map_01/Scripts/CoopEpisodeManager.cs:126)

(Filename: C:/build/output/unity/unity/Runtime/Export/Debug/Debug.bindings.cs Line: 123)

episode finished | steps=15000 | reason=timeout | teamAvgEpisodeReward=0
UnityEngine.Debug:ExtractStackTraceNoAlloc (byte*,int,string)
UnityEngine.StackTraceUtility:ExtractStackTrace () (at C:/build/output/unity/unity/Runtime/Export/Scripting/StackTrace.cs:35)
UnityEngine.DebugLogHandler:Internal_Log (UnityEngine.LogType,UnityEngine.LogOption,string,UnityEngine.Object)
UnityEngine.DebugLogHandler:LogFormat (UnityEngine.LogType,UnityEngine.Object,string,object[]) (at C:/build/output/unity/unity/Runtime/Export/Logging/DebugLogHandler.cs:9)
UnityEngine.Logger:Log (UnityEngine.LogType,object) (at C:/build/output/unity/unity/Runtime/Export/Logging/Logger.cs:60)
UnityEngine.Debug:Log (object) (at C:/build/output/unity/unity/Runtime/Export/Debug/Debug.bindings.cs:123)
CoopEpisodeManager:EndAndReset (bool,string) (at C:/Users/Chris/Desktop/OxenLight_ML_V2/OxenLight_ML/Assets/map_01/Scripts/CoopEpisodeManager.cs:220)
CoopEpisodeManager:FixedUpdate () (at C:/Users/Chris/Desktop/OxenLight_ML_V2/OxenLight_ML/Assets/map_01/Scripts/CoopEpisodeManager.cs:126)

(Filename: C:/build/output/unity/unity/Runtime/Export/Debug/Debug.bindings.cs Line: 123)

[Episode] World reset
UnityEngine.Debug:ExtractStackTraceNoAlloc (byte*,int,string)
UnityEngine.StackTraceUtility:ExtractStackTrace () (at C:/build/output/unity/unity/Runtime/Export/Scripting/StackTrace.cs:35)
UnityEngine.DebugLogHandler:Internal_Log (UnityEngine.LogType,UnityEngine.LogOption,string,UnityEngine.Object)
UnityEngine.DebugLogHandler:LogFormat (UnityEngine.LogType,UnityEngine.Object,string,object[]) (at C:/build/output/unity/unity/Runtime/Export/Logging/DebugLogHandler.cs:9)
UnityEngine.Logger:Log (UnityEngine.LogType,object) (at C:/build/output/unity/unity/Runtime/Export/Logging/Logger.cs:60)
UnityEngine.Debug:Log (object) (at C:/build/output/unity/unity/Runtime/Export/Debug/Debug.bindings.cs:123)
CoopEpisodeManager:ResetWorld () (at C:/Users/Chris/Desktop/OxenLight_ML_V2/OxenLight_ML/Assets/map_01/Scripts/CoopEpisodeManager.cs:289)
CoopEpisodeManager:EndAndReset (bool,string) (at C:/Users/Chris/Desktop/OxenLight_ML_V2/OxenLight_ML/Assets/map_01/Scripts/CoopEpisodeManager.cs:228)
CoopEpisodeManager:FixedUpdate () (at C:/Users/Chris/Desktop/OxenLight_ML_V2/OxenLight_ML/Assets/map_01/Scripts/CoopEpisodeManager.cs:126)

(Filename: C:/build/output/unity/unity/Runtime/Export/Debug/Debug.bindings.cs Line: 123)

[Episode] TIMEOUT
UnityEngine.Debug:ExtractStackTraceNoAlloc (byte*,int,string)
UnityEngine.StackTraceUtility:ExtractStackTrace () (at C:/build/output/unity/unity/Runtime/Export/Scripting/StackTrace.cs:35)
UnityEngine.DebugLogHandler:Internal_Log (UnityEngine.LogType,UnityEngine.LogOption,string,UnityEngine.Object)
UnityEngine.DebugLogHandler:LogFormat (UnityEngine.LogType,UnityEngine.Object,string,object[]) (at C:/build/output/unity/unity/Runtime/Export/Logging/DebugLogHandler.cs:9)
UnityEngine.Logger:Log (UnityEngine.LogType,object) (at C:/build/output/unity/unity/Runtime/Export/Logging/Logger.cs:60)
UnityEngine.Debug:Log (object) (at C:/build/output/unity/unity/Runtime/Export/Debug/Debug.bindings.cs:123)
CoopEpisodeManager:FixedUpdate () (at C:/Users/Chris/Desktop/OxenLight_ML_V2/OxenLight_ML/Assets/map_01/Scripts/CoopEpisodeManager.cs:125)

(Filename: C:/build/output/unity/unity/Runtime/Export/Debug/Debug.bindings.cs Line: 123)

episode finished | steps=15000 | reason=timeout | agentSlot=0 | episodeReward=0
UnityEngine.Debug:ExtractStackTraceNoAlloc (byte*,int,string)
UnityEngine.StackTraceUtility:ExtractStackTrace () (at C:/build/output/unity/unity/Runtime/Export/Scripting/StackTrace.cs:35)
UnityEngine.DebugLogHandler:Internal_Log (UnityEngine.LogType,UnityEngine.LogOption,string,UnityEngine.Object)
UnityEngine.DebugLogHandler:LogFormat (UnityEngine.LogType,UnityEngine.Object,string,object[]) (at C:/build/output/unity/unity/Runtime/Export/Logging/DebugLogHandler.cs:9)
UnityEngine.Logger:Log (UnityEngine.LogType,object) (at C:/build/output/unity/unity/Runtime/Export/Logging/Logger.cs:60)
UnityEngine.Debug:Log (object) (at C:/build/output/unity/unity/Runtime/Export/Debug/Debug.bindings.cs:123)
CoopEpisodeManager:EndAndReset (bool,string) (at C:/Users/Chris/Desktop/OxenLight_ML_V2/OxenLight_ML/Assets/map_01/Scripts/CoopEpisodeManager.cs:217)
CoopEpisodeManager:FixedUpdate () (at C:/Users/Chris/Desktop/OxenLight_ML_V2/OxenLight_ML/Assets/map_01/Scripts/CoopEpisodeManager.cs:126)

(Filename: C:/build/output/unity/unity/Runtime/Export/Debug/Debug.bindings.cs Line: 123)

episode finished | steps=15000 | reason=timeout | agentSlot=1 | episodeReward=0
UnityEngine.Debug:ExtractStackTraceNoAlloc (byte*,int,string)
UnityEngine.StackTraceUtility:ExtractStackTrace () (at C:/build/output/unity/unity/Runtime/Export/Scripting/StackTrace.cs:35)
UnityEngine.DebugLogHandler:Internal_Log (UnityEngine.LogType,UnityEngine.LogOption,string,UnityEngine.Object)
UnityEngine.DebugLogHandler:LogFormat (UnityEngine.LogType,UnityEngine.Object,string,object[]) (at C:/build/output/unity/unity/Runtime/Export/Logging/DebugLogHandler.cs:9)
UnityEngine.Logger:Log (UnityEngine.LogType,object) (at C:/build/output/unity/unity/Runtime/Export/Logging/Logger.cs:60)
UnityEngine.Debug:Log (object) (at C:/build/output/unity/unity/Runtime/Export/Debug/Debug.bindings.cs:123)
CoopEpisodeManager:EndAndReset (bool,string) (at C:/Users/Chris/Desktop/OxenLight_ML_V2/OxenLight_ML/Assets/map_01/Scripts/CoopEpisodeManager.cs:217)
CoopEpisodeManager:FixedUpdate () (at C:/Users/Chris/Desktop/OxenLight_ML_V2/OxenLight_ML/Assets/map_01/Scripts/CoopEpisodeManager.cs:126)

(Filename: C:/build/output/unity/unity/Runtime/Export/Debug/Debug.bindings.cs Line: 123)

episode finished | steps=15000 | reason=timeout | agentSlot=2 | episodeReward=0
UnityEngine.Debug:ExtractStackTraceNoAlloc (byte*,int,string)
UnityEngine.StackTraceUtility:ExtractStackTrace () (at C:/build/output/unity/unity/Runtime/Export/Scripting/StackTrace.cs:35)
UnityEngine.DebugLogHandler:Internal_Log (UnityEngine.LogType,UnityEngine.LogOption,string,UnityEngine.Object)
UnityEngine.DebugLogHandler:LogFormat (UnityEngine.LogType,UnityEngine.Object,string,object[]) (at C:/build/output/unity/unity/Runtime/Export/Logging/DebugLogHandler.cs:9)
UnityEngine.Logger:Log (UnityEngine.LogType,object) (at C:/build/output/unity/unity/Runtime/Export/Logging/Logger.cs:60)
UnityEngine.Debug:Log (object) (at C:/build/output/unity/unity/Runtime/Export/Debug/Debug.bindings.cs:123)
CoopEpisodeManager:EndAndReset (bool,string) (at C:/Users/Chris/Desktop/OxenLight_ML_V2/OxenLight_ML/Assets/map_01/Scripts/CoopEpisodeManager.cs:217)
CoopEpisodeManager:FixedUpdate () (at C:/Users/Chris/Desktop/OxenLight_ML_V2/OxenLight_ML/Assets/map_01/Scripts/CoopEpisodeManager.cs:126)

(Filename: C:/build/output/unity/unity/Runtime/Export/Debug/Debug.bindings.cs Line: 123)

episode finished | steps=15000 | reason=timeout | agentSlot=3 | episodeReward=0
UnityEngine.Debug:ExtractStackTraceNoAlloc (byte*,int,string)
UnityEngine.StackTraceUtility:ExtractStackTrace () (at C:/build/output/unity/unity/Runtime/Export/Scripting/StackTrace.cs:35)
UnityEngine.DebugLogHandler:Internal_Log (UnityEngine.LogType,UnityEngine.LogOption,string,UnityEngine.Object)
UnityEngine.DebugLogHandler:LogFormat (UnityEngine.LogType,UnityEngine.Object,string,object[]) (at C:/build/output/unity/unity/Runtime/Export/Logging/DebugLogHandler.cs:9)
UnityEngine.Logger:Log (UnityEngine.LogType,object) (at C:/build/output/unity/unity/Runtime/Export/Logging/Logger.cs:60)
UnityEngine.Debug:Log (object) (at C:/build/output/unity/unity/Runtime/Export/Debug/Debug.bindings.cs:123)
CoopEpisodeManager:EndAndReset (bool,string) (at C:/Users/Chris/Desktop/OxenLight_ML_V2/OxenLight_ML/Assets/map_01/Scripts/CoopEpisodeManager.cs:217)
CoopEpisodeManager:FixedUpdate () (at C:/Users/Chris/Desktop/OxenLight_ML_V2/OxenLight_ML/Assets/map_01/Scripts/CoopEpisodeManager.cs:126)

(Filename: C:/build/output/unity/unity/Runtime/Export/Debug/Debug.bindings.cs Line: 123)

episode finished | steps=15000 | reason=timeout | teamAvgEpisodeReward=0
UnityEngine.Debug:ExtractStackTraceNoAlloc (byte*,int,string)
UnityEngine.StackTraceUtility:ExtractStackTrace () (at C:/build/output/unity/unity/Runtime/Export/Scripting/StackTrace.cs:35)
UnityEngine.DebugLogHandler:Internal_Log (UnityEngine.LogType,UnityEngine.LogOption,string,UnityEngine.Object)
UnityEngine.DebugLogHandler:LogFormat (UnityEngine.LogType,UnityEngine.Object,string,object[]) (at C:/build/output/unity/unity/Runtime/Export/Logging/DebugLogHandler.cs:9)
UnityEngine.Logger:Log (UnityEngine.LogType,object) (at C:/build/output/unity/unity/Runtime/Export/Logging/Logger.cs:60)
UnityEngine.Debug:Log (object) (at C:/build/output/unity/unity/Runtime/Export/Debug/Debug.bindings.cs:123)
CoopEpisodeManager:EndAndReset (bool,string) (at C:/Users/Chris/Desktop/OxenLight_ML_V2/OxenLight_ML/Assets/map_01/Scripts/CoopEpisodeManager.cs:220)
CoopEpisodeManager:FixedUpdate () (at C:/Users/Chris/Desktop/OxenLight_ML_V2/OxenLight_ML/Assets/map_01/Scripts/CoopEpisodeManager.cs:126)

(Filename: C:/build/output/unity/unity/Runtime/Export/Debug/Debug.bindings.cs Line: 123)

[Episode] World reset
UnityEngine.Debug:ExtractStackTraceNoAlloc (byte*,int,string)
UnityEngine.StackTraceUtility:ExtractStackTrace () (at C:/build/output/unity/unity/Runtime/Export/Scripting/StackTrace.cs:35)
UnityEngine.DebugLogHandler:Internal_Log (UnityEngine.LogType,UnityEngine.LogOption,string,UnityEngine.Object)
UnityEngine.DebugLogHandler:LogFormat (UnityEngine.LogType,UnityEngine.Object,string,object[]) (at C:/build/output/unity/unity/Runtime/Export/Logging/DebugLogHandler.cs:9)
UnityEngine.Logger:Log (UnityEngine.LogType,object) (at C:/build/output/unity/unity/Runtime/Export/Logging/Logger.cs:60)
UnityEngine.Debug:Log (object) (at C:/build/output/unity/unity/Runtime/Export/Debug/Debug.bindings.cs:123)
CoopEpisodeManager:ResetWorld () (at C:/Users/Chris/Desktop/OxenLight_ML_V2/OxenLight_ML/Assets/map_01/Scripts/CoopEpisodeManager.cs:289)
CoopEpisodeManager:EndAndReset (bool,string) (at C:/Users/Chris/Desktop/OxenLight_ML_V2/OxenLight_ML/Assets/map_01/Scripts/CoopEpisodeManager.cs:228)
CoopEpisodeManager:FixedUpdate () (at C:/Users/Chris/Desktop/OxenLight_ML_V2/OxenLight_ML/Assets/map_01/Scripts/CoopEpisodeManager.cs:126)

(Filename: C:/build/output/unity/unity/Runtime/Export/Debug/Debug.bindings.cs Line: 123)

[Episode] TIMEOUT
UnityEngine.Debug:ExtractStackTraceNoAlloc (byte*,int,string)
UnityEngine.StackTraceUtility:ExtractStackTrace () (at C:/build/output/unity/unity/Runtime/Export/Scripting/StackTrace.cs:35)
UnityEngine.DebugLogHandler:Internal_Log (UnityEngine.LogType,UnityEngine.LogOption,string,UnityEngine.Object)
UnityEngine.DebugLogHandler:LogFormat (UnityEngine.LogType,UnityEngine.Object,string,object[]) (at C:/build/output/unity/unity/Runtime/Export/Logging/DebugLogHandler.cs:9)
UnityEngine.Logger:Log (UnityEngine.LogType,object) (at C:/build/output/unity/unity/Runtime/Export/Logging/Logger.cs:60)
UnityEngine.Debug:Log (object) (at C:/build/output/unity/unity/Runtime/Export/Debug/Debug.bindings.cs:123)
CoopEpisodeManager:FixedUpdate () (at C:/Users/Chris/Desktop/OxenLight_ML_V2/OxenLight_ML/Assets/map_01/Scripts/CoopEpisodeManager.cs:125)

(Filename: C:/build/output/unity/unity/Runtime/Export/Debug/Debug.bindings.cs Line: 123)

episode finished | steps=15000 | reason=timeout | agentSlot=0 | episodeReward=0
UnityEngine.Debug:ExtractStackTraceNoAlloc (byte*,int,string)
UnityEngine.StackTraceUtility:ExtractStackTrace () (at C:/build/output/unity/unity/Runtime/Export/Scripting/StackTrace.cs:35)
UnityEngine.DebugLogHandler:Internal_Log (UnityEngine.LogType,UnityEngine.LogOption,string,UnityEngine.Object)
UnityEngine.DebugLogHandler:LogFormat (UnityEngine.LogType,UnityEngine.Object,string,object[]) (at C:/build/output/unity/unity/Runtime/Export/Logging/DebugLogHandler.cs:9)
UnityEngine.Logger:Log (UnityEngine.LogType,object) (at C:/build/output/unity/unity/Runtime/Export/Logging/Logger.cs:60)
UnityEngine.Debug:Log (object) (at C:/build/output/unity/unity/Runtime/Export/Debug/Debug.bindings.cs:123)
CoopEpisodeManager:EndAndReset (bool,string) (at C:/Users/Chris/Desktop/OxenLight_ML_V2/OxenLight_ML/Assets/map_01/Scripts/CoopEpisodeManager.cs:217)
CoopEpisodeManager:FixedUpdate () (at C:/Users/Chris/Desktop/OxenLight_ML_V2/OxenLight_ML/Assets/map_01/Scripts/CoopEpisodeManager.cs:126)

(Filename: C:/build/output/unity/unity/Runtime/Export/Debug/Debug.bindings.cs Line: 123)

episode finished | steps=15000 | reason=timeout | agentSlot=1 | episodeReward=0
UnityEngine.Debug:ExtractStackTraceNoAlloc (byte*,int,string)
UnityEngine.StackTraceUtility:ExtractStackTrace () (at C:/build/output/unity/unity/Runtime/Export/Scripting/StackTrace.cs:35)
UnityEngine.DebugLogHandler:Internal_Log (UnityEngine.LogType,UnityEngine.LogOption,string,UnityEngine.Object)
UnityEngine.DebugLogHandler:LogFormat (UnityEngine.LogType,UnityEngine.Object,string,object[]) (at C:/build/output/unity/unity/Runtime/Export/Logging/DebugLogHandler.cs:9)
UnityEngine.Logger:Log (UnityEngine.LogType,object) (at C:/build/output/unity/unity/Runtime/Export/Logging/Logger.cs:60)
UnityEngine.Debug:Log (object) (at C:/build/output/unity/unity/Runtime/Export/Debug/Debug.bindings.cs:123)
CoopEpisodeManager:EndAndReset (bool,string) (at C:/Users/Chris/Desktop/OxenLight_ML_V2/OxenLight_ML/Assets/map_01/Scripts/CoopEpisodeManager.cs:217)
CoopEpisodeManager:FixedUpdate () (at C:/Users/Chris/Desktop/OxenLight_ML_V2/OxenLight_ML/Assets/map_01/Scripts/CoopEpisodeManager.cs:126)

(Filename: C:/build/output/unity/unity/Runtime/Export/Debug/Debug.bindings.cs Line: 123)

episode finished | steps=15000 | reason=timeout | agentSlot=2 | episodeReward=0
UnityEngine.Debug:ExtractStackTraceNoAlloc (byte*,int,string)
UnityEngine.StackTraceUtility:ExtractStackTrace () (at C:/build/output/unity/unity/Runtime/Export/Scripting/StackTrace.cs:35)
UnityEngine.DebugLogHandler:Internal_Log (UnityEngine.LogType,UnityEngine.LogOption,string,UnityEngine.Object)
UnityEngine.DebugLogHandler:LogFormat (UnityEngine.LogType,UnityEngine.Object,string,object[]) (at C:/build/output/unity/unity/Runtime/Export/Logging/DebugLogHandler.cs:9)
UnityEngine.Logger:Log (UnityEngine.LogType,object) (at C:/build/output/unity/unity/Runtime/Export/Logging/Logger.cs:60)
UnityEngine.Debug:Log (object) (at C:/build/output/unity/unity/Runtime/Export/Debug/Debug.bindings.cs:123)
CoopEpisodeManager:EndAndReset (bool,string) (at C:/Users/Chris/Desktop/OxenLight_ML_V2/OxenLight_ML/Assets/map_01/Scripts/CoopEpisodeManager.cs:217)
CoopEpisodeManager:FixedUpdate () (at C:/Users/Chris/Desktop/OxenLight_ML_V2/OxenLight_ML/Assets/map_01/Scripts/CoopEpisodeManager.cs:126)

(Filename: C:/build/output/unity/unity/Runtime/Export/Debug/Debug.bindings.cs Line: 123)

episode finished | steps=15000 | reason=timeout | agentSlot=3 | episodeReward=0
UnityEngine.Debug:ExtractStackTraceNoAlloc (byte*,int,string)
UnityEngine.StackTraceUtility:ExtractStackTrace () (at C:/build/output/unity/unity/Runtime/Export/Scripting/StackTrace.cs:35)
UnityEngine.DebugLogHandler:Internal_Log (UnityEngine.LogType,UnityEngine.LogOption,string,UnityEngine.Object)
UnityEngine.DebugLogHandler:LogFormat (UnityEngine.LogType,UnityEngine.Object,string,object[]) (at C:/build/output/unity/unity/Runtime/Export/Logging/DebugLogHandler.cs:9)
UnityEngine.Logger:Log (UnityEngine.LogType,object) (at C:/build/output/unity/unity/Runtime/Export/Logging/Logger.cs:60)
UnityEngine.Debug:Log (object) (at C:/build/output/unity/unity/Runtime/Export/Debug/Debug.bindings.cs:123)
CoopEpisodeManager:EndAndReset (bool,string) (at C:/Users/Chris/Desktop/OxenLight_ML_V2/OxenLight_ML/Assets/map_01/Scripts/CoopEpisodeManager.cs:217)
CoopEpisodeManager:FixedUpdate () (at C:/Users/Chris/Desktop/OxenLight_ML_V2/OxenLight_ML/Assets/map_01/Scripts/CoopEpisodeManager.cs:126)

(Filename: C:/build/output/unity/unity/Runtime/Export/Debug/Debug.bindings.cs Line: 123)

episode finished | steps=15000 | reason=timeout | teamAvgEpisodeReward=0
UnityEngine.Debug:ExtractStackTraceNoAlloc (byte*,int,string)
UnityEngine.StackTraceUtility:ExtractStackTrace () (at C:/build/output/unity/unity/Runtime/Export/Scripting/StackTrace.cs:35)
UnityEngine.DebugLogHandler:Internal_Log (UnityEngine.LogType,UnityEngine.LogOption,string,UnityEngine.Object)
UnityEngine.DebugLogHandler:LogFormat (UnityEngine.LogType,UnityEngine.Object,string,object[]) (at C:/build/output/unity/unity/Runtime/Export/Logging/DebugLogHandler.cs:9)
UnityEngine.Logger:Log (UnityEngine.LogType,object) (at C:/build/output/unity/unity/Runtime/Export/Logging/Logger.cs:60)
UnityEngine.Debug:Log (object) (at C:/build/output/unity/unity/Runtime/Export/Debug/Debug.bindings.cs:123)
CoopEpisodeManager:EndAndReset (bool,string) (at C:/Users/Chris/Desktop/OxenLight_ML_V2/OxenLight_ML/Assets/map_01/Scripts/CoopEpisodeManager.cs:220)
CoopEpisodeManager:FixedUpdate () (at C:/Users/Chris/Desktop/OxenLight_ML_V2/OxenLight_ML/Assets/map_01/Scripts/CoopEpisodeManager.cs:126)

(Filename: C:/build/output/unity/unity/Runtime/Export/Debug/Debug.bindings.cs Line: 123)

[Episode] World reset
UnityEngine.Debug:ExtractStackTraceNoAlloc (byte*,int,string)
UnityEngine.StackTraceUtility:ExtractStackTrace () (at C:/build/output/unity/unity/Runtime/Export/Scripting/StackTrace.cs:35)
UnityEngine.DebugLogHandler:Internal_Log (UnityEngine.LogType,UnityEngine.LogOption,string,UnityEngine.Object)
UnityEngine.DebugLogHandler:LogFormat (UnityEngine.LogType,UnityEngine.Object,string,object[]) (at C:/build/output/unity/unity/Runtime/Export/Logging/DebugLogHandler.cs:9)
UnityEngine.Logger:Log (UnityEngine.LogType,object) (at C:/build/output/unity/unity/Runtime/Export/Logging/Logger.cs:60)
UnityEngine.Debug:Log (object) (at C:/build/output/unity/unity/Runtime/Export/Debug/Debug.bindings.cs:123)
CoopEpisodeManager:ResetWorld () (at C:/Users/Chris/Desktop/OxenLight_ML_V2/OxenLight_ML/Assets/map_01/Scripts/CoopEpisodeManager.cs:289)
CoopEpisodeManager:EndAndReset (bool,string) (at C:/Users/Chris/Desktop/OxenLight_ML_V2/OxenLight_ML/Assets/map_01/Scripts/CoopEpisodeManager.cs:228)
CoopEpisodeManager:FixedUpdate () (at C:/Users/Chris/Desktop/OxenLight_ML_V2/OxenLight_ML/Assets/map_01/Scripts/CoopEpisodeManager.cs:126)

(Filename: C:/build/output/unity/unity/Runtime/Export/Debug/Debug.bindings.cs Line: 123)

[Episode] TIMEOUT
UnityEngine.Debug:ExtractStackTraceNoAlloc (byte*,int,string)
UnityEngine.StackTraceUtility:ExtractStackTrace () (at C:/build/output/unity/unity/Runtime/Export/Scripting/StackTrace.cs:35)
UnityEngine.DebugLogHandler:Internal_Log (UnityEngine.LogType,UnityEngine.LogOption,string,UnityEngine.Object)
UnityEngine.DebugLogHandler:LogFormat (UnityEngine.LogType,UnityEngine.Object,string,object[]) (at C:/build/output/unity/unity/Runtime/Export/Logging/DebugLogHandler.cs:9)
UnityEngine.Logger:Log (UnityEngine.LogType,object) (at C:/build/output/unity/unity/Runtime/Export/Logging/Logger.cs:60)
UnityEngine.Debug:Log (object) (at C:/build/output/unity/unity/Runtime/Export/Debug/Debug.bindings.cs:123)
CoopEpisodeManager:FixedUpdate () (at C:/Users/Chris/Desktop/OxenLight_ML_V2/OxenLight_ML/Assets/map_01/Scripts/CoopEpisodeManager.cs:125)

(Filename: C:/build/output/unity/unity/Runtime/Export/Debug/Debug.bindings.cs Line: 123)

episode finished | steps=15000 | reason=timeout | agentSlot=0 | episodeReward=0
UnityEngine.Debug:ExtractStackTraceNoAlloc (byte*,int,string)
UnityEngine.StackTraceUtility:ExtractStackTrace () (at C:/build/output/unity/unity/Runtime/Export/Scripting/StackTrace.cs:35)
UnityEngine.DebugLogHandler:Internal_Log (UnityEngine.LogType,UnityEngine.LogOption,string,UnityEngine.Object)
UnityEngine.DebugLogHandler:LogFormat (UnityEngine.LogType,UnityEngine.Object,string,object[]) (at C:/build/output/unity/unity/Runtime/Export/Logging/DebugLogHandler.cs:9)
UnityEngine.Logger:Log (UnityEngine.LogType,object) (at C:/build/output/unity/unity/Runtime/Export/Logging/Logger.cs:60)
UnityEngine.Debug:Log (object) (at C:/build/output/unity/unity/Runtime/Export/Debug/Debug.bindings.cs:123)
CoopEpisodeManager:EndAndReset (bool,string) (at C:/Users/Chris/Desktop/OxenLight_ML_V2/OxenLight_ML/Assets/map_01/Scripts/CoopEpisodeManager.cs:217)
CoopEpisodeManager:FixedUpdate () (at C:/Users/Chris/Desktop/OxenLight_ML_V2/OxenLight_ML/Assets/map_01/Scripts/CoopEpisodeManager.cs:126)

(Filename: C:/build/output/unity/unity/Runtime/Export/Debug/Debug.bindings.cs Line: 123)

episode finished | steps=15000 | reason=timeout | agentSlot=1 | episodeReward=0
UnityEngine.Debug:ExtractStackTraceNoAlloc (byte*,int,string)
UnityEngine.StackTraceUtility:ExtractStackTrace () (at C:/build/output/unity/unity/Runtime/Export/Scripting/StackTrace.cs:35)
UnityEngine.DebugLogHandler:Internal_Log (UnityEngine.LogType,UnityEngine.LogOption,string,UnityEngine.Object)
UnityEngine.DebugLogHandler:LogFormat (UnityEngine.LogType,UnityEngine.Object,string,object[]) (at C:/build/output/unity/unity/Runtime/Export/Logging/DebugLogHandler.cs:9)
UnityEngine.Logger:Log (UnityEngine.LogType,object) (at C:/build/output/unity/unity/Runtime/Export/Logging/Logger.cs:60)
UnityEngine.Debug:Log (object) (at C:/build/output/unity/unity/Runtime/Export/Debug/Debug.bindings.cs:123)
CoopEpisodeManager:EndAndReset (bool,string) (at C:/Users/Chris/Desktop/OxenLight_ML_V2/OxenLight_ML/Assets/map_01/Scripts/CoopEpisodeManager.cs:217)
CoopEpisodeManager:FixedUpdate () (at C:/Users/Chris/Desktop/OxenLight_ML_V2/OxenLight_ML/Assets/map_01/Scripts/CoopEpisodeManager.cs:126)

(Filename: C:/build/output/unity/unity/Runtime/Export/Debug/Debug.bindings.cs Line: 123)

episode finished | steps=15000 | reason=timeout | agentSlot=2 | episodeReward=0
UnityEngine.Debug:ExtractStackTraceNoAlloc (byte*,int,string)
UnityEngine.StackTraceUtility:ExtractStackTrace () (at C:/build/output/unity/unity/Runtime/Export/Scripting/StackTrace.cs:35)
UnityEngine.DebugLogHandler:Internal_Log (UnityEngine.LogType,UnityEngine.LogOption,string,UnityEngine.Object)
UnityEngine.DebugLogHandler:LogFormat (UnityEngine.LogType,UnityEngine.Object,string,object[]) (at C:/build/output/unity/unity/Runtime/Export/Logging/DebugLogHandler.cs:9)
UnityEngine.Logger:Log (UnityEngine.LogType,object) (at C:/build/output/unity/unity/Runtime/Export/Logging/Logger.cs:60)
UnityEngine.Debug:Log (object) (at C:/build/output/unity/unity/Runtime/Export/Debug/Debug.bindings.cs:123)
CoopEpisodeManager:EndAndReset (bool,string) (at C:/Users/Chris/Desktop/OxenLight_ML_V2/OxenLight_ML/Assets/map_01/Scripts/CoopEpisodeManager.cs:217)
CoopEpisodeManager:FixedUpdate () (at C:/Users/Chris/Desktop/OxenLight_ML_V2/OxenLight_ML/Assets/map_01/Scripts/CoopEpisodeManager.cs:126)

(Filename: C:/build/output/unity/unity/Runtime/Export/Debug/Debug.bindings.cs Line: 123)

episode finished | steps=15000 | reason=timeout | agentSlot=3 | episodeReward=0
UnityEngine.Debug:ExtractStackTraceNoAlloc (byte*,int,string)
UnityEngine.StackTraceUtility:ExtractStackTrace () (at C:/build/output/unity/unity/Runtime/Export/Scripting/StackTrace.cs:35)
UnityEngine.DebugLogHandler:Internal_Log (UnityEngine.LogType,UnityEngine.LogOption,string,UnityEngine.Object)
UnityEngine.DebugLogHandler:LogFormat (UnityEngine.LogType,UnityEngine.Object,string,object[]) (at C:/build/output/unity/unity/Runtime/Export/Logging/DebugLogHandler.cs:9)
UnityEngine.Logger:Log (UnityEngine.LogType,object) (at C:/build/output/unity/unity/Runtime/Export/Logging/Logger.cs:60)
UnityEngine.Debug:Log (object) (at C:/build/output/unity/unity/Runtime/Export/Debug/Debug.bindings.cs:123)
CoopEpisodeManager:EndAndReset (bool,string) (at C:/Users/Chris/Desktop/OxenLight_ML_V2/OxenLight_ML/Assets/map_01/Scripts/CoopEpisodeManager.cs:217)
CoopEpisodeManager:FixedUpdate () (at C:/Users/Chris/Desktop/OxenLight_ML_V2/OxenLight_ML/Assets/map_01/Scripts/CoopEpisodeManager.cs:126)

(Filename: C:/build/output/unity/unity/Runtime/Export/Debug/Debug.bindings.cs Line: 123)

episode finished | steps=15000 | reason=timeout | teamAvgEpisodeReward=0
UnityEngine.Debug:ExtractStackTraceNoAlloc (byte*,int,string)
UnityEngine.StackTraceUtility:ExtractStackTrace () (at C:/build/output/unity/unity/Runtime/Export/Scripting/StackTrace.cs:35)
UnityEngine.DebugLogHandler:Internal_Log (UnityEngine.LogType,UnityEngine.LogOption,string,UnityEngine.Object)
UnityEngine.DebugLogHandler:LogFormat (UnityEngine.LogType,UnityEngine.Object,string,object[]) (at C:/build/output/unity/unity/Runtime/Export/Logging/DebugLogHandler.cs:9)
UnityEngine.Logger:Log (UnityEngine.LogType,object) (at C:/build/output/unity/unity/Runtime/Export/Logging/Logger.cs:60)
UnityEngine.Debug:Log (object) (at C:/build/output/unity/unity/Runtime/Export/Debug/Debug.bindings.cs:123)
CoopEpisodeManager:EndAndReset (bool,string) (at C:/Users/Chris/Desktop/OxenLight_ML_V2/OxenLight_ML/Assets/map_01/Scripts/CoopEpisodeManager.cs:220)
CoopEpisodeManager:FixedUpdate () (at C:/Users/Chris/Desktop/OxenLight_ML_V2/OxenLight_ML/Assets/map_01/Scripts/CoopEpisodeManager.cs:126)

(Filename: C:/build/output/unity/unity/Runtime/Export/Debug/Debug.bindings.cs Line: 123)

[Episode] World reset
UnityEngine.Debug:ExtractStackTraceNoAlloc (byte*,int,string)
UnityEngine.StackTraceUtility:ExtractStackTrace () (at C:/build/output/unity/unity/Runtime/Export/Scripting/StackTrace.cs:35)
UnityEngine.DebugLogHandler:Internal_Log (UnityEngine.LogType,UnityEngine.LogOption,string,UnityEngine.Object)
UnityEngine.DebugLogHandler:LogFormat (UnityEngine.LogType,UnityEngine.Object,string,object[]) (at C:/build/output/unity/unity/Runtime/Export/Logging/DebugLogHandler.cs:9)
UnityEngine.Logger:Log (UnityEngine.LogType,object) (at C:/build/output/unity/unity/Runtime/Export/Logging/Logger.cs:60)
UnityEngine.Debug:Log (object) (at C:/build/output/unity/unity/Runtime/Export/Debug/Debug.bindings.cs:123)
CoopEpisodeManager:ResetWorld () (at C:/Users/Chris/Desktop/OxenLight_ML_V2/OxenLight_ML/Assets/map_01/Scripts/CoopEpisodeManager.cs:289)
CoopEpisodeManager:EndAndReset (bool,string) (at C:/Users/Chris/Desktop/OxenLight_ML_V2/OxenLight_ML/Assets/map_01/Scripts/CoopEpisodeManager.cs:228)
CoopEpisodeManager:FixedUpdate () (at C:/Users/Chris/Desktop/OxenLight_ML_V2/OxenLight_ML/Assets/map_01/Scripts/CoopEpisodeManager.cs:126)

(Filename: C:/build/output/unity/unity/Runtime/Export/Debug/Debug.bindings.cs Line: 123)

[Episode] TIMEOUT
UnityEngine.Debug:ExtractStackTraceNoAlloc (byte*,int,string)
UnityEngine.StackTraceUtility:ExtractStackTrace () (at C:/build/output/unity/unity/Runtime/Export/Scripting/StackTrace.cs:35)
UnityEngine.DebugLogHandler:Internal_Log (UnityEngine.LogType,UnityEngine.LogOption,string,UnityEngine.Object)
UnityEngine.DebugLogHandler:LogFormat (UnityEngine.LogType,UnityEngine.Object,string,object[]) (at C:/build/output/unity/unity/Runtime/Export/Logging/DebugLogHandler.cs:9)
UnityEngine.Logger:Log (UnityEngine.LogType,object) (at C:/build/output/unity/unity/Runtime/Export/Logging/Logger.cs:60)
UnityEngine.Debug:Log (object) (at C:/build/output/unity/unity/Runtime/Export/Debug/Debug.bindings.cs:123)
CoopEpisodeManager:FixedUpdate () (at C:/Users/Chris/Desktop/OxenLight_ML_V2/OxenLight_ML/Assets/map_01/Scripts/CoopEpisodeManager.cs:125)

(Filename: C:/build/output/unity/unity/Runtime/Export/Debug/Debug.bindings.cs Line: 123)

episode finished | steps=15000 | reason=timeout | agentSlot=0 | episodeReward=0
UnityEngine.Debug:ExtractStackTraceNoAlloc (byte*,int,string)
UnityEngine.StackTraceUtility:ExtractStackTrace () (at C:/build/output/unity/unity/Runtime/Export/Scripting/StackTrace.cs:35)
UnityEngine.DebugLogHandler:Internal_Log (UnityEngine.LogType,UnityEngine.LogOption,string,UnityEngine.Object)
UnityEngine.DebugLogHandler:LogFormat (UnityEngine.LogType,UnityEngine.Object,string,object[]) (at C:/build/output/unity/unity/Runtime/Export/Logging/DebugLogHandler.cs:9)
UnityEngine.Logger:Log (UnityEngine.LogType,object) (at C:/build/output/unity/unity/Runtime/Export/Logging/Logger.cs:60)
UnityEngine.Debug:Log (object) (at C:/build/output/unity/unity/Runtime/Export/Debug/Debug.bindings.cs:123)
CoopEpisodeManager:EndAndReset (bool,string) (at C:/Users/Chris/Desktop/OxenLight_ML_V2/OxenLight_ML/Assets/map_01/Scripts/CoopEpisodeManager.cs:217)
CoopEpisodeManager:FixedUpdate () (at C:/Users/Chris/Desktop/OxenLight_ML_V2/OxenLight_ML/Assets/map_01/Scripts/CoopEpisodeManager.cs:126)

(Filename: C:/build/output/unity/unity/Runtime/Export/Debug/Debug.bindings.cs Line: 123)

episode finished | steps=15000 | reason=timeout | agentSlot=1 | episodeReward=0
UnityEngine.Debug:ExtractStackTraceNoAlloc (byte*,int,string)
UnityEngine.StackTraceUtility:ExtractStackTrace () (at C:/build/output/unity/unity/Runtime/Export/Scripting/StackTrace.cs:35)
UnityEngine.DebugLogHandler:Internal_Log (UnityEngine.LogType,UnityEngine.LogOption,string,UnityEngine.Object)
UnityEngine.DebugLogHandler:LogFormat (UnityEngine.LogType,UnityEngine.Object,string,object[]) (at C:/build/output/unity/unity/Runtime/Export/Logging/DebugLogHandler.cs:9)
UnityEngine.Logger:Log (UnityEngine.LogType,object) (at C:/build/output/unity/unity/Runtime/Export/Logging/Logger.cs:60)
UnityEngine.Debug:Log (object) (at C:/build/output/unity/unity/Runtime/Export/Debug/Debug.bindings.cs:123)
CoopEpisodeManager:EndAndReset (bool,string) (at C:/Users/Chris/Desktop/OxenLight_ML_V2/OxenLight_ML/Assets/map_01/Scripts/CoopEpisodeManager.cs:217)
CoopEpisodeManager:FixedUpdate () (at C:/Users/Chris/Desktop/OxenLight_ML_V2/OxenLight_ML/Assets/map_01/Scripts/CoopEpisodeManager.cs:126)

(Filename: C:/build/output/unity/unity/Runtime/Export/Debug/Debug.bindings.cs Line: 123)

episode finished | steps=15000 | reason=timeout | agentSlot=2 | episodeReward=0
UnityEngine.Debug:ExtractStackTraceNoAlloc (byte*,int,string)
UnityEngine.StackTraceUtility:ExtractStackTrace () (at C:/build/output/unity/unity/Runtime/Export/Scripting/StackTrace.cs:35)
UnityEngine.DebugLogHandler:Internal_Log (UnityEngine.LogType,UnityEngine.LogOption,string,UnityEngine.Object)
UnityEngine.DebugLogHandler:LogFormat (UnityEngine.LogType,UnityEngine.Object,string,object[]) (at C:/build/output/unity/unity/Runtime/Export/Logging/DebugLogHandler.cs:9)
UnityEngine.Logger:Log (UnityEngine.LogType,object) (at C:/build/output/unity/unity/Runtime/Export/Logging/Logger.cs:60)
UnityEngine.Debug:Log (object) (at C:/build/output/unity/unity/Runtime/Export/Debug/Debug.bindings.cs:123)
CoopEpisodeManager:EndAndReset (bool,string) (at C:/Users/Chris/Desktop/OxenLight_ML_V2/OxenLight_ML/Assets/map_01/Scripts/CoopEpisodeManager.cs:217)
CoopEpisodeManager:FixedUpdate () (at C:/Users/Chris/Desktop/OxenLight_ML_V2/OxenLight_ML/Assets/map_01/Scripts/CoopEpisodeManager.cs:126)

(Filename: C:/build/output/unity/unity/Runtime/Export/Debug/Debug.bindings.cs Line: 123)

episode finished | steps=15000 | reason=timeout | agentSlot=3 | episodeReward=0
UnityEngine.Debug:ExtractStackTraceNoAlloc (byte*,int,string)
UnityEngine.StackTraceUtility:ExtractStackTrace () (at C:/build/output/unity/unity/Runtime/Export/Scripting/StackTrace.cs:35)
UnityEngine.DebugLogHandler:Internal_Log (UnityEngine.LogType,UnityEngine.LogOption,string,UnityEngine.Object)
UnityEngine.DebugLogHandler:LogFormat (UnityEngine.LogType,UnityEngine.Object,string,object[]) (at C:/build/output/unity/unity/Runtime/Export/Logging/DebugLogHandler.cs:9)
UnityEngine.Logger:Log (UnityEngine.LogType,object) (at C:/build/output/unity/unity/Runtime/Export/Logging/Logger.cs:60)
UnityEngine.Debug:Log (object) (at C:/build/output/unity/unity/Runtime/Export/Debug/Debug.bindings.cs:123)
CoopEpisodeManager:EndAndReset (bool,string) (at C:/Users/Chris/Desktop/OxenLight_ML_V2/OxenLight_ML/Assets/map_01/Scripts/CoopEpisodeManager.cs:217)
CoopEpisodeManager:FixedUpdate () (at C:/Users/Chris/Desktop/OxenLight_ML_V2/OxenLight_ML/Assets/map_01/Scripts/CoopEpisodeManager.cs:126)

(Filename: C:/build/output/unity/unity/Runtime/Export/Debug/Debug.bindings.cs Line: 123)

episode finished | steps=15000 | reason=timeout | teamAvgEpisodeReward=0
UnityEngine.Debug:ExtractStackTraceNoAlloc (byte*,int,string)
UnityEngine.StackTraceUtility:ExtractStackTrace () (at C:/build/output/unity/unity/Runtime/Export/Scripting/StackTrace.cs:35)
UnityEngine.DebugLogHandler:Internal_Log (UnityEngine.LogType,UnityEngine.LogOption,string,UnityEngine.Object)
UnityEngine.DebugLogHandler:LogFormat (UnityEngine.LogType,UnityEngine.Object,string,object[]) (at C:/build/output/unity/unity/Runtime/Export/Logging/DebugLogHandler.cs:9)
UnityEngine.Logger:Log (UnityEngine.LogType,object) (at C:/build/output/unity/unity/Runtime/Export/Logging/Logger.cs:60)
UnityEngine.Debug:Log (object) (at C:/build/output/unity/unity/Runtime/Export/Debug/Debug.bindings.cs:123)
CoopEpisodeManager:EndAndReset (bool,string) (at C:/Users/Chris/Desktop/OxenLight_ML_V2/OxenLight_ML/Assets/map_01/Scripts/CoopEpisodeManager.cs:220)
CoopEpisodeManager:FixedUpdate () (at C:/Users/Chris/Desktop/OxenLight_ML_V2/OxenLight_ML/Assets/map_01/Scripts/CoopEpisodeManager.cs:126)

(Filename: C:/build/output/unity/unity/Runtime/Export/Debug/Debug.bindings.cs Line: 123)

[Episode] World reset
UnityEngine.Debug:ExtractStackTraceNoAlloc (byte*,int,string)
UnityEngine.StackTraceUtility:ExtractStackTrace () (at C:/build/output/unity/unity/Runtime/Export/Scripting/StackTrace.cs:35)
UnityEngine.DebugLogHandler:Internal_Log (UnityEngine.LogType,UnityEngine.LogOption,string,UnityEngine.Object)
UnityEngine.DebugLogHandler:LogFormat (UnityEngine.LogType,UnityEngine.Object,string,object[]) (at C:/build/output/unity/unity/Runtime/Export/Logging/DebugLogHandler.cs:9)
UnityEngine.Logger:Log (UnityEngine.LogType,object) (at C:/build/output/unity/unity/Runtime/Export/Logging/Logger.cs:60)
UnityEngine.Debug:Log (object) (at C:/build/output/unity/unity/Runtime/Export/Debug/Debug.bindings.cs:123)
CoopEpisodeManager:ResetWorld () (at C:/Users/Chris/Desktop/OxenLight_ML_V2/OxenLight_ML/Assets/map_01/Scripts/CoopEpisodeManager.cs:289)
CoopEpisodeManager:EndAndReset (bool,string) (at C:/Users/Chris/Desktop/OxenLight_ML_V2/OxenLight_ML/Assets/map_01/Scripts/CoopEpisodeManager.cs:228)
CoopEpisodeManager:FixedUpdate () (at C:/Users/Chris/Desktop/OxenLight_ML_V2/OxenLight_ML/Assets/map_01/Scripts/CoopEpisodeManager.cs:126)

(Filename: C:/build/output/unity/unity/Runtime/Export/Debug/Debug.bindings.cs Line: 123)

[Episode] TIMEOUT
UnityEngine.Debug:ExtractStackTraceNoAlloc (byte*,int,string)
UnityEngine.StackTraceUtility:ExtractStackTrace () (at C:/build/output/unity/unity/Runtime/Export/Scripting/StackTrace.cs:35)
UnityEngine.DebugLogHandler:Internal_Log (UnityEngine.LogType,UnityEngine.LogOption,string,UnityEngine.Object)
UnityEngine.DebugLogHandler:LogFormat (UnityEngine.LogType,UnityEngine.Object,string,object[]) (at C:/build/output/unity/unity/Runtime/Export/Logging/DebugLogHandler.cs:9)
UnityEngine.Logger:Log (UnityEngine.LogType,object) (at C:/build/output/unity/unity/Runtime/Export/Logging/Logger.cs:60)
UnityEngine.Debug:Log (object) (at C:/build/output/unity/unity/Runtime/Export/Debug/Debug.bindings.cs:123)
CoopEpisodeManager:FixedUpdate () (at C:/Users/Chris/Desktop/OxenLight_ML_V2/OxenLight_ML/Assets/map_01/Scripts/CoopEpisodeManager.cs:125)

(Filename: C:/build/output/unity/unity/Runtime/Export/Debug/Debug.bindings.cs Line: 123)

episode finished | steps=15000 | reason=timeout | agentSlot=0 | episodeReward=0
UnityEngine.Debug:ExtractStackTraceNoAlloc (byte*,int,string)
UnityEngine.StackTraceUtility:ExtractStackTrace () (at C:/build/output/unity/unity/Runtime/Export/Scripting/StackTrace.cs:35)
UnityEngine.DebugLogHandler:Internal_Log (UnityEngine.LogType,UnityEngine.LogOption,string,UnityEngine.Object)
UnityEngine.DebugLogHandler:LogFormat (UnityEngine.LogType,UnityEngine.Object,string,object[]) (at C:/build/output/unity/unity/Runtime/Export/Logging/DebugLogHandler.cs:9)
UnityEngine.Logger:Log (UnityEngine.LogType,object) (at C:/build/output/unity/unity/Runtime/Export/Logging/Logger.cs:60)
UnityEngine.Debug:Log (object) (at C:/build/output/unity/unity/Runtime/Export/Debug/Debug.bindings.cs:123)
CoopEpisodeManager:EndAndReset (bool,string) (at C:/Users/Chris/Desktop/OxenLight_ML_V2/OxenLight_ML/Assets/map_01/Scripts/CoopEpisodeManager.cs:217)
CoopEpisodeManager:FixedUpdate () (at C:/Users/Chris/Desktop/OxenLight_ML_V2/OxenLight_ML/Assets/map_01/Scripts/CoopEpisodeManager.cs:126)

(Filename: C:/build/output/unity/unity/Runtime/Export/Debug/Debug.bindings.cs Line: 123)

episode finished | steps=15000 | reason=timeout | agentSlot=1 | episodeReward=0
UnityEngine.Debug:ExtractStackTraceNoAlloc (byte*,int,string)
UnityEngine.StackTraceUtility:ExtractStackTrace () (at C:/build/output/unity/unity/Runtime/Export/Scripting/StackTrace.cs:35)
UnityEngine.DebugLogHandler:Internal_Log (UnityEngine.LogType,UnityEngine.LogOption,string,UnityEngine.Object)
UnityEngine.DebugLogHandler:LogFormat (UnityEngine.LogType,UnityEngine.Object,string,object[]) (at C:/build/output/unity/unity/Runtime/Export/Logging/DebugLogHandler.cs:9)
UnityEngine.Logger:Log (UnityEngine.LogType,object) (at C:/build/output/unity/unity/Runtime/Export/Logging/Logger.cs:60)
UnityEngine.Debug:Log (object) (at C:/build/output/unity/unity/Runtime/Export/Debug/Debug.bindings.cs:123)
CoopEpisodeManager:EndAndReset (bool,string) (at C:/Users/Chris/Desktop/OxenLight_ML_V2/OxenLight_ML/Assets/map_01/Scripts/CoopEpisodeManager.cs:217)
CoopEpisodeManager:FixedUpdate () (at C:/Users/Chris/Desktop/OxenLight_ML_V2/OxenLight_ML/Assets/map_01/Scripts/CoopEpisodeManager.cs:126)

(Filename: C:/build/output/unity/unity/Runtime/Export/Debug/Debug.bindings.cs Line: 123)

episode finished | steps=15000 | reason=timeout | agentSlot=2 | episodeReward=0
UnityEngine.Debug:ExtractStackTraceNoAlloc (byte*,int,string)
UnityEngine.StackTraceUtility:ExtractStackTrace () (at C:/build/output/unity/unity/Runtime/Export/Scripting/StackTrace.cs:35)
UnityEngine.DebugLogHandler:Internal_Log (UnityEngine.LogType,UnityEngine.LogOption,string,UnityEngine.Object)
UnityEngine.DebugLogHandler:LogFormat (UnityEngine.LogType,UnityEngine.Object,string,object[]) (at C:/build/output/unity/unity/Runtime/Export/Logging/DebugLogHandler.cs:9)
UnityEngine.Logger:Log (UnityEngine.LogType,object) (at C:/build/output/unity/unity/Runtime/Export/Logging/Logger.cs:60)
UnityEngine.Debug:Log (object) (at C:/build/output/unity/unity/Runtime/Export/Debug/Debug.bindings.cs:123)
CoopEpisodeManager:EndAndReset (bool,string) (at C:/Users/Chris/Desktop/OxenLight_ML_V2/OxenLight_ML/Assets/map_01/Scripts/CoopEpisodeManager.cs:217)
CoopEpisodeManager:FixedUpdate () (at C:/Users/Chris/Desktop/OxenLight_ML_V2/OxenLight_ML/Assets/map_01/Scripts/CoopEpisodeManager.cs:126)

(Filename: C:/build/output/unity/unity/Runtime/Export/Debug/Debug.bindings.cs Line: 123)

episode finished | steps=15000 | reason=timeout | agentSlot=3 | episodeReward=0
UnityEngine.Debug:ExtractStackTraceNoAlloc (byte*,int,string)
UnityEngine.StackTraceUtility:ExtractStackTrace () (at C:/build/output/unity/unity/Runtime/Export/Scripting/StackTrace.cs:35)
UnityEngine.DebugLogHandler:Internal_Log (UnityEngine.LogType,UnityEngine.LogOption,string,UnityEngine.Object)
UnityEngine.DebugLogHandler:LogFormat (UnityEngine.LogType,UnityEngine.Object,string,object[]) (at C:/build/output/unity/unity/Runtime/Export/Logging/DebugLogHandler.cs:9)
UnityEngine.Logger:Log (UnityEngine.LogType,object) (at C:/build/output/unity/unity/Runtime/Export/Logging/Logger.cs:60)
UnityEngine.Debug:Log (object) (at C:/build/output/unity/unity/Runtime/Export/Debug/Debug.bindings.cs:123)
CoopEpisodeManager:EndAndReset (bool,string) (at C:/Users/Chris/Desktop/OxenLight_ML_V2/OxenLight_ML/Assets/map_01/Scripts/CoopEpisodeManager.cs:217)
CoopEpisodeManager:FixedUpdate () (at C:/Users/Chris/Desktop/OxenLight_ML_V2/OxenLight_ML/Assets/map_01/Scripts/CoopEpisodeManager.cs:126)

(Filename: C:/build/output/unity/unity/Runtime/Export/Debug/Debug.bindings.cs Line: 123)

episode finished | steps=15000 | reason=timeout | teamAvgEpisodeReward=0
UnityEngine.Debug:ExtractStackTraceNoAlloc (byte*,int,string)
UnityEngine.StackTraceUtility:ExtractStackTrace () (at C:/build/output/unity/unity/Runtime/Export/Scripting/StackTrace.cs:35)
UnityEngine.DebugLogHandler:Internal_Log (UnityEngine.LogType,UnityEngine.LogOption,string,UnityEngine.Object)
UnityEngine.DebugLogHandler:LogFormat (UnityEngine.LogType,UnityEngine.Object,string,object[]) (at C:/build/output/unity/unity/Runtime/Export/Logging/DebugLogHandler.cs:9)
UnityEngine.Logger:Log (UnityEngine.LogType,object) (at C:/build/output/unity/unity/Runtime/Export/Logging/Logger.cs:60)
UnityEngine.Debug:Log (object) (at C:/build/output/unity/unity/Runtime/Export/Debug/Debug.bindings.cs:123)
CoopEpisodeManager:EndAndReset (bool,string) (at C:/Users/Chris/Desktop/OxenLight_ML_V2/OxenLight_ML/Assets/map_01/Scripts/CoopEpisodeManager.cs:220)
CoopEpisodeManager:FixedUpdate () (at C:/Users/Chris/Desktop/OxenLight_ML_V2/OxenLight_ML/Assets/map_01/Scripts/CoopEpisodeManager.cs:126)

(Filename: C:/build/output/unity/unity/Runtime/Export/Debug/Debug.bindings.cs Line: 123)

[Episode] World reset
UnityEngine.Debug:ExtractStackTraceNoAlloc (byte*,int,string)
UnityEngine.StackTraceUtility:ExtractStackTrace () (at C:/build/output/unity/unity/Runtime/Export/Scripting/StackTrace.cs:35)
UnityEngine.DebugLogHandler:Internal_Log (UnityEngine.LogType,UnityEngine.LogOption,string,UnityEngine.Object)
UnityEngine.DebugLogHandler:LogFormat (UnityEngine.LogType,UnityEngine.Object,string,object[]) (at C:/build/output/unity/unity/Runtime/Export/Logging/DebugLogHandler.cs:9)
UnityEngine.Logger:Log (UnityEngine.LogType,object) (at C:/build/output/unity/unity/Runtime/Export/Logging/Logger.cs:60)
UnityEngine.Debug:Log (object) (at C:/build/output/unity/unity/Runtime/Export/Debug/Debug.bindings.cs:123)
CoopEpisodeManager:ResetWorld () (at C:/Users/Chris/Desktop/OxenLight_ML_V2/OxenLight_ML/Assets/map_01/Scripts/CoopEpisodeManager.cs:289)
CoopEpisodeManager:EndAndReset (bool,string) (at C:/Users/Chris/Desktop/OxenLight_ML_V2/OxenLight_ML/Assets/map_01/Scripts/CoopEpisodeManager.cs:228)
CoopEpisodeManager:FixedUpdate () (at C:/Users/Chris/Desktop/OxenLight_ML_V2/OxenLight_ML/Assets/map_01/Scripts/CoopEpisodeManager.cs:126)

(Filename: C:/build/output/unity/unity/Runtime/Export/Debug/Debug.bindings.cs Line: 123)

[Episode] TIMEOUT
UnityEngine.Debug:ExtractStackTraceNoAlloc (byte*,int,string)
UnityEngine.StackTraceUtility:ExtractStackTrace () (at C:/build/output/unity/unity/Runtime/Export/Scripting/StackTrace.cs:35)
UnityEngine.DebugLogHandler:Internal_Log (UnityEngine.LogType,UnityEngine.LogOption,string,UnityEngine.Object)
UnityEngine.DebugLogHandler:LogFormat (UnityEngine.LogType,UnityEngine.Object,string,object[]) (at C:/build/output/unity/unity/Runtime/Export/Logging/DebugLogHandler.cs:9)
UnityEngine.Logger:Log (UnityEngine.LogType,object) (at C:/build/output/unity/unity/Runtime/Export/Logging/Logger.cs:60)
UnityEngine.Debug:Log (object) (at C:/build/output/unity/unity/Runtime/Export/Debug/Debug.bindings.cs:123)
CoopEpisodeManager:FixedUpdate () (at C:/Users/Chris/Desktop/OxenLight_ML_V2/OxenLight_ML/Assets/map_01/Scripts/CoopEpisodeManager.cs:125)

(Filename: C:/build/output/unity/unity/Runtime/Export/Debug/Debug.bindings.cs Line: 123)

episode finished | steps=15000 | reason=timeout | agentSlot=0 | episodeReward=0
UnityEngine.Debug:ExtractStackTraceNoAlloc (byte*,int,string)
UnityEngine.StackTraceUtility:ExtractStackTrace () (at C:/build/output/unity/unity/Runtime/Export/Scripting/StackTrace.cs:35)
UnityEngine.DebugLogHandler:Internal_Log (UnityEngine.LogType,UnityEngine.LogOption,string,UnityEngine.Object)
UnityEngine.DebugLogHandler:LogFormat (UnityEngine.LogType,UnityEngine.Object,string,object[]) (at C:/build/output/unity/unity/Runtime/Export/Logging/DebugLogHandler.cs:9)
UnityEngine.Logger:Log (UnityEngine.LogType,object) (at C:/build/output/unity/unity/Runtime/Export/Logging/Logger.cs:60)
UnityEngine.Debug:Log (object) (at C:/build/output/unity/unity/Runtime/Export/Debug/Debug.bindings.cs:123)
CoopEpisodeManager:EndAndReset (bool,string) (at C:/Users/Chris/Desktop/OxenLight_ML_V2/OxenLight_ML/Assets/map_01/Scripts/CoopEpisodeManager.cs:217)
CoopEpisodeManager:FixedUpdate () (at C:/Users/Chris/Desktop/OxenLight_ML_V2/OxenLight_ML/Assets/map_01/Scripts/CoopEpisodeManager.cs:126)

(Filename: C:/build/output/unity/unity/Runtime/Export/Debug/Debug.bindings.cs Line: 123)

episode finished | steps=15000 | reason=timeout | agentSlot=1 | episodeReward=0
UnityEngine.Debug:ExtractStackTraceNoAlloc (byte*,int,string)
UnityEngine.StackTraceUtility:ExtractStackTrace () (at C:/build/output/unity/unity/Runtime/Export/Scripting/StackTrace.cs:35)
UnityEngine.DebugLogHandler:Internal_Log (UnityEngine.LogType,UnityEngine.LogOption,string,UnityEngine.Object)
UnityEngine.DebugLogHandler:LogFormat (UnityEngine.LogType,UnityEngine.Object,string,object[]) (at C:/build/output/unity/unity/Runtime/Export/Logging/DebugLogHandler.cs:9)
UnityEngine.Logger:Log (UnityEngine.LogType,object) (at C:/build/output/unity/unity/Runtime/Export/Logging/Logger.cs:60)
UnityEngine.Debug:Log (object) (at C:/build/output/unity/unity/Runtime/Export/Debug/Debug.bindings.cs:123)
CoopEpisodeManager:EndAndReset (bool,string) (at C:/Users/Chris/Desktop/OxenLight_ML_V2/OxenLight_ML/Assets/map_01/Scripts/CoopEpisodeManager.cs:217)
CoopEpisodeManager:FixedUpdate () (at C:/Users/Chris/Desktop/OxenLight_ML_V2/OxenLight_ML/Assets/map_01/Scripts/CoopEpisodeManager.cs:126)

(Filename: C:/build/output/unity/unity/Runtime/Export/Debug/Debug.bindings.cs Line: 123)

episode finished | steps=15000 | reason=timeout | agentSlot=2 | episodeReward=0
UnityEngine.Debug:ExtractStackTraceNoAlloc (byte*,int,string)
UnityEngine.StackTraceUtility:ExtractStackTrace () (at C:/build/output/unity/unity/Runtime/Export/Scripting/StackTrace.cs:35)
UnityEngine.DebugLogHandler:Internal_Log (UnityEngine.LogType,UnityEngine.LogOption,string,UnityEngine.Object)
UnityEngine.DebugLogHandler:LogFormat (UnityEngine.LogType,UnityEngine.Object,string,object[]) (at C:/build/output/unity/unity/Runtime/Export/Logging/DebugLogHandler.cs:9)
UnityEngine.Logger:Log (UnityEngine.LogType,object) (at C:/build/output/unity/unity/Runtime/Export/Logging/Logger.cs:60)
UnityEngine.Debug:Log (object) (at C:/build/output/unity/unity/Runtime/Export/Debug/Debug.bindings.cs:123)
CoopEpisodeManager:EndAndReset (bool,string) (at C:/Users/Chris/Desktop/OxenLight_ML_V2/OxenLight_ML/Assets/map_01/Scripts/CoopEpisodeManager.cs:217)
CoopEpisodeManager:FixedUpdate () (at C:/Users/Chris/Desktop/OxenLight_ML_V2/OxenLight_ML/Assets/map_01/Scripts/CoopEpisodeManager.cs:126)

(Filename: C:/build/output/unity/unity/Runtime/Export/Debug/Debug.bindings.cs Line: 123)

episode finished | steps=15000 | reason=timeout | agentSlot=3 | episodeReward=0
UnityEngine.Debug:ExtractStackTraceNoAlloc (byte*,int,string)
UnityEngine.StackTraceUtility:ExtractStackTrace () (at C:/build/output/unity/unity/Runtime/Export/Scripting/StackTrace.cs:35)
UnityEngine.DebugLogHandler:Internal_Log (UnityEngine.LogType,UnityEngine.LogOption,string,UnityEngine.Object)
UnityEngine.DebugLogHandler:LogFormat (UnityEngine.LogType,UnityEngine.Object,string,object[]) (at C:/build/output/unity/unity/Runtime/Export/Logging/DebugLogHandler.cs:9)
UnityEngine.Logger:Log (UnityEngine.LogType,object) (at C:/build/output/unity/unity/Runtime/Export/Logging/Logger.cs:60)
UnityEngine.Debug:Log (object) (at C:/build/output/unity/unity/Runtime/Export/Debug/Debug.bindings.cs:123)
CoopEpisodeManager:EndAndReset (bool,string) (at C:/Users/Chris/Desktop/OxenLight_ML_V2/OxenLight_ML/Assets/map_01/Scripts/CoopEpisodeManager.cs:217)
CoopEpisodeManager:FixedUpdate () (at C:/Users/Chris/Desktop/OxenLight_ML_V2/OxenLight_ML/Assets/map_01/Scripts/CoopEpisodeManager.cs:126)

(Filename: C:/build/output/unity/unity/Runtime/Export/Debug/Debug.bindings.cs Line: 123)

episode finished | steps=15000 | reason=timeout | teamAvgEpisodeReward=0
UnityEngine.Debug:ExtractStackTraceNoAlloc (byte*,int,string)
UnityEngine.StackTraceUtility:ExtractStackTrace () (at C:/build/output/unity/unity/Runtime/Export/Scripting/StackTrace.cs:35)
UnityEngine.DebugLogHandler:Internal_Log (UnityEngine.LogType,UnityEngine.LogOption,string,UnityEngine.Object)
UnityEngine.DebugLogHandler:LogFormat (UnityEngine.LogType,UnityEngine.Object,string,object[]) (at C:/build/output/unity/unity/Runtime/Export/Logging/DebugLogHandler.cs:9)
UnityEngine.Logger:Log (UnityEngine.LogType,object) (at C:/build/output/unity/unity/Runtime/Export/Logging/Logger.cs:60)
UnityEngine.Debug:Log (object) (at C:/build/output/unity/unity/Runtime/Export/Debug/Debug.bindings.cs:123)
CoopEpisodeManager:EndAndReset (bool,string) (at C:/Users/Chris/Desktop/OxenLight_ML_V2/OxenLight_ML/Assets/map_01/Scripts/CoopEpisodeManager.cs:220)
CoopEpisodeManager:FixedUpdate () (at C:/Users/Chris/Desktop/OxenLight_ML_V2/OxenLight_ML/Assets/map_01/Scripts/CoopEpisodeManager.cs:126)

(Filename: C:/build/output/unity/unity/Runtime/Export/Debug/Debug.bindings.cs Line: 123)

[Episode] World reset
UnityEngine.Debug:ExtractStackTraceNoAlloc (byte*,int,string)
UnityEngine.StackTraceUtility:ExtractStackTrace () (at C:/build/output/unity/unity/Runtime/Export/Scripting/StackTrace.cs:35)
UnityEngine.DebugLogHandler:Internal_Log (UnityEngine.LogType,UnityEngine.LogOption,string,UnityEngine.Object)
UnityEngine.DebugLogHandler:LogFormat (UnityEngine.LogType,UnityEngine.Object,string,object[]) (at C:/build/output/unity/unity/Runtime/Export/Logging/DebugLogHandler.cs:9)
UnityEngine.Logger:Log (UnityEngine.LogType,object) (at C:/build/output/unity/unity/Runtime/Export/Logging/Logger.cs:60)
UnityEngine.Debug:Log (object) (at C:/build/output/unity/unity/Runtime/Export/Debug/Debug.bindings.cs:123)
CoopEpisodeManager:ResetWorld () (at C:/Users/Chris/Desktop/OxenLight_ML_V2/OxenLight_ML/Assets/map_01/Scripts/CoopEpisodeManager.cs:289)
CoopEpisodeManager:EndAndReset (bool,string) (at C:/Users/Chris/Desktop/OxenLight_ML_V2/OxenLight_ML/Assets/map_01/Scripts/CoopEpisodeManager.cs:228)
CoopEpisodeManager:FixedUpdate () (at C:/Users/Chris/Desktop/OxenLight_ML_V2/OxenLight_ML/Assets/map_01/Scripts/CoopEpisodeManager.cs:126)

(Filename: C:/build/output/unity/unity/Runtime/Export/Debug/Debug.bindings.cs Line: 123)

[Episode] TIMEOUT
UnityEngine.Debug:ExtractStackTraceNoAlloc (byte*,int,string)
UnityEngine.StackTraceUtility:ExtractStackTrace () (at C:/build/output/unity/unity/Runtime/Export/Scripting/StackTrace.cs:35)
UnityEngine.DebugLogHandler:Internal_Log (UnityEngine.LogType,UnityEngine.LogOption,string,UnityEngine.Object)
UnityEngine.DebugLogHandler:LogFormat (UnityEngine.LogType,UnityEngine.Object,string,object[]) (at C:/build/output/unity/unity/Runtime/Export/Logging/DebugLogHandler.cs:9)
UnityEngine.Logger:Log (UnityEngine.LogType,object) (at C:/build/output/unity/unity/Runtime/Export/Logging/Logger.cs:60)
UnityEngine.Debug:Log (object) (at C:/build/output/unity/unity/Runtime/Export/Debug/Debug.bindings.cs:123)
CoopEpisodeManager:FixedUpdate () (at C:/Users/Chris/Desktop/OxenLight_ML_V2/OxenLight_ML/Assets/map_01/Scripts/CoopEpisodeManager.cs:125)

(Filename: C:/build/output/unity/unity/Runtime/Export/Debug/Debug.bindings.cs Line: 123)

episode finished | steps=15000 | reason=timeout | agentSlot=0 | episodeReward=0
UnityEngine.Debug:ExtractStackTraceNoAlloc (byte*,int,string)
UnityEngine.StackTraceUtility:ExtractStackTrace () (at C:/build/output/unity/unity/Runtime/Export/Scripting/StackTrace.cs:35)
UnityEngine.DebugLogHandler:Internal_Log (UnityEngine.LogType,UnityEngine.LogOption,string,UnityEngine.Object)
UnityEngine.DebugLogHandler:LogFormat (UnityEngine.LogType,UnityEngine.Object,string,object[]) (at C:/build/output/unity/unity/Runtime/Export/Logging/DebugLogHandler.cs:9)
UnityEngine.Logger:Log (UnityEngine.LogType,object) (at C:/build/output/unity/unity/Runtime/Export/Logging/Logger.cs:60)
UnityEngine.Debug:Log (object) (at C:/build/output/unity/unity/Runtime/Export/Debug/Debug.bindings.cs:123)
CoopEpisodeManager:EndAndReset (bool,string) (at C:/Users/Chris/Desktop/OxenLight_ML_V2/OxenLight_ML/Assets/map_01/Scripts/CoopEpisodeManager.cs:217)
CoopEpisodeManager:FixedUpdate () (at C:/Users/Chris/Desktop/OxenLight_ML_V2/OxenLight_ML/Assets/map_01/Scripts/CoopEpisodeManager.cs:126)

(Filename: C:/build/output/unity/unity/Runtime/Export/Debug/Debug.bindings.cs Line: 123)

episode finished | steps=15000 | reason=timeout | agentSlot=1 | episodeReward=0
UnityEngine.Debug:ExtractStackTraceNoAlloc (byte*,int,string)
UnityEngine.StackTraceUtility:ExtractStackTrace () (at C:/build/output/unity/unity/Runtime/Export/Scripting/StackTrace.cs:35)
UnityEngine.DebugLogHandler:Internal_Log (UnityEngine.LogType,UnityEngine.LogOption,string,UnityEngine.Object)
UnityEngine.DebugLogHandler:LogFormat (UnityEngine.LogType,UnityEngine.Object,string,object[]) (at C:/build/output/unity/unity/Runtime/Export/Logging/DebugLogHandler.cs:9)
UnityEngine.Logger:Log (UnityEngine.LogType,object) (at C:/build/output/unity/unity/Runtime/Export/Logging/Logger.cs:60)
UnityEngine.Debug:Log (object) (at C:/build/output/unity/unity/Runtime/Export/Debug/Debug.bindings.cs:123)
CoopEpisodeManager:EndAndReset (bool,string) (at C:/Users/Chris/Desktop/OxenLight_ML_V2/OxenLight_ML/Assets/map_01/Scripts/CoopEpisodeManager.cs:217)
CoopEpisodeManager:FixedUpdate () (at C:/Users/Chris/Desktop/OxenLight_ML_V2/OxenLight_ML/Assets/map_01/Scripts/CoopEpisodeManager.cs:126)

(Filename: C:/build/output/unity/unity/Runtime/Export/Debug/Debug.bindings.cs Line: 123)

episode finished | steps=15000 | reason=timeout | agentSlot=2 | episodeReward=0
UnityEngine.Debug:ExtractStackTraceNoAlloc (byte*,int,string)
UnityEngine.StackTraceUtility:ExtractStackTrace () (at C:/build/output/unity/unity/Runtime/Export/Scripting/StackTrace.cs:35)
UnityEngine.DebugLogHandler:Internal_Log (UnityEngine.LogType,UnityEngine.LogOption,string,UnityEngine.Object)
UnityEngine.DebugLogHandler:LogFormat (UnityEngine.LogType,UnityEngine.Object,string,object[]) (at C:/build/output/unity/unity/Runtime/Export/Logging/DebugLogHandler.cs:9)
UnityEngine.Logger:Log (UnityEngine.LogType,object) (at C:/build/output/unity/unity/Runtime/Export/Logging/Logger.cs:60)
UnityEngine.Debug:Log (object) (at C:/build/output/unity/unity/Runtime/Export/Debug/Debug.bindings.cs:123)
CoopEpisodeManager:EndAndReset (bool,string) (at C:/Users/Chris/Desktop/OxenLight_ML_V2/OxenLight_ML/Assets/map_01/Scripts/CoopEpisodeManager.cs:217)
CoopEpisodeManager:FixedUpdate () (at C:/Users/Chris/Desktop/OxenLight_ML_V2/OxenLight_ML/Assets/map_01/Scripts/CoopEpisodeManager.cs:126)

(Filename: C:/build/output/unity/unity/Runtime/Export/Debug/Debug.bindings.cs Line: 123)

episode finished | steps=15000 | reason=timeout | agentSlot=3 | episodeReward=0
UnityEngine.Debug:ExtractStackTraceNoAlloc (byte*,int,string)
UnityEngine.StackTraceUtility:ExtractStackTrace () (at C:/build/output/unity/unity/Runtime/Export/Scripting/StackTrace.cs:35)
UnityEngine.DebugLogHandler:Internal_Log (UnityEngine.LogType,UnityEngine.LogOption,string,UnityEngine.Object)
UnityEngine.DebugLogHandler:LogFormat (UnityEngine.LogType,UnityEngine.Object,string,object[]) (at C:/build/output/unity/unity/Runtime/Export/Logging/DebugLogHandler.cs:9)
UnityEngine.Logger:Log (UnityEngine.LogType,object) (at C:/build/output/unity/unity/Runtime/Export/Logging/Logger.cs:60)
UnityEngine.Debug:Log (object) (at C:/build/output/unity/unity/Runtime/Export/Debug/Debug.bindings.cs:123)
CoopEpisodeManager:EndAndReset (bool,string) (at C:/Users/Chris/Desktop/OxenLight_ML_V2/OxenLight_ML/Assets/map_01/Scripts/CoopEpisodeManager.cs:217)
CoopEpisodeManager:FixedUpdate () (at C:/Users/Chris/Desktop/OxenLight_ML_V2/OxenLight_ML/Assets/map_01/Scripts/CoopEpisodeManager.cs:126)

(Filename: C:/build/output/unity/unity/Runtime/Export/Debug/Debug.bindings.cs Line: 123)

episode finished | steps=15000 | reason=timeout | teamAvgEpisodeReward=0
UnityEngine.Debug:ExtractStackTraceNoAlloc (byte*,int,string)
UnityEngine.StackTraceUtility:ExtractStackTrace () (at C:/build/output/unity/unity/Runtime/Export/Scripting/StackTrace.cs:35)
UnityEngine.DebugLogHandler:Internal_Log (UnityEngine.LogType,UnityEngine.LogOption,string,UnityEngine.Object)
UnityEngine.DebugLogHandler:LogFormat (UnityEngine.LogType,UnityEngine.Object,string,object[]) (at C:/build/output/unity/unity/Runtime/Export/Logging/DebugLogHandler.cs:9)
UnityEngine.Logger:Log (UnityEngine.LogType,object) (at C:/build/output/unity/unity/Runtime/Export/Logging/Logger.cs:60)
UnityEngine.Debug:Log (object) (at C:/build/output/unity/unity/Runtime/Export/Debug/Debug.bindings.cs:123)
CoopEpisodeManager:EndAndReset (bool,string) (at C:/Users/Chris/Desktop/OxenLight_ML_V2/OxenLight_ML/Assets/map_01/Scripts/CoopEpisodeManager.cs:220)
CoopEpisodeManager:FixedUpdate () (at C:/Users/Chris/Desktop/OxenLight_ML_V2/OxenLight_ML/Assets/map_01/Scripts/CoopEpisodeManager.cs:126)

(Filename: C:/build/output/unity/unity/Runtime/Export/Debug/Debug.bindings.cs Line: 123)

[Episode] World reset
UnityEngine.Debug:ExtractStackTraceNoAlloc (byte*,int,string)
UnityEngine.StackTraceUtility:ExtractStackTrace () (at C:/build/output/unity/unity/Runtime/Export/Scripting/StackTrace.cs:35)
UnityEngine.DebugLogHandler:Internal_Log (UnityEngine.LogType,UnityEngine.LogOption,string,UnityEngine.Object)
UnityEngine.DebugLogHandler:LogFormat (UnityEngine.LogType,UnityEngine.Object,string,object[]) (at C:/build/output/unity/unity/Runtime/Export/Logging/DebugLogHandler.cs:9)
UnityEngine.Logger:Log (UnityEngine.LogType,object) (at C:/build/output/unity/unity/Runtime/Export/Logging/Logger.cs:60)
UnityEngine.Debug:Log (object) (at C:/build/output/unity/unity/Runtime/Export/Debug/Debug.bindings.cs:123)
CoopEpisodeManager:ResetWorld () (at C:/Users/Chris/Desktop/OxenLight_ML_V2/OxenLight_ML/Assets/map_01/Scripts/CoopEpisodeManager.cs:289)
CoopEpisodeManager:EndAndReset (bool,string) (at C:/Users/Chris/Desktop/OxenLight_ML_V2/OxenLight_ML/Assets/map_01/Scripts/CoopEpisodeManager.cs:228)
CoopEpisodeManager:FixedUpdate () (at C:/Users/Chris/Desktop/OxenLight_ML_V2/OxenLight_ML/Assets/map_01/Scripts/CoopEpisodeManager.cs:126)

(Filename: C:/build/output/unity/unity/Runtime/Export/Debug/Debug.bindings.cs Line: 123)

[Episode] TIMEOUT
UnityEngine.Debug:ExtractStackTraceNoAlloc (byte*,int,string)
UnityEngine.StackTraceUtility:ExtractStackTrace () (at C:/build/output/unity/unity/Runtime/Export/Scripting/StackTrace.cs:35)
UnityEngine.DebugLogHandler:Internal_Log (UnityEngine.LogType,UnityEngine.LogOption,string,UnityEngine.Object)
UnityEngine.DebugLogHandler:LogFormat (UnityEngine.LogType,UnityEngine.Object,string,object[]) (at C:/build/output/unity/unity/Runtime/Export/Logging/DebugLogHandler.cs:9)
UnityEngine.Logger:Log (UnityEngine.LogType,object) (at C:/build/output/unity/unity/Runtime/Export/Logging/Logger.cs:60)
UnityEngine.Debug:Log (object) (at C:/build/output/unity/unity/Runtime/Export/Debug/Debug.bindings.cs:123)
CoopEpisodeManager:FixedUpdate () (at C:/Users/Chris/Desktop/OxenLight_ML_V2/OxenLight_ML/Assets/map_01/Scripts/CoopEpisodeManager.cs:125)

(Filename: C:/build/output/unity/unity/Runtime/Export/Debug/Debug.bindings.cs Line: 123)

episode finished | steps=15000 | reason=timeout | agentSlot=0 | episodeReward=0
UnityEngine.Debug:ExtractStackTraceNoAlloc (byte*,int,string)
UnityEngine.StackTraceUtility:ExtractStackTrace () (at C:/build/output/unity/unity/Runtime/Export/Scripting/StackTrace.cs:35)
UnityEngine.DebugLogHandler:Internal_Log (UnityEngine.LogType,UnityEngine.LogOption,string,UnityEngine.Object)
UnityEngine.DebugLogHandler:LogFormat (UnityEngine.LogType,UnityEngine.Object,string,object[]) (at C:/build/output/unity/unity/Runtime/Export/Logging/DebugLogHandler.cs:9)
UnityEngine.Logger:Log (UnityEngine.LogType,object) (at C:/build/output/unity/unity/Runtime/Export/Logging/Logger.cs:60)
UnityEngine.Debug:Log (object) (at C:/build/output/unity/unity/Runtime/Export/Debug/Debug.bindings.cs:123)
CoopEpisodeManager:EndAndReset (bool,string) (at C:/Users/Chris/Desktop/OxenLight_ML_V2/OxenLight_ML/Assets/map_01/Scripts/CoopEpisodeManager.cs:217)
CoopEpisodeManager:FixedUpdate () (at C:/Users/Chris/Desktop/OxenLight_ML_V2/OxenLight_ML/Assets/map_01/Scripts/CoopEpisodeManager.cs:126)

(Filename: C:/build/output/unity/unity/Runtime/Export/Debug/Debug.bindings.cs Line: 123)

episode finished | steps=15000 | reason=timeout | agentSlot=1 | episodeReward=0
UnityEngine.Debug:ExtractStackTraceNoAlloc (byte*,int,string)
UnityEngine.StackTraceUtility:ExtractStackTrace () (at C:/build/output/unity/unity/Runtime/Export/Scripting/StackTrace.cs:35)
UnityEngine.DebugLogHandler:Internal_Log (UnityEngine.LogType,UnityEngine.LogOption,string,UnityEngine.Object)
UnityEngine.DebugLogHandler:LogFormat (UnityEngine.LogType,UnityEngine.Object,string,object[]) (at C:/build/output/unity/unity/Runtime/Export/Logging/DebugLogHandler.cs:9)
UnityEngine.Logger:Log (UnityEngine.LogType,object) (at C:/build/output/unity/unity/Runtime/Export/Logging/Logger.cs:60)
UnityEngine.Debug:Log (object) (at C:/build/output/unity/unity/Runtime/Export/Debug/Debug.bindings.cs:123)
CoopEpisodeManager:EndAndReset (bool,string) (at C:/Users/Chris/Desktop/OxenLight_ML_V2/OxenLight_ML/Assets/map_01/Scripts/CoopEpisodeManager.cs:217)
CoopEpisodeManager:FixedUpdate () (at C:/Users/Chris/Desktop/OxenLight_ML_V2/OxenLight_ML/Assets/map_01/Scripts/CoopEpisodeManager.cs:126)

(Filename: C:/build/output/unity/unity/Runtime/Export/Debug/Debug.bindings.cs Line: 123)

episode finished | steps=15000 | reason=timeout | agentSlot=2 | episodeReward=0
UnityEngine.Debug:ExtractStackTraceNoAlloc (byte*,int,string)
UnityEngine.StackTraceUtility:ExtractStackTrace () (at C:/build/output/unity/unity/Runtime/Export/Scripting/StackTrace.cs:35)
UnityEngine.DebugLogHandler:Internal_Log (UnityEngine.LogType,UnityEngine.LogOption,string,UnityEngine.Object)
UnityEngine.DebugLogHandler:LogFormat (UnityEngine.LogType,UnityEngine.Object,string,object[]) (at C:/build/output/unity/unity/Runtime/Export/Logging/DebugLogHandler.cs:9)
UnityEngine.Logger:Log (UnityEngine.LogType,object) (at C:/build/output/unity/unity/Runtime/Export/Logging/Logger.cs:60)
UnityEngine.Debug:Log (object) (at C:/build/output/unity/unity/Runtime/Export/Debug/Debug.bindings.cs:123)
CoopEpisodeManager:EndAndReset (bool,string) (at C:/Users/Chris/Desktop/OxenLight_ML_V2/OxenLight_ML/Assets/map_01/Scripts/CoopEpisodeManager.cs:217)
CoopEpisodeManager:FixedUpdate () (at C:/Users/Chris/Desktop/OxenLight_ML_V2/OxenLight_ML/Assets/map_01/Scripts/CoopEpisodeManager.cs:126)

(Filename: C:/build/output/unity/unity/Runtime/Export/Debug/Debug.bindings.cs Line: 123)

episode finished | steps=15000 | reason=timeout | agentSlot=3 | episodeReward=0
UnityEngine.Debug:ExtractStackTraceNoAlloc (byte*,int,string)
UnityEngine.StackTraceUtility:ExtractStackTrace () (at C:/build/output/unity/unity/Runtime/Export/Scripting/StackTrace.cs:35)
UnityEngine.DebugLogHandler:Internal_Log (UnityEngine.LogType,UnityEngine.LogOption,string,UnityEngine.Object)
UnityEngine.DebugLogHandler:LogFormat (UnityEngine.LogType,UnityEngine.Object,string,object[]) (at C:/build/output/unity/unity/Runtime/Export/Logging/DebugLogHandler.cs:9)
UnityEngine.Logger:Log (UnityEngine.LogType,object) (at C:/build/output/unity/unity/Runtime/Export/Logging/Logger.cs:60)
UnityEngine.Debug:Log (object) (at C:/build/output/unity/unity/Runtime/Export/Debug/Debug.bindings.cs:123)
CoopEpisodeManager:EndAndReset (bool,string) (at C:/Users/Chris/Desktop/OxenLight_ML_V2/OxenLight_ML/Assets/map_01/Scripts/CoopEpisodeManager.cs:217)
CoopEpisodeManager:FixedUpdate () (at C:/Users/Chris/Desktop/OxenLight_ML_V2/OxenLight_ML/Assets/map_01/Scripts/CoopEpisodeManager.cs:126)

(Filename: C:/build/output/unity/unity/Runtime/Export/Debug/Debug.bindings.cs Line: 123)

episode finished | steps=15000 | reason=timeout | teamAvgEpisodeReward=0
UnityEngine.Debug:ExtractStackTraceNoAlloc (byte*,int,string)
UnityEngine.StackTraceUtility:ExtractStackTrace () (at C:/build/output/unity/unity/Runtime/Export/Scripting/StackTrace.cs:35)
UnityEngine.DebugLogHandler:Internal_Log (UnityEngine.LogType,UnityEngine.LogOption,string,UnityEngine.Object)
UnityEngine.DebugLogHandler:LogFormat (UnityEngine.LogType,UnityEngine.Object,string,object[]) (at C:/build/output/unity/unity/Runtime/Export/Logging/DebugLogHandler.cs:9)
UnityEngine.Logger:Log (UnityEngine.LogType,object) (at C:/build/output/unity/unity/Runtime/Export/Logging/Logger.cs:60)
UnityEngine.Debug:Log (object) (at C:/build/output/unity/unity/Runtime/Export/Debug/Debug.bindings.cs:123)
CoopEpisodeManager:EndAndReset (bool,string) (at C:/Users/Chris/Desktop/OxenLight_ML_V2/OxenLight_ML/Assets/map_01/Scripts/CoopEpisodeManager.cs:220)
CoopEpisodeManager:FixedUpdate () (at C:/Users/Chris/Desktop/OxenLight_ML_V2/OxenLight_ML/Assets/map_01/Scripts/CoopEpisodeManager.cs:126)

(Filename: C:/build/output/unity/unity/Runtime/Export/Debug/Debug.bindings.cs Line: 123)

[Episode] World reset
UnityEngine.Debug:ExtractStackTraceNoAlloc (byte*,int,string)
UnityEngine.StackTraceUtility:ExtractStackTrace () (at C:/build/output/unity/unity/Runtime/Export/Scripting/StackTrace.cs:35)
UnityEngine.DebugLogHandler:Internal_Log (UnityEngine.LogType,UnityEngine.LogOption,string,UnityEngine.Object)
UnityEngine.DebugLogHandler:LogFormat (UnityEngine.LogType,UnityEngine.Object,string,object[]) (at C:/build/output/unity/unity/Runtime/Export/Logging/DebugLogHandler.cs:9)
UnityEngine.Logger:Log (UnityEngine.LogType,object) (at C:/build/output/unity/unity/Runtime/Export/Logging/Logger.cs:60)
UnityEngine.Debug:Log (object) (at C:/build/output/unity/unity/Runtime/Export/Debug/Debug.bindings.cs:123)
CoopEpisodeManager:ResetWorld () (at C:/Users/Chris/Desktop/OxenLight_ML_V2/OxenLight_ML/Assets/map_01/Scripts/CoopEpisodeManager.cs:289)
CoopEpisodeManager:EndAndReset (bool,string) (at C:/Users/Chris/Desktop/OxenLight_ML_V2/OxenLight_ML/Assets/map_01/Scripts/CoopEpisodeManager.cs:228)
CoopEpisodeManager:FixedUpdate () (at C:/Users/Chris/Desktop/OxenLight_ML_V2/OxenLight_ML/Assets/map_01/Scripts/CoopEpisodeManager.cs:126)

(Filename: C:/build/output/unity/unity/Runtime/Export/Debug/Debug.bindings.cs Line: 123)

[Episode] TIMEOUT
UnityEngine.Debug:ExtractStackTraceNoAlloc (byte*,int,string)
UnityEngine.StackTraceUtility:ExtractStackTrace () (at C:/build/output/unity/unity/Runtime/Export/Scripting/StackTrace.cs:35)
UnityEngine.DebugLogHandler:Internal_Log (UnityEngine.LogType,UnityEngine.LogOption,string,UnityEngine.Object)
UnityEngine.DebugLogHandler:LogFormat (UnityEngine.LogType,UnityEngine.Object,string,object[]) (at C:/build/output/unity/unity/Runtime/Export/Logging/DebugLogHandler.cs:9)
UnityEngine.Logger:Log (UnityEngine.LogType,object) (at C:/build/output/unity/unity/Runtime/Export/Logging/Logger.cs:60)
UnityEngine.Debug:Log (object) (at C:/build/output/unity/unity/Runtime/Export/Debug/Debug.bindings.cs:123)
CoopEpisodeManager:FixedUpdate () (at C:/Users/Chris/Desktop/OxenLight_ML_V2/OxenLight_ML/Assets/map_01/Scripts/CoopEpisodeManager.cs:125)

(Filename: C:/build/output/unity/unity/Runtime/Export/Debug/Debug.bindings.cs Line: 123)

episode finished | steps=15000 | reason=timeout | agentSlot=0 | episodeReward=0
UnityEngine.Debug:ExtractStackTraceNoAlloc (byte*,int,string)
UnityEngine.StackTraceUtility:ExtractStackTrace () (at C:/build/output/unity/unity/Runtime/Export/Scripting/StackTrace.cs:35)
UnityEngine.DebugLogHandler:Internal_Log (UnityEngine.LogType,UnityEngine.LogOption,string,UnityEngine.Object)
UnityEngine.DebugLogHandler:LogFormat (UnityEngine.LogType,UnityEngine.Object,string,object[]) (at C:/build/output/unity/unity/Runtime/Export/Logging/DebugLogHandler.cs:9)
UnityEngine.Logger:Log (UnityEngine.LogType,object) (at C:/build/output/unity/unity/Runtime/Export/Logging/Logger.cs:60)
UnityEngine.Debug:Log (object) (at C:/build/output/unity/unity/Runtime/Export/Debug/Debug.bindings.cs:123)
CoopEpisodeManager:EndAndReset (bool,string) (at C:/Users/Chris/Desktop/OxenLight_ML_V2/OxenLight_ML/Assets/map_01/Scripts/CoopEpisodeManager.cs:217)
CoopEpisodeManager:FixedUpdate () (at C:/Users/Chris/Desktop/OxenLight_ML_V2/OxenLight_ML/Assets/map_01/Scripts/CoopEpisodeManager.cs:126)

(Filename: C:/build/output/unity/unity/Runtime/Export/Debug/Debug.bindings.cs Line: 123)

episode finished | steps=15000 | reason=timeout | agentSlot=1 | episodeReward=0
UnityEngine.Debug:ExtractStackTraceNoAlloc (byte*,int,string)
UnityEngine.StackTraceUtility:ExtractStackTrace () (at C:/build/output/unity/unity/Runtime/Export/Scripting/StackTrace.cs:35)
UnityEngine.DebugLogHandler:Internal_Log (UnityEngine.LogType,UnityEngine.LogOption,string,UnityEngine.Object)
UnityEngine.DebugLogHandler:LogFormat (UnityEngine.LogType,UnityEngine.Object,string,object[]) (at C:/build/output/unity/unity/Runtime/Export/Logging/DebugLogHandler.cs:9)
UnityEngine.Logger:Log (UnityEngine.LogType,object) (at C:/build/output/unity/unity/Runtime/Export/Logging/Logger.cs:60)
UnityEngine.Debug:Log (object) (at C:/build/output/unity/unity/Runtime/Export/Debug/Debug.bindings.cs:123)
CoopEpisodeManager:EndAndReset (bool,string) (at C:/Users/Chris/Desktop/OxenLight_ML_V2/OxenLight_ML/Assets/map_01/Scripts/CoopEpisodeManager.cs:217)
CoopEpisodeManager:FixedUpdate () (at C:/Users/Chris/Desktop/OxenLight_ML_V2/OxenLight_ML/Assets/map_01/Scripts/CoopEpisodeManager.cs:126)

(Filename: C:/build/output/unity/unity/Runtime/Export/Debug/Debug.bindings.cs Line: 123)

episode finished | steps=15000 | reason=timeout | agentSlot=2 | episodeReward=0
UnityEngine.Debug:ExtractStackTraceNoAlloc (byte*,int,string)
UnityEngine.StackTraceUtility:ExtractStackTrace () (at C:/build/output/unity/unity/Runtime/Export/Scripting/StackTrace.cs:35)
UnityEngine.DebugLogHandler:Internal_Log (UnityEngine.LogType,UnityEngine.LogOption,string,UnityEngine.Object)
UnityEngine.DebugLogHandler:LogFormat (UnityEngine.LogType,UnityEngine.Object,string,object[]) (at C:/build/output/unity/unity/Runtime/Export/Logging/DebugLogHandler.cs:9)
UnityEngine.Logger:Log (UnityEngine.LogType,object) (at C:/build/output/unity/unity/Runtime/Export/Logging/Logger.cs:60)
UnityEngine.Debug:Log (object) (at C:/build/output/unity/unity/Runtime/Export/Debug/Debug.bindings.cs:123)
CoopEpisodeManager:EndAndReset (bool,string) (at C:/Users/Chris/Desktop/OxenLight_ML_V2/OxenLight_ML/Assets/map_01/Scripts/CoopEpisodeManager.cs:217)
CoopEpisodeManager:FixedUpdate () (at C:/Users/Chris/Desktop/OxenLight_ML_V2/OxenLight_ML/Assets/map_01/Scripts/CoopEpisodeManager.cs:126)

(Filename: C:/build/output/unity/unity/Runtime/Export/Debug/Debug.bindings.cs Line: 123)

episode finished | steps=15000 | reason=timeout | agentSlot=3 | episodeReward=0
UnityEngine.Debug:ExtractStackTraceNoAlloc (byte*,int,string)
UnityEngine.StackTraceUtility:ExtractStackTrace () (at C:/build/output/unity/unity/Runtime/Export/Scripting/StackTrace.cs:35)
UnityEngine.DebugLogHandler:Internal_Log (UnityEngine.LogType,UnityEngine.LogOption,string,UnityEngine.Object)
UnityEngine.DebugLogHandler:LogFormat (UnityEngine.LogType,UnityEngine.Object,string,object[]) (at C:/build/output/unity/unity/Runtime/Export/Logging/DebugLogHandler.cs:9)
UnityEngine.Logger:Log (UnityEngine.LogType,object) (at C:/build/output/unity/unity/Runtime/Export/Logging/Logger.cs:60)
UnityEngine.Debug:Log (object) (at C:/build/output/unity/unity/Runtime/Export/Debug/Debug.bindings.cs:123)
CoopEpisodeManager:EndAndReset (bool,string) (at C:/Users/Chris/Desktop/OxenLight_ML_V2/OxenLight_ML/Assets/map_01/Scripts/CoopEpisodeManager.cs:217)
CoopEpisodeManager:FixedUpdate () (at C:/Users/Chris/Desktop/OxenLight_ML_V2/OxenLight_ML/Assets/map_01/Scripts/CoopEpisodeManager.cs:126)

(Filename: C:/build/output/unity/unity/Runtime/Export/Debug/Debug.bindings.cs Line: 123)

episode finished | steps=15000 | reason=timeout | teamAvgEpisodeReward=0
UnityEngine.Debug:ExtractStackTraceNoAlloc (byte*,int,string)
UnityEngine.StackTraceUtility:ExtractStackTrace () (at C:/build/output/unity/unity/Runtime/Export/Scripting/StackTrace.cs:35)
UnityEngine.DebugLogHandler:Internal_Log (UnityEngine.LogType,UnityEngine.LogOption,string,UnityEngine.Object)
UnityEngine.DebugLogHandler:LogFormat (UnityEngine.LogType,UnityEngine.Object,string,object[]) (at C:/build/output/unity/unity/Runtime/Export/Logging/DebugLogHandler.cs:9)
UnityEngine.Logger:Log (UnityEngine.LogType,object) (at C:/build/output/unity/unity/Runtime/Export/Logging/Logger.cs:60)
UnityEngine.Debug:Log (object) (at C:/build/output/unity/unity/Runtime/Export/Debug/Debug.bindings.cs:123)
CoopEpisodeManager:EndAndReset (bool,string) (at C:/Users/Chris/Desktop/OxenLight_ML_V2/OxenLight_ML/Assets/map_01/Scripts/CoopEpisodeManager.cs:220)
CoopEpisodeManager:FixedUpdate () (at C:/Users/Chris/Desktop/OxenLight_ML_V2/OxenLight_ML/Assets/map_01/Scripts/CoopEpisodeManager.cs:126)

(Filename: C:/build/output/unity/unity/Runtime/Export/Debug/Debug.bindings.cs Line: 123)

[Episode] World reset
UnityEngine.Debug:ExtractStackTraceNoAlloc (byte*,int,string)
UnityEngine.StackTraceUtility:ExtractStackTrace () (at C:/build/output/unity/unity/Runtime/Export/Scripting/StackTrace.cs:35)
UnityEngine.DebugLogHandler:Internal_Log (UnityEngine.LogType,UnityEngine.LogOption,string,UnityEngine.Object)
UnityEngine.DebugLogHandler:LogFormat (UnityEngine.LogType,UnityEngine.Object,string,object[]) (at C:/build/output/unity/unity/Runtime/Export/Logging/DebugLogHandler.cs:9)
UnityEngine.Logger:Log (UnityEngine.LogType,object) (at C:/build/output/unity/unity/Runtime/Export/Logging/Logger.cs:60)
UnityEngine.Debug:Log (object) (at C:/build/output/unity/unity/Runtime/Export/Debug/Debug.bindings.cs:123)
CoopEpisodeManager:ResetWorld () (at C:/Users/Chris/Desktop/OxenLight_ML_V2/OxenLight_ML/Assets/map_01/Scripts/CoopEpisodeManager.cs:289)
CoopEpisodeManager:EndAndReset (bool,string) (at C:/Users/Chris/Desktop/OxenLight_ML_V2/OxenLight_ML/Assets/map_01/Scripts/CoopEpisodeManager.cs:228)
CoopEpisodeManager:FixedUpdate () (at C:/Users/Chris/Desktop/OxenLight_ML_V2/OxenLight_ML/Assets/map_01/Scripts/CoopEpisodeManager.cs:126)

(Filename: C:/build/output/unity/unity/Runtime/Export/Debug/Debug.bindings.cs Line: 123)

[Episode] DEATH => -1
UnityEngine.Debug:ExtractStackTraceNoAlloc (byte*,int,string)
UnityEngine.StackTraceUtility:ExtractStackTrace () (at C:/build/output/unity/unity/Runtime/Export/Scripting/StackTrace.cs:35)
UnityEngine.DebugLogHandler:Internal_Log (UnityEngine.LogType,UnityEngine.LogOption,string,UnityEngine.Object)
UnityEngine.DebugLogHandler:LogFormat (UnityEngine.LogType,UnityEngine.Object,string,object[]) (at C:/build/output/unity/unity/Runtime/Export/Logging/DebugLogHandler.cs:9)
UnityEngine.Logger:Log (UnityEngine.LogType,object) (at C:/build/output/unity/unity/Runtime/Export/Logging/Logger.cs:60)
UnityEngine.Debug:Log (object) (at C:/build/output/unity/unity/Runtime/Export/Debug/Debug.bindings.cs:123)
CoopEpisodeManager:NotifyTeamDeath () (at C:/Users/Chris/Desktop/OxenLight_ML_V2/OxenLight_ML/Assets/map_01/Scripts/CoopEpisodeManager.cs:198)
LaserYellow:Update () (at C:/Users/Chris/Desktop/OxenLight_ML_V2/OxenLight_ML/Assets/map_01/Scripts/LaserYellow.cs:44)

(Filename: C:/build/output/unity/unity/Runtime/Export/Debug/Debug.bindings.cs Line: 123)

episode finished | steps=1950 | reason=death | agentSlot=0 | episodeReward=-1
UnityEngine.Debug:ExtractStackTraceNoAlloc (byte*,int,string)
UnityEngine.StackTraceUtility:ExtractStackTrace () (at C:/build/output/unity/unity/Runtime/Export/Scripting/StackTrace.cs:35)
UnityEngine.DebugLogHandler:Internal_Log (UnityEngine.LogType,UnityEngine.LogOption,string,UnityEngine.Object)
UnityEngine.DebugLogHandler:LogFormat (UnityEngine.LogType,UnityEngine.Object,string,object[]) (at C:/build/output/unity/unity/Runtime/Export/Logging/DebugLogHandler.cs:9)
UnityEngine.Logger:Log (UnityEngine.LogType,object) (at C:/build/output/unity/unity/Runtime/Export/Logging/Logger.cs:60)
UnityEngine.Debug:Log (object) (at C:/build/output/unity/unity/Runtime/Export/Debug/Debug.bindings.cs:123)
CoopEpisodeManager:EndAndReset (bool,string) (at C:/Users/Chris/Desktop/OxenLight_ML_V2/OxenLight_ML/Assets/map_01/Scripts/CoopEpisodeManager.cs:217)
CoopEpisodeManager:NotifyTeamDeath () (at C:/Users/Chris/Desktop/OxenLight_ML_V2/OxenLight_ML/Assets/map_01/Scripts/CoopEpisodeManager.cs:203)
LaserYellow:Update () (at C:/Users/Chris/Desktop/OxenLight_ML_V2/OxenLight_ML/Assets/map_01/Scripts/LaserYellow.cs:44)

(Filename: C:/build/output/unity/unity/Runtime/Export/Debug/Debug.bindings.cs Line: 123)

episode finished | steps=1950 | reason=death | agentSlot=1 | episodeReward=-1
UnityEngine.Debug:ExtractStackTraceNoAlloc (byte*,int,string)
UnityEngine.StackTraceUtility:ExtractStackTrace () (at C:/build/output/unity/unity/Runtime/Export/Scripting/StackTrace.cs:35)
UnityEngine.DebugLogHandler:Internal_Log (UnityEngine.LogType,UnityEngine.LogOption,string,UnityEngine.Object)
UnityEngine.DebugLogHandler:LogFormat (UnityEngine.LogType,UnityEngine.Object,string,object[]) (at C:/build/output/unity/unity/Runtime/Export/Logging/DebugLogHandler.cs:9)
UnityEngine.Logger:Log (UnityEngine.LogType,object) (at C:/build/output/unity/unity/Runtime/Export/Logging/Logger.cs:60)
UnityEngine.Debug:Log (object) (at C:/build/output/unity/unity/Runtime/Export/Debug/Debug.bindings.cs:123)
CoopEpisodeManager:EndAndReset (bool,string) (at C:/Users/Chris/Desktop/OxenLight_ML_V2/OxenLight_ML/Assets/map_01/Scripts/CoopEpisodeManager.cs:217)
CoopEpisodeManager:NotifyTeamDeath () (at C:/Users/Chris/Desktop/OxenLight_ML_V2/OxenLight_ML/Assets/map_01/Scripts/CoopEpisodeManager.cs:203)
LaserYellow:Update () (at C:/Users/Chris/Desktop/OxenLight_ML_V2/OxenLight_ML/Assets/map_01/Scripts/LaserYellow.cs:44)

(Filename: C:/build/output/unity/unity/Runtime/Export/Debug/Debug.bindings.cs Line: 123)

episode finished | steps=1950 | reason=death | agentSlot=2 | episodeReward=-1
UnityEngine.Debug:ExtractStackTraceNoAlloc (byte*,int,string)
UnityEngine.StackTraceUtility:ExtractStackTrace () (at C:/build/output/unity/unity/Runtime/Export/Scripting/StackTrace.cs:35)
UnityEngine.DebugLogHandler:Internal_Log (UnityEngine.LogType,UnityEngine.LogOption,string,UnityEngine.Object)
UnityEngine.DebugLogHandler:LogFormat (UnityEngine.LogType,UnityEngine.Object,string,object[]) (at C:/build/output/unity/unity/Runtime/Export/Logging/DebugLogHandler.cs:9)
UnityEngine.Logger:Log (UnityEngine.LogType,object) (at C:/build/output/unity/unity/Runtime/Export/Logging/Logger.cs:60)
UnityEngine.Debug:Log (object) (at C:/build/output/unity/unity/Runtime/Export/Debug/Debug.bindings.cs:123)
CoopEpisodeManager:EndAndReset (bool,string) (at C:/Users/Chris/Desktop/OxenLight_ML_V2/OxenLight_ML/Assets/map_01/Scripts/CoopEpisodeManager.cs:217)
CoopEpisodeManager:NotifyTeamDeath () (at C:/Users/Chris/Desktop/OxenLight_ML_V2/OxenLight_ML/Assets/map_01/Scripts/CoopEpisodeManager.cs:203)
LaserYellow:Update () (at C:/Users/Chris/Desktop/OxenLight_ML_V2/OxenLight_ML/Assets/map_01/Scripts/LaserYellow.cs:44)

(Filename: C:/build/output/unity/unity/Runtime/Export/Debug/Debug.bindings.cs Line: 123)

episode finished | steps=1950 | reason=death | agentSlot=3 | episodeReward=-1
UnityEngine.Debug:ExtractStackTraceNoAlloc (byte*,int,string)
UnityEngine.StackTraceUtility:ExtractStackTrace () (at C:/build/output/unity/unity/Runtime/Export/Scripting/StackTrace.cs:35)
UnityEngine.DebugLogHandler:Internal_Log (UnityEngine.LogType,UnityEngine.LogOption,string,UnityEngine.Object)
UnityEngine.DebugLogHandler:LogFormat (UnityEngine.LogType,UnityEngine.Object,string,object[]) (at C:/build/output/unity/unity/Runtime/Export/Logging/DebugLogHandler.cs:9)
UnityEngine.Logger:Log (UnityEngine.LogType,object) (at C:/build/output/unity/unity/Runtime/Export/Logging/Logger.cs:60)
UnityEngine.Debug:Log (object) (at C:/build/output/unity/unity/Runtime/Export/Debug/Debug.bindings.cs:123)
CoopEpisodeManager:EndAndReset (bool,string) (at C:/Users/Chris/Desktop/OxenLight_ML_V2/OxenLight_ML/Assets/map_01/Scripts/CoopEpisodeManager.cs:217)
CoopEpisodeManager:NotifyTeamDeath () (at C:/Users/Chris/Desktop/OxenLight_ML_V2/OxenLight_ML/Assets/map_01/Scripts/CoopEpisodeManager.cs:203)
LaserYellow:Update () (at C:/Users/Chris/Desktop/OxenLight_ML_V2/OxenLight_ML/Assets/map_01/Scripts/LaserYellow.cs:44)

(Filename: C:/build/output/unity/unity/Runtime/Export/Debug/Debug.bindings.cs Line: 123)

episode finished | steps=1950 | reason=death | teamAvgEpisodeReward=-1
UnityEngine.Debug:ExtractStackTraceNoAlloc (byte*,int,string)
UnityEngine.StackTraceUtility:ExtractStackTrace () (at C:/build/output/unity/unity/Runtime/Export/Scripting/StackTrace.cs:35)
UnityEngine.DebugLogHandler:Internal_Log (UnityEngine.LogType,UnityEngine.LogOption,string,UnityEngine.Object)
UnityEngine.DebugLogHandler:LogFormat (UnityEngine.LogType,UnityEngine.Object,string,object[]) (at C:/build/output/unity/unity/Runtime/Export/Logging/DebugLogHandler.cs:9)
UnityEngine.Logger:Log (UnityEngine.LogType,object) (at C:/build/output/unity/unity/Runtime/Export/Logging/Logger.cs:60)
UnityEngine.Debug:Log (object) (at C:/build/output/unity/unity/Runtime/Export/Debug/Debug.bindings.cs:123)
CoopEpisodeManager:EndAndReset (bool,string) (at C:/Users/Chris/Desktop/OxenLight_ML_V2/OxenLight_ML/Assets/map_01/Scripts/CoopEpisodeManager.cs:220)
CoopEpisodeManager:NotifyTeamDeath () (at C:/Users/Chris/Desktop/OxenLight_ML_V2/OxenLight_ML/Assets/map_01/Scripts/CoopEpisodeManager.cs:203)
LaserYellow:Update () (at C:/Users/Chris/Desktop/OxenLight_ML_V2/OxenLight_ML/Assets/map_01/Scripts/LaserYellow.cs:44)

(Filename: C:/build/output/unity/unity/Runtime/Export/Debug/Debug.bindings.cs Line: 123)

[Episode] World reset
UnityEngine.Debug:ExtractStackTraceNoAlloc (byte*,int,string)
UnityEngine.StackTraceUtility:ExtractStackTrace () (at C:/build/output/unity/unity/Runtime/Export/Scripting/StackTrace.cs:35)
UnityEngine.DebugLogHandler:Internal_Log (UnityEngine.LogType,UnityEngine.LogOption,string,UnityEngine.Object)
UnityEngine.DebugLogHandler:LogFormat (UnityEngine.LogType,UnityEngine.Object,string,object[]) (at C:/build/output/unity/unity/Runtime/Export/Logging/DebugLogHandler.cs:9)
UnityEngine.Logger:Log (UnityEngine.LogType,object) (at C:/build/output/unity/unity/Runtime/Export/Logging/Logger.cs:60)
UnityEngine.Debug:Log (object) (at C:/build/output/unity/unity/Runtime/Export/Debug/Debug.bindings.cs:123)
CoopEpisodeManager:ResetWorld () (at C:/Users/Chris/Desktop/OxenLight_ML_V2/OxenLight_ML/Assets/map_01/Scripts/CoopEpisodeManager.cs:289)
CoopEpisodeManager:EndAndReset (bool,string) (at C:/Users/Chris/Desktop/OxenLight_ML_V2/OxenLight_ML/Assets/map_01/Scripts/CoopEpisodeManager.cs:228)
CoopEpisodeManager:NotifyTeamDeath () (at C:/Users/Chris/Desktop/OxenLight_ML_V2/OxenLight_ML/Assets/map_01/Scripts/CoopEpisodeManager.cs:203)
LaserYellow:Update () (at C:/Users/Chris/Desktop/OxenLight_ML_V2/OxenLight_ML/Assets/map_01/Scripts/LaserYellow.cs:44)

(Filename: C:/build/output/unity/unity/Runtime/Export/Debug/Debug.bindings.cs Line: 123)

[Episode] TIMEOUT
UnityEngine.Debug:ExtractStackTraceNoAlloc (byte*,int,string)
UnityEngine.StackTraceUtility:ExtractStackTrace () (at C:/build/output/unity/unity/Runtime/Export/Scripting/StackTrace.cs:35)
UnityEngine.DebugLogHandler:Internal_Log (UnityEngine.LogType,UnityEngine.LogOption,string,UnityEngine.Object)
UnityEngine.DebugLogHandler:LogFormat (UnityEngine.LogType,UnityEngine.Object,string,object[]) (at C:/build/output/unity/unity/Runtime/Export/Logging/DebugLogHandler.cs:9)
UnityEngine.Logger:Log (UnityEngine.LogType,object) (at C:/build/output/unity/unity/Runtime/Export/Logging/Logger.cs:60)
UnityEngine.Debug:Log (object) (at C:/build/output/unity/unity/Runtime/Export/Debug/Debug.bindings.cs:123)
CoopEpisodeManager:FixedUpdate () (at C:/Users/Chris/Desktop/OxenLight_ML_V2/OxenLight_ML/Assets/map_01/Scripts/CoopEpisodeManager.cs:125)

(Filename: C:/build/output/unity/unity/Runtime/Export/Debug/Debug.bindings.cs Line: 123)

episode finished | steps=15000 | reason=timeout | agentSlot=0 | episodeReward=0
UnityEngine.Debug:ExtractStackTraceNoAlloc (byte*,int,string)
UnityEngine.StackTraceUtility:ExtractStackTrace () (at C:/build/output/unity/unity/Runtime/Export/Scripting/StackTrace.cs:35)
UnityEngine.DebugLogHandler:Internal_Log (UnityEngine.LogType,UnityEngine.LogOption,string,UnityEngine.Object)
UnityEngine.DebugLogHandler:LogFormat (UnityEngine.LogType,UnityEngine.Object,string,object[]) (at C:/build/output/unity/unity/Runtime/Export/Logging/DebugLogHandler.cs:9)
UnityEngine.Logger:Log (UnityEngine.LogType,object) (at C:/build/output/unity/unity/Runtime/Export/Logging/Logger.cs:60)
UnityEngine.Debug:Log (object) (at C:/build/output/unity/unity/Runtime/Export/Debug/Debug.bindings.cs:123)
CoopEpisodeManager:EndAndReset (bool,string) (at C:/Users/Chris/Desktop/OxenLight_ML_V2/OxenLight_ML/Assets/map_01/Scripts/CoopEpisodeManager.cs:217)
CoopEpisodeManager:FixedUpdate () (at C:/Users/Chris/Desktop/OxenLight_ML_V2/OxenLight_ML/Assets/map_01/Scripts/CoopEpisodeManager.cs:126)

(Filename: C:/build/output/unity/unity/Runtime/Export/Debug/Debug.bindings.cs Line: 123)

episode finished | steps=15000 | reason=timeout | agentSlot=1 | episodeReward=0
UnityEngine.Debug:ExtractStackTraceNoAlloc (byte*,int,string)
UnityEngine.StackTraceUtility:ExtractStackTrace () (at C:/build/output/unity/unity/Runtime/Export/Scripting/StackTrace.cs:35)
UnityEngine.DebugLogHandler:Internal_Log (UnityEngine.LogType,UnityEngine.LogOption,string,UnityEngine.Object)
UnityEngine.DebugLogHandler:LogFormat (UnityEngine.LogType,UnityEngine.Object,string,object[]) (at C:/build/output/unity/unity/Runtime/Export/Logging/DebugLogHandler.cs:9)
UnityEngine.Logger:Log (UnityEngine.LogType,object) (at C:/build/output/unity/unity/Runtime/Export/Logging/Logger.cs:60)
UnityEngine.Debug:Log (object) (at C:/build/output/unity/unity/Runtime/Export/Debug/Debug.bindings.cs:123)
CoopEpisodeManager:EndAndReset (bool,string) (at C:/Users/Chris/Desktop/OxenLight_ML_V2/OxenLight_ML/Assets/map_01/Scripts/CoopEpisodeManager.cs:217)
CoopEpisodeManager:FixedUpdate () (at C:/Users/Chris/Desktop/OxenLight_ML_V2/OxenLight_ML/Assets/map_01/Scripts/CoopEpisodeManager.cs:126)

(Filename: C:/build/output/unity/unity/Runtime/Export/Debug/Debug.bindings.cs Line: 123)

episode finished | steps=15000 | reason=timeout | agentSlot=2 | episodeReward=0
UnityEngine.Debug:ExtractStackTraceNoAlloc (byte*,int,string)
UnityEngine.StackTraceUtility:ExtractStackTrace () (at C:/build/output/unity/unity/Runtime/Export/Scripting/StackTrace.cs:35)
UnityEngine.DebugLogHandler:Internal_Log (UnityEngine.LogType,UnityEngine.LogOption,string,UnityEngine.Object)
UnityEngine.DebugLogHandler:LogFormat (UnityEngine.LogType,UnityEngine.Object,string,object[]) (at C:/build/output/unity/unity/Runtime/Export/Logging/DebugLogHandler.cs:9)
UnityEngine.Logger:Log (UnityEngine.LogType,object) (at C:/build/output/unity/unity/Runtime/Export/Logging/Logger.cs:60)
UnityEngine.Debug:Log (object) (at C:/build/output/unity/unity/Runtime/Export/Debug/Debug.bindings.cs:123)
CoopEpisodeManager:EndAndReset (bool,string) (at C:/Users/Chris/Desktop/OxenLight_ML_V2/OxenLight_ML/Assets/map_01/Scripts/CoopEpisodeManager.cs:217)
CoopEpisodeManager:FixedUpdate () (at C:/Users/Chris/Desktop/OxenLight_ML_V2/OxenLight_ML/Assets/map_01/Scripts/CoopEpisodeManager.cs:126)

(Filename: C:/build/output/unity/unity/Runtime/Export/Debug/Debug.bindings.cs Line: 123)

episode finished | steps=15000 | reason=timeout | agentSlot=3 | episodeReward=0
UnityEngine.Debug:ExtractStackTraceNoAlloc (byte*,int,string)
UnityEngine.StackTraceUtility:ExtractStackTrace () (at C:/build/output/unity/unity/Runtime/Export/Scripting/StackTrace.cs:35)
UnityEngine.DebugLogHandler:Internal_Log (UnityEngine.LogType,UnityEngine.LogOption,string,UnityEngine.Object)
UnityEngine.DebugLogHandler:LogFormat (UnityEngine.LogType,UnityEngine.Object,string,object[]) (at C:/build/output/unity/unity/Runtime/Export/Logging/DebugLogHandler.cs:9)
UnityEngine.Logger:Log (UnityEngine.LogType,object) (at C:/build/output/unity/unity/Runtime/Export/Logging/Logger.cs:60)
UnityEngine.Debug:Log (object) (at C:/build/output/unity/unity/Runtime/Export/Debug/Debug.bindings.cs:123)
CoopEpisodeManager:EndAndReset (bool,string) (at C:/Users/Chris/Desktop/OxenLight_ML_V2/OxenLight_ML/Assets/map_01/Scripts/CoopEpisodeManager.cs:217)
CoopEpisodeManager:FixedUpdate () (at C:/Users/Chris/Desktop/OxenLight_ML_V2/OxenLight_ML/Assets/map_01/Scripts/CoopEpisodeManager.cs:126)

(Filename: C:/build/output/unity/unity/Runtime/Export/Debug/Debug.bindings.cs Line: 123)

episode finished | steps=15000 | reason=timeout | teamAvgEpisodeReward=0
UnityEngine.Debug:ExtractStackTraceNoAlloc (byte*,int,string)
UnityEngine.StackTraceUtility:ExtractStackTrace () (at C:/build/output/unity/unity/Runtime/Export/Scripting/StackTrace.cs:35)
UnityEngine.DebugLogHandler:Internal_Log (UnityEngine.LogType,UnityEngine.LogOption,string,UnityEngine.Object)
UnityEngine.DebugLogHandler:LogFormat (UnityEngine.LogType,UnityEngine.Object,string,object[]) (at C:/build/output/unity/unity/Runtime/Export/Logging/DebugLogHandler.cs:9)
UnityEngine.Logger:Log (UnityEngine.LogType,object) (at C:/build/output/unity/unity/Runtime/Export/Logging/Logger.cs:60)
UnityEngine.Debug:Log (object) (at C:/build/output/unity/unity/Runtime/Export/Debug/Debug.bindings.cs:123)
CoopEpisodeManager:EndAndReset (bool,string) (at C:/Users/Chris/Desktop/OxenLight_ML_V2/OxenLight_ML/Assets/map_01/Scripts/CoopEpisodeManager.cs:220)
CoopEpisodeManager:FixedUpdate () (at C:/Users/Chris/Desktop/OxenLight_ML_V2/OxenLight_ML/Assets/map_01/Scripts/CoopEpisodeManager.cs:126)

(Filename: C:/build/output/unity/unity/Runtime/Export/Debug/Debug.bindings.cs Line: 123)

[Episode] World reset
UnityEngine.Debug:ExtractStackTraceNoAlloc (byte*,int,string)
UnityEngine.StackTraceUtility:ExtractStackTrace () (at C:/build/output/unity/unity/Runtime/Export/Scripting/StackTrace.cs:35)
UnityEngine.DebugLogHandler:Internal_Log (UnityEngine.LogType,UnityEngine.LogOption,string,UnityEngine.Object)
UnityEngine.DebugLogHandler:LogFormat (UnityEngine.LogType,UnityEngine.Object,string,object[]) (at C:/build/output/unity/unity/Runtime/Export/Logging/DebugLogHandler.cs:9)
UnityEngine.Logger:Log (UnityEngine.LogType,object) (at C:/build/output/unity/unity/Runtime/Export/Logging/Logger.cs:60)
UnityEngine.Debug:Log (object) (at C:/build/output/unity/unity/Runtime/Export/Debug/Debug.bindings.cs:123)
CoopEpisodeManager:ResetWorld () (at C:/Users/Chris/Desktop/OxenLight_ML_V2/OxenLight_ML/Assets/map_01/Scripts/CoopEpisodeManager.cs:289)
CoopEpisodeManager:EndAndReset (bool,string) (at C:/Users/Chris/Desktop/OxenLight_ML_V2/OxenLight_ML/Assets/map_01/Scripts/CoopEpisodeManager.cs:228)
CoopEpisodeManager:FixedUpdate () (at C:/Users/Chris/Desktop/OxenLight_ML_V2/OxenLight_ML/Assets/map_01/Scripts/CoopEpisodeManager.cs:126)

(Filename: C:/build/output/unity/unity/Runtime/Export/Debug/Debug.bindings.cs Line: 123)

[Episode] TIMEOUT
UnityEngine.Debug:ExtractStackTraceNoAlloc (byte*,int,string)
UnityEngine.StackTraceUtility:ExtractStackTrace () (at C:/build/output/unity/unity/Runtime/Export/Scripting/StackTrace.cs:35)
UnityEngine.DebugLogHandler:Internal_Log (UnityEngine.LogType,UnityEngine.LogOption,string,UnityEngine.Object)
UnityEngine.DebugLogHandler:LogFormat (UnityEngine.LogType,UnityEngine.Object,string,object[]) (at C:/build/output/unity/unity/Runtime/Export/Logging/DebugLogHandler.cs:9)
UnityEngine.Logger:Log (UnityEngine.LogType,object) (at C:/build/output/unity/unity/Runtime/Export/Logging/Logger.cs:60)
UnityEngine.Debug:Log (object) (at C:/build/output/unity/unity/Runtime/Export/Debug/Debug.bindings.cs:123)
CoopEpisodeManager:FixedUpdate () (at C:/Users/Chris/Desktop/OxenLight_ML_V2/OxenLight_ML/Assets/map_01/Scripts/CoopEpisodeManager.cs:125)

(Filename: C:/build/output/unity/unity/Runtime/Export/Debug/Debug.bindings.cs Line: 123)

episode finished | steps=15000 | reason=timeout | agentSlot=0 | episodeReward=0
UnityEngine.Debug:ExtractStackTraceNoAlloc (byte*,int,string)
UnityEngine.StackTraceUtility:ExtractStackTrace () (at C:/build/output/unity/unity/Runtime/Export/Scripting/StackTrace.cs:35)
UnityEngine.DebugLogHandler:Internal_Log (UnityEngine.LogType,UnityEngine.LogOption,string,UnityEngine.Object)
UnityEngine.DebugLogHandler:LogFormat (UnityEngine.LogType,UnityEngine.Object,string,object[]) (at C:/build/output/unity/unity/Runtime/Export/Logging/DebugLogHandler.cs:9)
UnityEngine.Logger:Log (UnityEngine.LogType,object) (at C:/build/output/unity/unity/Runtime/Export/Logging/Logger.cs:60)
UnityEngine.Debug:Log (object) (at C:/build/output/unity/unity/Runtime/Export/Debug/Debug.bindings.cs:123)
CoopEpisodeManager:EndAndReset (bool,string) (at C:/Users/Chris/Desktop/OxenLight_ML_V2/OxenLight_ML/Assets/map_01/Scripts/CoopEpisodeManager.cs:217)
CoopEpisodeManager:FixedUpdate () (at C:/Users/Chris/Desktop/OxenLight_ML_V2/OxenLight_ML/Assets/map_01/Scripts/CoopEpisodeManager.cs:126)

(Filename: C:/build/output/unity/unity/Runtime/Export/Debug/Debug.bindings.cs Line: 123)

episode finished | steps=15000 | reason=timeout | agentSlot=1 | episodeReward=0
UnityEngine.Debug:ExtractStackTraceNoAlloc (byte*,int,string)
UnityEngine.StackTraceUtility:ExtractStackTrace () (at C:/build/output/unity/unity/Runtime/Export/Scripting/StackTrace.cs:35)
UnityEngine.DebugLogHandler:Internal_Log (UnityEngine.LogType,UnityEngine.LogOption,string,UnityEngine.Object)
UnityEngine.DebugLogHandler:LogFormat (UnityEngine.LogType,UnityEngine.Object,string,object[]) (at C:/build/output/unity/unity/Runtime/Export/Logging/DebugLogHandler.cs:9)
UnityEngine.Logger:Log (UnityEngine.LogType,object) (at C:/build/output/unity/unity/Runtime/Export/Logging/Logger.cs:60)
UnityEngine.Debug:Log (object) (at C:/build/output/unity/unity/Runtime/Export/Debug/Debug.bindings.cs:123)
CoopEpisodeManager:EndAndReset (bool,string) (at C:/Users/Chris/Desktop/OxenLight_ML_V2/OxenLight_ML/Assets/map_01/Scripts/CoopEpisodeManager.cs:217)
CoopEpisodeManager:FixedUpdate () (at C:/Users/Chris/Desktop/OxenLight_ML_V2/OxenLight_ML/Assets/map_01/Scripts/CoopEpisodeManager.cs:126)

(Filename: C:/build/output/unity/unity/Runtime/Export/Debug/Debug.bindings.cs Line: 123)

episode finished | steps=15000 | reason=timeout | agentSlot=2 | episodeReward=0
UnityEngine.Debug:ExtractStackTraceNoAlloc (byte*,int,string)
UnityEngine.StackTraceUtility:ExtractStackTrace () (at C:/build/output/unity/unity/Runtime/Export/Scripting/StackTrace.cs:35)
UnityEngine.DebugLogHandler:Internal_Log (UnityEngine.LogType,UnityEngine.LogOption,string,UnityEngine.Object)
UnityEngine.DebugLogHandler:LogFormat (UnityEngine.LogType,UnityEngine.Object,string,object[]) (at C:/build/output/unity/unity/Runtime/Export/Logging/DebugLogHandler.cs:9)
UnityEngine.Logger:Log (UnityEngine.LogType,object) (at C:/build/output/unity/unity/Runtime/Export/Logging/Logger.cs:60)
UnityEngine.Debug:Log (object) (at C:/build/output/unity/unity/Runtime/Export/Debug/Debug.bindings.cs:123)
CoopEpisodeManager:EndAndReset (bool,string) (at C:/Users/Chris/Desktop/OxenLight_ML_V2/OxenLight_ML/Assets/map_01/Scripts/CoopEpisodeManager.cs:217)
CoopEpisodeManager:FixedUpdate () (at C:/Users/Chris/Desktop/OxenLight_ML_V2/OxenLight_ML/Assets/map_01/Scripts/CoopEpisodeManager.cs:126)

(Filename: C:/build/output/unity/unity/Runtime/Export/Debug/Debug.bindings.cs Line: 123)

episode finished | steps=15000 | reason=timeout | agentSlot=3 | episodeReward=0
UnityEngine.Debug:ExtractStackTraceNoAlloc (byte*,int,string)
UnityEngine.StackTraceUtility:ExtractStackTrace () (at C:/build/output/unity/unity/Runtime/Export/Scripting/StackTrace.cs:35)
UnityEngine.DebugLogHandler:Internal_Log (UnityEngine.LogType,UnityEngine.LogOption,string,UnityEngine.Object)
UnityEngine.DebugLogHandler:LogFormat (UnityEngine.LogType,UnityEngine.Object,string,object[]) (at C:/build/output/unity/unity/Runtime/Export/Logging/DebugLogHandler.cs:9)
UnityEngine.Logger:Log (UnityEngine.LogType,object) (at C:/build/output/unity/unity/Runtime/Export/Logging/Logger.cs:60)
UnityEngine.Debug:Log (object) (at C:/build/output/unity/unity/Runtime/Export/Debug/Debug.bindings.cs:123)
CoopEpisodeManager:EndAndReset (bool,string) (at C:/Users/Chris/Desktop/OxenLight_ML_V2/OxenLight_ML/Assets/map_01/Scripts/CoopEpisodeManager.cs:217)
CoopEpisodeManager:FixedUpdate () (at C:/Users/Chris/Desktop/OxenLight_ML_V2/OxenLight_ML/Assets/map_01/Scripts/CoopEpisodeManager.cs:126)

(Filename: C:/build/output/unity/unity/Runtime/Export/Debug/Debug.bindings.cs Line: 123)

episode finished | steps=15000 | reason=timeout | teamAvgEpisodeReward=0
UnityEngine.Debug:ExtractStackTraceNoAlloc (byte*,int,string)
UnityEngine.StackTraceUtility:ExtractStackTrace () (at C:/build/output/unity/unity/Runtime/Export/Scripting/StackTrace.cs:35)
UnityEngine.DebugLogHandler:Internal_Log (UnityEngine.LogType,UnityEngine.LogOption,string,UnityEngine.Object)
UnityEngine.DebugLogHandler:LogFormat (UnityEngine.LogType,UnityEngine.Object,string,object[]) (at C:/build/output/unity/unity/Runtime/Export/Logging/DebugLogHandler.cs:9)
UnityEngine.Logger:Log (UnityEngine.LogType,object) (at C:/build/output/unity/unity/Runtime/Export/Logging/Logger.cs:60)
UnityEngine.Debug:Log (object) (at C:/build/output/unity/unity/Runtime/Export/Debug/Debug.bindings.cs:123)
CoopEpisodeManager:EndAndReset (bool,string) (at C:/Users/Chris/Desktop/OxenLight_ML_V2/OxenLight_ML/Assets/map_01/Scripts/CoopEpisodeManager.cs:220)
CoopEpisodeManager:FixedUpdate () (at C:/Users/Chris/Desktop/OxenLight_ML_V2/OxenLight_ML/Assets/map_01/Scripts/CoopEpisodeManager.cs:126)

(Filename: C:/build/output/unity/unity/Runtime/Export/Debug/Debug.bindings.cs Line: 123)

[Episode] World reset
UnityEngine.Debug:ExtractStackTraceNoAlloc (byte*,int,string)
UnityEngine.StackTraceUtility:ExtractStackTrace () (at C:/build/output/unity/unity/Runtime/Export/Scripting/StackTrace.cs:35)
UnityEngine.DebugLogHandler:Internal_Log (UnityEngine.LogType,UnityEngine.LogOption,string,UnityEngine.Object)
UnityEngine.DebugLogHandler:LogFormat (UnityEngine.LogType,UnityEngine.Object,string,object[]) (at C:/build/output/unity/unity/Runtime/Export/Logging/DebugLogHandler.cs:9)
UnityEngine.Logger:Log (UnityEngine.LogType,object) (at C:/build/output/unity/unity/Runtime/Export/Logging/Logger.cs:60)
UnityEngine.Debug:Log (object) (at C:/build/output/unity/unity/Runtime/Export/Debug/Debug.bindings.cs:123)
CoopEpisodeManager:ResetWorld () (at C:/Users/Chris/Desktop/OxenLight_ML_V2/OxenLight_ML/Assets/map_01/Scripts/CoopEpisodeManager.cs:289)
CoopEpisodeManager:EndAndReset (bool,string) (at C:/Users/Chris/Desktop/OxenLight_ML_V2/OxenLight_ML/Assets/map_01/Scripts/CoopEpisodeManager.cs:228)
CoopEpisodeManager:FixedUpdate () (at C:/Users/Chris/Desktop/OxenLight_ML_V2/OxenLight_ML/Assets/map_01/Scripts/CoopEpisodeManager.cs:126)

(Filename: C:/build/output/unity/unity/Runtime/Export/Debug/Debug.bindings.cs Line: 123)

[Episode] TIMEOUT
UnityEngine.Debug:ExtractStackTraceNoAlloc (byte*,int,string)
UnityEngine.StackTraceUtility:ExtractStackTrace () (at C:/build/output/unity/unity/Runtime/Export/Scripting/StackTrace.cs:35)
UnityEngine.DebugLogHandler:Internal_Log (UnityEngine.LogType,UnityEngine.LogOption,string,UnityEngine.Object)
UnityEngine.DebugLogHandler:LogFormat (UnityEngine.LogType,UnityEngine.Object,string,object[]) (at C:/build/output/unity/unity/Runtime/Export/Logging/DebugLogHandler.cs:9)
UnityEngine.Logger:Log (UnityEngine.LogType,object) (at C:/build/output/unity/unity/Runtime/Export/Logging/Logger.cs:60)
UnityEngine.Debug:Log (object) (at C:/build/output/unity/unity/Runtime/Export/Debug/Debug.bindings.cs:123)
CoopEpisodeManager:FixedUpdate () (at C:/Users/Chris/Desktop/OxenLight_ML_V2/OxenLight_ML/Assets/map_01/Scripts/CoopEpisodeManager.cs:125)

(Filename: C:/build/output/unity/unity/Runtime/Export/Debug/Debug.bindings.cs Line: 123)

episode finished | steps=15000 | reason=timeout | agentSlot=0 | episodeReward=0
UnityEngine.Debug:ExtractStackTraceNoAlloc (byte*,int,string)
UnityEngine.StackTraceUtility:ExtractStackTrace () (at C:/build/output/unity/unity/Runtime/Export/Scripting/StackTrace.cs:35)
UnityEngine.DebugLogHandler:Internal_Log (UnityEngine.LogType,UnityEngine.LogOption,string,UnityEngine.Object)
UnityEngine.DebugLogHandler:LogFormat (UnityEngine.LogType,UnityEngine.Object,string,object[]) (at C:/build/output/unity/unity/Runtime/Export/Logging/DebugLogHandler.cs:9)
UnityEngine.Logger:Log (UnityEngine.LogType,object) (at C:/build/output/unity/unity/Runtime/Export/Logging/Logger.cs:60)
UnityEngine.Debug:Log (object) (at C:/build/output/unity/unity/Runtime/Export/Debug/Debug.bindings.cs:123)
CoopEpisodeManager:EndAndReset (bool,string) (at C:/Users/Chris/Desktop/OxenLight_ML_V2/OxenLight_ML/Assets/map_01/Scripts/CoopEpisodeManager.cs:217)
CoopEpisodeManager:FixedUpdate () (at C:/Users/Chris/Desktop/OxenLight_ML_V2/OxenLight_ML/Assets/map_01/Scripts/CoopEpisodeManager.cs:126)

(Filename: C:/build/output/unity/unity/Runtime/Export/Debug/Debug.bindings.cs Line: 123)

episode finished | steps=15000 | reason=timeout | agentSlot=1 | episodeReward=0
UnityEngine.Debug:ExtractStackTraceNoAlloc (byte*,int,string)
UnityEngine.StackTraceUtility:ExtractStackTrace () (at C:/build/output/unity/unity/Runtime/Export/Scripting/StackTrace.cs:35)
UnityEngine.DebugLogHandler:Internal_Log (UnityEngine.LogType,UnityEngine.LogOption,string,UnityEngine.Object)
UnityEngine.DebugLogHandler:LogFormat (UnityEngine.LogType,UnityEngine.Object,string,object[]) (at C:/build/output/unity/unity/Runtime/Export/Logging/DebugLogHandler.cs:9)
UnityEngine.Logger:Log (UnityEngine.LogType,object) (at C:/build/output/unity/unity/Runtime/Export/Logging/Logger.cs:60)
UnityEngine.Debug:Log (object) (at C:/build/output/unity/unity/Runtime/Export/Debug/Debug.bindings.cs:123)
CoopEpisodeManager:EndAndReset (bool,string) (at C:/Users/Chris/Desktop/OxenLight_ML_V2/OxenLight_ML/Assets/map_01/Scripts/CoopEpisodeManager.cs:217)
CoopEpisodeManager:FixedUpdate () (at C:/Users/Chris/Desktop/OxenLight_ML_V2/OxenLight_ML/Assets/map_01/Scripts/CoopEpisodeManager.cs:126)

(Filename: C:/build/output/unity/unity/Runtime/Export/Debug/Debug.bindings.cs Line: 123)

episode finished | steps=15000 | reason=timeout | agentSlot=2 | episodeReward=0
UnityEngine.Debug:ExtractStackTraceNoAlloc (byte*,int,string)
UnityEngine.StackTraceUtility:ExtractStackTrace () (at C:/build/output/unity/unity/Runtime/Export/Scripting/StackTrace.cs:35)
UnityEngine.DebugLogHandler:Internal_Log (UnityEngine.LogType,UnityEngine.LogOption,string,UnityEngine.Object)
UnityEngine.DebugLogHandler:LogFormat (UnityEngine.LogType,UnityEngine.Object,string,object[]) (at C:/build/output/unity/unity/Runtime/Export/Logging/DebugLogHandler.cs:9)
UnityEngine.Logger:Log (UnityEngine.LogType,object) (at C:/build/output/unity/unity/Runtime/Export/Logging/Logger.cs:60)
UnityEngine.Debug:Log (object) (at C:/build/output/unity/unity/Runtime/Export/Debug/Debug.bindings.cs:123)
CoopEpisodeManager:EndAndReset (bool,string) (at C:/Users/Chris/Desktop/OxenLight_ML_V2/OxenLight_ML/Assets/map_01/Scripts/CoopEpisodeManager.cs:217)
CoopEpisodeManager:FixedUpdate () (at C:/Users/Chris/Desktop/OxenLight_ML_V2/OxenLight_ML/Assets/map_01/Scripts/CoopEpisodeManager.cs:126)

(Filename: C:/build/output/unity/unity/Runtime/Export/Debug/Debug.bindings.cs Line: 123)

episode finished | steps=15000 | reason=timeout | agentSlot=3 | episodeReward=0
UnityEngine.Debug:ExtractStackTraceNoAlloc (byte*,int,string)
UnityEngine.StackTraceUtility:ExtractStackTrace () (at C:/build/output/unity/unity/Runtime/Export/Scripting/StackTrace.cs:35)
UnityEngine.DebugLogHandler:Internal_Log (UnityEngine.LogType,UnityEngine.LogOption,string,UnityEngine.Object)
UnityEngine.DebugLogHandler:LogFormat (UnityEngine.LogType,UnityEngine.Object,string,object[]) (at C:/build/output/unity/unity/Runtime/Export/Logging/DebugLogHandler.cs:9)
UnityEngine.Logger:Log (UnityEngine.LogType,object) (at C:/build/output/unity/unity/Runtime/Export/Logging/Logger.cs:60)
UnityEngine.Debug:Log (object) (at C:/build/output/unity/unity/Runtime/Export/Debug/Debug.bindings.cs:123)
CoopEpisodeManager:EndAndReset (bool,string) (at C:/Users/Chris/Desktop/OxenLight_ML_V2/OxenLight_ML/Assets/map_01/Scripts/CoopEpisodeManager.cs:217)
CoopEpisodeManager:FixedUpdate () (at C:/Users/Chris/Desktop/OxenLight_ML_V2/OxenLight_ML/Assets/map_01/Scripts/CoopEpisodeManager.cs:126)

(Filename: C:/build/output/unity/unity/Runtime/Export/Debug/Debug.bindings.cs Line: 123)

episode finished | steps=15000 | reason=timeout | teamAvgEpisodeReward=0
UnityEngine.Debug:ExtractStackTraceNoAlloc (byte*,int,string)
UnityEngine.StackTraceUtility:ExtractStackTrace () (at C:/build/output/unity/unity/Runtime/Export/Scripting/StackTrace.cs:35)
UnityEngine.DebugLogHandler:Internal_Log (UnityEngine.LogType,UnityEngine.LogOption,string,UnityEngine.Object)
UnityEngine.DebugLogHandler:LogFormat (UnityEngine.LogType,UnityEngine.Object,string,object[]) (at C:/build/output/unity/unity/Runtime/Export/Logging/DebugLogHandler.cs:9)
UnityEngine.Logger:Log (UnityEngine.LogType,object) (at C:/build/output/unity/unity/Runtime/Export/Logging/Logger.cs:60)
UnityEngine.Debug:Log (object) (at C:/build/output/unity/unity/Runtime/Export/Debug/Debug.bindings.cs:123)
CoopEpisodeManager:EndAndReset (bool,string) (at C:/Users/Chris/Desktop/OxenLight_ML_V2/OxenLight_ML/Assets/map_01/Scripts/CoopEpisodeManager.cs:220)
CoopEpisodeManager:FixedUpdate () (at C:/Users/Chris/Desktop/OxenLight_ML_V2/OxenLight_ML/Assets/map_01/Scripts/CoopEpisodeManager.cs:126)

(Filename: C:/build/output/unity/unity/Runtime/Export/Debug/Debug.bindings.cs Line: 123)

[Episode] World reset
UnityEngine.Debug:ExtractStackTraceNoAlloc (byte*,int,string)
UnityEngine.StackTraceUtility:ExtractStackTrace () (at C:/build/output/unity/unity/Runtime/Export/Scripting/StackTrace.cs:35)
UnityEngine.DebugLogHandler:Internal_Log (UnityEngine.LogType,UnityEngine.LogOption,string,UnityEngine.Object)
UnityEngine.DebugLogHandler:LogFormat (UnityEngine.LogType,UnityEngine.Object,string,object[]) (at C:/build/output/unity/unity/Runtime/Export/Logging/DebugLogHandler.cs:9)
UnityEngine.Logger:Log (UnityEngine.LogType,object) (at C:/build/output/unity/unity/Runtime/Export/Logging/Logger.cs:60)
UnityEngine.Debug:Log (object) (at C:/build/output/unity/unity/Runtime/Export/Debug/Debug.bindings.cs:123)
CoopEpisodeManager:ResetWorld () (at C:/Users/Chris/Desktop/OxenLight_ML_V2/OxenLight_ML/Assets/map_01/Scripts/CoopEpisodeManager.cs:289)
CoopEpisodeManager:EndAndReset (bool,string) (at C:/Users/Chris/Desktop/OxenLight_ML_V2/OxenLight_ML/Assets/map_01/Scripts/CoopEpisodeManager.cs:228)
CoopEpisodeManager:FixedUpdate () (at C:/Users/Chris/Desktop/OxenLight_ML_V2/OxenLight_ML/Assets/map_01/Scripts/CoopEpisodeManager.cs:126)

(Filename: C:/build/output/unity/unity/Runtime/Export/Debug/Debug.bindings.cs Line: 123)

[Episode] TIMEOUT
UnityEngine.Debug:ExtractStackTraceNoAlloc (byte*,int,string)
UnityEngine.StackTraceUtility:ExtractStackTrace () (at C:/build/output/unity/unity/Runtime/Export/Scripting/StackTrace.cs:35)
UnityEngine.DebugLogHandler:Internal_Log (UnityEngine.LogType,UnityEngine.LogOption,string,UnityEngine.Object)
UnityEngine.DebugLogHandler:LogFormat (UnityEngine.LogType,UnityEngine.Object,string,object[]) (at C:/build/output/unity/unity/Runtime/Export/Logging/DebugLogHandler.cs:9)
UnityEngine.Logger:Log (UnityEngine.LogType,object) (at C:/build/output/unity/unity/Runtime/Export/Logging/Logger.cs:60)
UnityEngine.Debug:Log (object) (at C:/build/output/unity/unity/Runtime/Export/Debug/Debug.bindings.cs:123)
CoopEpisodeManager:FixedUpdate () (at C:/Users/Chris/Desktop/OxenLight_ML_V2/OxenLight_ML/Assets/map_01/Scripts/CoopEpisodeManager.cs:125)

(Filename: C:/build/output/unity/unity/Runtime/Export/Debug/Debug.bindings.cs Line: 123)

episode finished | steps=15000 | reason=timeout | agentSlot=0 | episodeReward=0
UnityEngine.Debug:ExtractStackTraceNoAlloc (byte*,int,string)
UnityEngine.StackTraceUtility:ExtractStackTrace () (at C:/build/output/unity/unity/Runtime/Export/Scripting/StackTrace.cs:35)
UnityEngine.DebugLogHandler:Internal_Log (UnityEngine.LogType,UnityEngine.LogOption,string,UnityEngine.Object)
UnityEngine.DebugLogHandler:LogFormat (UnityEngine.LogType,UnityEngine.Object,string,object[]) (at C:/build/output/unity/unity/Runtime/Export/Logging/DebugLogHandler.cs:9)
UnityEngine.Logger:Log (UnityEngine.LogType,object) (at C:/build/output/unity/unity/Runtime/Export/Logging/Logger.cs:60)
UnityEngine.Debug:Log (object) (at C:/build/output/unity/unity/Runtime/Export/Debug/Debug.bindings.cs:123)
CoopEpisodeManager:EndAndReset (bool,string) (at C:/Users/Chris/Desktop/OxenLight_ML_V2/OxenLight_ML/Assets/map_01/Scripts/CoopEpisodeManager.cs:217)
CoopEpisodeManager:FixedUpdate () (at C:/Users/Chris/Desktop/OxenLight_ML_V2/OxenLight_ML/Assets/map_01/Scripts/CoopEpisodeManager.cs:126)

(Filename: C:/build/output/unity/unity/Runtime/Export/Debug/Debug.bindings.cs Line: 123)

episode finished | steps=15000 | reason=timeout | agentSlot=1 | episodeReward=0
UnityEngine.Debug:ExtractStackTraceNoAlloc (byte*,int,string)
UnityEngine.StackTraceUtility:ExtractStackTrace () (at C:/build/output/unity/unity/Runtime/Export/Scripting/StackTrace.cs:35)
UnityEngine.DebugLogHandler:Internal_Log (UnityEngine.LogType,UnityEngine.LogOption,string,UnityEngine.Object)
UnityEngine.DebugLogHandler:LogFormat (UnityEngine.LogType,UnityEngine.Object,string,object[]) (at C:/build/output/unity/unity/Runtime/Export/Logging/DebugLogHandler.cs:9)
UnityEngine.Logger:Log (UnityEngine.LogType,object) (at C:/build/output/unity/unity/Runtime/Export/Logging/Logger.cs:60)
UnityEngine.Debug:Log (object) (at C:/build/output/unity/unity/Runtime/Export/Debug/Debug.bindings.cs:123)
CoopEpisodeManager:EndAndReset (bool,string) (at C:/Users/Chris/Desktop/OxenLight_ML_V2/OxenLight_ML/Assets/map_01/Scripts/CoopEpisodeManager.cs:217)
CoopEpisodeManager:FixedUpdate () (at C:/Users/Chris/Desktop/OxenLight_ML_V2/OxenLight_ML/Assets/map_01/Scripts/CoopEpisodeManager.cs:126)

(Filename: C:/build/output/unity/unity/Runtime/Export/Debug/Debug.bindings.cs Line: 123)

episode finished | steps=15000 | reason=timeout | agentSlot=2 | episodeReward=0
UnityEngine.Debug:ExtractStackTraceNoAlloc (byte*,int,string)
UnityEngine.StackTraceUtility:ExtractStackTrace () (at C:/build/output/unity/unity/Runtime/Export/Scripting/StackTrace.cs:35)
UnityEngine.DebugLogHandler:Internal_Log (UnityEngine.LogType,UnityEngine.LogOption,string,UnityEngine.Object)
UnityEngine.DebugLogHandler:LogFormat (UnityEngine.LogType,UnityEngine.Object,string,object[]) (at C:/build/output/unity/unity/Runtime/Export/Logging/DebugLogHandler.cs:9)
UnityEngine.Logger:Log (UnityEngine.LogType,object) (at C:/build/output/unity/unity/Runtime/Export/Logging/Logger.cs:60)
UnityEngine.Debug:Log (object) (at C:/build/output/unity/unity/Runtime/Export/Debug/Debug.bindings.cs:123)
CoopEpisodeManager:EndAndReset (bool,string) (at C:/Users/Chris/Desktop/OxenLight_ML_V2/OxenLight_ML/Assets/map_01/Scripts/CoopEpisodeManager.cs:217)
CoopEpisodeManager:FixedUpdate () (at C:/Users/Chris/Desktop/OxenLight_ML_V2/OxenLight_ML/Assets/map_01/Scripts/CoopEpisodeManager.cs:126)

(Filename: C:/build/output/unity/unity/Runtime/Export/Debug/Debug.bindings.cs Line: 123)

episode finished | steps=15000 | reason=timeout | agentSlot=3 | episodeReward=0
UnityEngine.Debug:ExtractStackTraceNoAlloc (byte*,int,string)
UnityEngine.StackTraceUtility:ExtractStackTrace () (at C:/build/output/unity/unity/Runtime/Export/Scripting/StackTrace.cs:35)
UnityEngine.DebugLogHandler:Internal_Log (UnityEngine.LogType,UnityEngine.LogOption,string,UnityEngine.Object)
UnityEngine.DebugLogHandler:LogFormat (UnityEngine.LogType,UnityEngine.Object,string,object[]) (at C:/build/output/unity/unity/Runtime/Export/Logging/DebugLogHandler.cs:9)
UnityEngine.Logger:Log (UnityEngine.LogType,object) (at C:/build/output/unity/unity/Runtime/Export/Logging/Logger.cs:60)
UnityEngine.Debug:Log (object) (at C:/build/output/unity/unity/Runtime/Export/Debug/Debug.bindings.cs:123)
CoopEpisodeManager:EndAndReset (bool,string) (at C:/Users/Chris/Desktop/OxenLight_ML_V2/OxenLight_ML/Assets/map_01/Scripts/CoopEpisodeManager.cs:217)
CoopEpisodeManager:FixedUpdate () (at C:/Users/Chris/Desktop/OxenLight_ML_V2/OxenLight_ML/Assets/map_01/Scripts/CoopEpisodeManager.cs:126)

(Filename: C:/build/output/unity/unity/Runtime/Export/Debug/Debug.bindings.cs Line: 123)

episode finished | steps=15000 | reason=timeout | teamAvgEpisodeReward=0
UnityEngine.Debug:ExtractStackTraceNoAlloc (byte*,int,string)
UnityEngine.StackTraceUtility:ExtractStackTrace () (at C:/build/output/unity/unity/Runtime/Export/Scripting/StackTrace.cs:35)
UnityEngine.DebugLogHandler:Internal_Log (UnityEngine.LogType,UnityEngine.LogOption,string,UnityEngine.Object)
UnityEngine.DebugLogHandler:LogFormat (UnityEngine.LogType,UnityEngine.Object,string,object[]) (at C:/build/output/unity/unity/Runtime/Export/Logging/DebugLogHandler.cs:9)
UnityEngine.Logger:Log (UnityEngine.LogType,object) (at C:/build/output/unity/unity/Runtime/Export/Logging/Logger.cs:60)
UnityEngine.Debug:Log (object) (at C:/build/output/unity/unity/Runtime/Export/Debug/Debug.bindings.cs:123)
CoopEpisodeManager:EndAndReset (bool,string) (at C:/Users/Chris/Desktop/OxenLight_ML_V2/OxenLight_ML/Assets/map_01/Scripts/CoopEpisodeManager.cs:220)
CoopEpisodeManager:FixedUpdate () (at C:/Users/Chris/Desktop/OxenLight_ML_V2/OxenLight_ML/Assets/map_01/Scripts/CoopEpisodeManager.cs:126)

(Filename: C:/build/output/unity/unity/Runtime/Export/Debug/Debug.bindings.cs Line: 123)

[Episode] World reset
UnityEngine.Debug:ExtractStackTraceNoAlloc (byte*,int,string)
UnityEngine.StackTraceUtility:ExtractStackTrace () (at C:/build/output/unity/unity/Runtime/Export/Scripting/StackTrace.cs:35)
UnityEngine.DebugLogHandler:Internal_Log (UnityEngine.LogType,UnityEngine.LogOption,string,UnityEngine.Object)
UnityEngine.DebugLogHandler:LogFormat (UnityEngine.LogType,UnityEngine.Object,string,object[]) (at C:/build/output/unity/unity/Runtime/Export/Logging/DebugLogHandler.cs:9)
UnityEngine.Logger:Log (UnityEngine.LogType,object) (at C:/build/output/unity/unity/Runtime/Export/Logging/Logger.cs:60)
UnityEngine.Debug:Log (object) (at C:/build/output/unity/unity/Runtime/Export/Debug/Debug.bindings.cs:123)
CoopEpisodeManager:ResetWorld () (at C:/Users/Chris/Desktop/OxenLight_ML_V2/OxenLight_ML/Assets/map_01/Scripts/CoopEpisodeManager.cs:289)
CoopEpisodeManager:EndAndReset (bool,string) (at C:/Users/Chris/Desktop/OxenLight_ML_V2/OxenLight_ML/Assets/map_01/Scripts/CoopEpisodeManager.cs:228)
CoopEpisodeManager:FixedUpdate () (at C:/Users/Chris/Desktop/OxenLight_ML_V2/OxenLight_ML/Assets/map_01/Scripts/CoopEpisodeManager.cs:126)

(Filename: C:/build/output/unity/unity/Runtime/Export/Debug/Debug.bindings.cs Line: 123)

[Episode] TIMEOUT
UnityEngine.Debug:ExtractStackTraceNoAlloc (byte*,int,string)
UnityEngine.StackTraceUtility:ExtractStackTrace () (at C:/build/output/unity/unity/Runtime/Export/Scripting/StackTrace.cs:35)
UnityEngine.DebugLogHandler:Internal_Log (UnityEngine.LogType,UnityEngine.LogOption,string,UnityEngine.Object)
UnityEngine.DebugLogHandler:LogFormat (UnityEngine.LogType,UnityEngine.Object,string,object[]) (at C:/build/output/unity/unity/Runtime/Export/Logging/DebugLogHandler.cs:9)
UnityEngine.Logger:Log (UnityEngine.LogType,object) (at C:/build/output/unity/unity/Runtime/Export/Logging/Logger.cs:60)
UnityEngine.Debug:Log (object) (at C:/build/output/unity/unity/Runtime/Export/Debug/Debug.bindings.cs:123)
CoopEpisodeManager:FixedUpdate () (at C:/Users/Chris/Desktop/OxenLight_ML_V2/OxenLight_ML/Assets/map_01/Scripts/CoopEpisodeManager.cs:125)

(Filename: C:/build/output/unity/unity/Runtime/Export/Debug/Debug.bindings.cs Line: 123)

episode finished | steps=15000 | reason=timeout | agentSlot=0 | episodeReward=0
UnityEngine.Debug:ExtractStackTraceNoAlloc (byte*,int,string)
UnityEngine.StackTraceUtility:ExtractStackTrace () (at C:/build/output/unity/unity/Runtime/Export/Scripting/StackTrace.cs:35)
UnityEngine.DebugLogHandler:Internal_Log (UnityEngine.LogType,UnityEngine.LogOption,string,UnityEngine.Object)
UnityEngine.DebugLogHandler:LogFormat (UnityEngine.LogType,UnityEngine.Object,string,object[]) (at C:/build/output/unity/unity/Runtime/Export/Logging/DebugLogHandler.cs:9)
UnityEngine.Logger:Log (UnityEngine.LogType,object) (at C:/build/output/unity/unity/Runtime/Export/Logging/Logger.cs:60)
UnityEngine.Debug:Log (object) (at C:/build/output/unity/unity/Runtime/Export/Debug/Debug.bindings.cs:123)
CoopEpisodeManager:EndAndReset (bool,string) (at C:/Users/Chris/Desktop/OxenLight_ML_V2/OxenLight_ML/Assets/map_01/Scripts/CoopEpisodeManager.cs:217)
CoopEpisodeManager:FixedUpdate () (at C:/Users/Chris/Desktop/OxenLight_ML_V2/OxenLight_ML/Assets/map_01/Scripts/CoopEpisodeManager.cs:126)

(Filename: C:/build/output/unity/unity/Runtime/Export/Debug/Debug.bindings.cs Line: 123)

episode finished | steps=15000 | reason=timeout | agentSlot=1 | episodeReward=0
UnityEngine.Debug:ExtractStackTraceNoAlloc (byte*,int,string)
UnityEngine.StackTraceUtility:ExtractStackTrace () (at C:/build/output/unity/unity/Runtime/Export/Scripting/StackTrace.cs:35)
UnityEngine.DebugLogHandler:Internal_Log (UnityEngine.LogType,UnityEngine.LogOption,string,UnityEngine.Object)
UnityEngine.DebugLogHandler:LogFormat (UnityEngine.LogType,UnityEngine.Object,string,object[]) (at C:/build/output/unity/unity/Runtime/Export/Logging/DebugLogHandler.cs:9)
UnityEngine.Logger:Log (UnityEngine.LogType,object) (at C:/build/output/unity/unity/Runtime/Export/Logging/Logger.cs:60)
UnityEngine.Debug:Log (object) (at C:/build/output/unity/unity/Runtime/Export/Debug/Debug.bindings.cs:123)
CoopEpisodeManager:EndAndReset (bool,string) (at C:/Users/Chris/Desktop/OxenLight_ML_V2/OxenLight_ML/Assets/map_01/Scripts/CoopEpisodeManager.cs:217)
CoopEpisodeManager:FixedUpdate () (at C:/Users/Chris/Desktop/OxenLight_ML_V2/OxenLight_ML/Assets/map_01/Scripts/CoopEpisodeManager.cs:126)

(Filename: C:/build/output/unity/unity/Runtime/Export/Debug/Debug.bindings.cs Line: 123)

episode finished | steps=15000 | reason=timeout | agentSlot=2 | episodeReward=0
UnityEngine.Debug:ExtractStackTraceNoAlloc (byte*,int,string)
UnityEngine.StackTraceUtility:ExtractStackTrace () (at C:/build/output/unity/unity/Runtime/Export/Scripting/StackTrace.cs:35)
UnityEngine.DebugLogHandler:Internal_Log (UnityEngine.LogType,UnityEngine.LogOption,string,UnityEngine.Object)
UnityEngine.DebugLogHandler:LogFormat (UnityEngine.LogType,UnityEngine.Object,string,object[]) (at C:/build/output/unity/unity/Runtime/Export/Logging/DebugLogHandler.cs:9)
UnityEngine.Logger:Log (UnityEngine.LogType,object) (at C:/build/output/unity/unity/Runtime/Export/Logging/Logger.cs:60)
UnityEngine.Debug:Log (object) (at C:/build/output/unity/unity/Runtime/Export/Debug/Debug.bindings.cs:123)
CoopEpisodeManager:EndAndReset (bool,string) (at C:/Users/Chris/Desktop/OxenLight_ML_V2/OxenLight_ML/Assets/map_01/Scripts/CoopEpisodeManager.cs:217)
CoopEpisodeManager:FixedUpdate () (at C:/Users/Chris/Desktop/OxenLight_ML_V2/OxenLight_ML/Assets/map_01/Scripts/CoopEpisodeManager.cs:126)

(Filename: C:/build/output/unity/unity/Runtime/Export/Debug/Debug.bindings.cs Line: 123)

episode finished | steps=15000 | reason=timeout | agentSlot=3 | episodeReward=0
UnityEngine.Debug:ExtractStackTraceNoAlloc (byte*,int,string)
UnityEngine.StackTraceUtility:ExtractStackTrace () (at C:/build/output/unity/unity/Runtime/Export/Scripting/StackTrace.cs:35)
UnityEngine.DebugLogHandler:Internal_Log (UnityEngine.LogType,UnityEngine.LogOption,string,UnityEngine.Object)
UnityEngine.DebugLogHandler:LogFormat (UnityEngine.LogType,UnityEngine.Object,string,object[]) (at C:/build/output/unity/unity/Runtime/Export/Logging/DebugLogHandler.cs:9)
UnityEngine.Logger:Log (UnityEngine.LogType,object) (at C:/build/output/unity/unity/Runtime/Export/Logging/Logger.cs:60)
UnityEngine.Debug:Log (object) (at C:/build/output/unity/unity/Runtime/Export/Debug/Debug.bindings.cs:123)
CoopEpisodeManager:EndAndReset (bool,string) (at C:/Users/Chris/Desktop/OxenLight_ML_V2/OxenLight_ML/Assets/map_01/Scripts/CoopEpisodeManager.cs:217)
CoopEpisodeManager:FixedUpdate () (at C:/Users/Chris/Desktop/OxenLight_ML_V2/OxenLight_ML/Assets/map_01/Scripts/CoopEpisodeManager.cs:126)

(Filename: C:/build/output/unity/unity/Runtime/Export/Debug/Debug.bindings.cs Line: 123)

episode finished | steps=15000 | reason=timeout | teamAvgEpisodeReward=0
UnityEngine.Debug:ExtractStackTraceNoAlloc (byte*,int,string)
UnityEngine.StackTraceUtility:ExtractStackTrace () (at C:/build/output/unity/unity/Runtime/Export/Scripting/StackTrace.cs:35)
UnityEngine.DebugLogHandler:Internal_Log (UnityEngine.LogType,UnityEngine.LogOption,string,UnityEngine.Object)
UnityEngine.DebugLogHandler:LogFormat (UnityEngine.LogType,UnityEngine.Object,string,object[]) (at C:/build/output/unity/unity/Runtime/Export/Logging/DebugLogHandler.cs:9)
UnityEngine.Logger:Log (UnityEngine.LogType,object) (at C:/build/output/unity/unity/Runtime/Export/Logging/Logger.cs:60)
UnityEngine.Debug:Log (object) (at C:/build/output/unity/unity/Runtime/Export/Debug/Debug.bindings.cs:123)
CoopEpisodeManager:EndAndReset (bool,string) (at C:/Users/Chris/Desktop/OxenLight_ML_V2/OxenLight_ML/Assets/map_01/Scripts/CoopEpisodeManager.cs:220)
CoopEpisodeManager:FixedUpdate () (at C:/Users/Chris/Desktop/OxenLight_ML_V2/OxenLight_ML/Assets/map_01/Scripts/CoopEpisodeManager.cs:126)

(Filename: C:/build/output/unity/unity/Runtime/Export/Debug/Debug.bindings.cs Line: 123)

[Episode] World reset
UnityEngine.Debug:ExtractStackTraceNoAlloc (byte*,int,string)
UnityEngine.StackTraceUtility:ExtractStackTrace () (at C:/build/output/unity/unity/Runtime/Export/Scripting/StackTrace.cs:35)
UnityEngine.DebugLogHandler:Internal_Log (UnityEngine.LogType,UnityEngine.LogOption,string,UnityEngine.Object)
UnityEngine.DebugLogHandler:LogFormat (UnityEngine.LogType,UnityEngine.Object,string,object[]) (at C:/build/output/unity/unity/Runtime/Export/Logging/DebugLogHandler.cs:9)
UnityEngine.Logger:Log (UnityEngine.LogType,object) (at C:/build/output/unity/unity/Runtime/Export/Logging/Logger.cs:60)
UnityEngine.Debug:Log (object) (at C:/build/output/unity/unity/Runtime/Export/Debug/Debug.bindings.cs:123)
CoopEpisodeManager:ResetWorld () (at C:/Users/Chris/Desktop/OxenLight_ML_V2/OxenLight_ML/Assets/map_01/Scripts/CoopEpisodeManager.cs:289)
CoopEpisodeManager:EndAndReset (bool,string) (at C:/Users/Chris/Desktop/OxenLight_ML_V2/OxenLight_ML/Assets/map_01/Scripts/CoopEpisodeManager.cs:228)
CoopEpisodeManager:FixedUpdate () (at C:/Users/Chris/Desktop/OxenLight_ML_V2/OxenLight_ML/Assets/map_01/Scripts/CoopEpisodeManager.cs:126)

(Filename: C:/build/output/unity/unity/Runtime/Export/Debug/Debug.bindings.cs Line: 123)

[Episode] TIMEOUT
UnityEngine.Debug:ExtractStackTraceNoAlloc (byte*,int,string)
UnityEngine.StackTraceUtility:ExtractStackTrace () (at C:/build/output/unity/unity/Runtime/Export/Scripting/StackTrace.cs:35)
UnityEngine.DebugLogHandler:Internal_Log (UnityEngine.LogType,UnityEngine.LogOption,string,UnityEngine.Object)
UnityEngine.DebugLogHandler:LogFormat (UnityEngine.LogType,UnityEngine.Object,string,object[]) (at C:/build/output/unity/unity/Runtime/Export/Logging/DebugLogHandler.cs:9)
UnityEngine.Logger:Log (UnityEngine.LogType,object) (at C:/build/output/unity/unity/Runtime/Export/Logging/Logger.cs:60)
UnityEngine.Debug:Log (object) (at C:/build/output/unity/unity/Runtime/Export/Debug/Debug.bindings.cs:123)
CoopEpisodeManager:FixedUpdate () (at C:/Users/Chris/Desktop/OxenLight_ML_V2/OxenLight_ML/Assets/map_01/Scripts/CoopEpisodeManager.cs:125)

(Filename: C:/build/output/unity/unity/Runtime/Export/Debug/Debug.bindings.cs Line: 123)

episode finished | steps=15000 | reason=timeout | agentSlot=0 | episodeReward=0
UnityEngine.Debug:ExtractStackTraceNoAlloc (byte*,int,string)
UnityEngine.StackTraceUtility:ExtractStackTrace () (at C:/build/output/unity/unity/Runtime/Export/Scripting/StackTrace.cs:35)
UnityEngine.DebugLogHandler:Internal_Log (UnityEngine.LogType,UnityEngine.LogOption,string,UnityEngine.Object)
UnityEngine.DebugLogHandler:LogFormat (UnityEngine.LogType,UnityEngine.Object,string,object[]) (at C:/build/output/unity/unity/Runtime/Export/Logging/DebugLogHandler.cs:9)
UnityEngine.Logger:Log (UnityEngine.LogType,object) (at C:/build/output/unity/unity/Runtime/Export/Logging/Logger.cs:60)
UnityEngine.Debug:Log (object) (at C:/build/output/unity/unity/Runtime/Export/Debug/Debug.bindings.cs:123)
CoopEpisodeManager:EndAndReset (bool,string) (at C:/Users/Chris/Desktop/OxenLight_ML_V2/OxenLight_ML/Assets/map_01/Scripts/CoopEpisodeManager.cs:217)
CoopEpisodeManager:FixedUpdate () (at C:/Users/Chris/Desktop/OxenLight_ML_V2/OxenLight_ML/Assets/map_01/Scripts/CoopEpisodeManager.cs:126)

(Filename: C:/build/output/unity/unity/Runtime/Export/Debug/Debug.bindings.cs Line: 123)

episode finished | steps=15000 | reason=timeout | agentSlot=1 | episodeReward=0
UnityEngine.Debug:ExtractStackTraceNoAlloc (byte*,int,string)
UnityEngine.StackTraceUtility:ExtractStackTrace () (at C:/build/output/unity/unity/Runtime/Export/Scripting/StackTrace.cs:35)
UnityEngine.DebugLogHandler:Internal_Log (UnityEngine.LogType,UnityEngine.LogOption,string,UnityEngine.Object)
UnityEngine.DebugLogHandler:LogFormat (UnityEngine.LogType,UnityEngine.Object,string,object[]) (at C:/build/output/unity/unity/Runtime/Export/Logging/DebugLogHandler.cs:9)
UnityEngine.Logger:Log (UnityEngine.LogType,object) (at C:/build/output/unity/unity/Runtime/Export/Logging/Logger.cs:60)
UnityEngine.Debug:Log (object) (at C:/build/output/unity/unity/Runtime/Export/Debug/Debug.bindings.cs:123)
CoopEpisodeManager:EndAndReset (bool,string) (at C:/Users/Chris/Desktop/OxenLight_ML_V2/OxenLight_ML/Assets/map_01/Scripts/CoopEpisodeManager.cs:217)
CoopEpisodeManager:FixedUpdate () (at C:/Users/Chris/Desktop/OxenLight_ML_V2/OxenLight_ML/Assets/map_01/Scripts/CoopEpisodeManager.cs:126)

(Filename: C:/build/output/unity/unity/Runtime/Export/Debug/Debug.bindings.cs Line: 123)

episode finished | steps=15000 | reason=timeout | agentSlot=2 | episodeReward=0
UnityEngine.Debug:ExtractStackTraceNoAlloc (byte*,int,string)
UnityEngine.StackTraceUtility:ExtractStackTrace () (at C:/build/output/unity/unity/Runtime/Export/Scripting/StackTrace.cs:35)
UnityEngine.DebugLogHandler:Internal_Log (UnityEngine.LogType,UnityEngine.LogOption,string,UnityEngine.Object)
UnityEngine.DebugLogHandler:LogFormat (UnityEngine.LogType,UnityEngine.Object,string,object[]) (at C:/build/output/unity/unity/Runtime/Export/Logging/DebugLogHandler.cs:9)
UnityEngine.Logger:Log (UnityEngine.LogType,object) (at C:/build/output/unity/unity/Runtime/Export/Logging/Logger.cs:60)
UnityEngine.Debug:Log (object) (at C:/build/output/unity/unity/Runtime/Export/Debug/Debug.bindings.cs:123)
CoopEpisodeManager:EndAndReset (bool,string) (at C:/Users/Chris/Desktop/OxenLight_ML_V2/OxenLight_ML/Assets/map_01/Scripts/CoopEpisodeManager.cs:217)
CoopEpisodeManager:FixedUpdate () (at C:/Users/Chris/Desktop/OxenLight_ML_V2/OxenLight_ML/Assets/map_01/Scripts/CoopEpisodeManager.cs:126)

(Filename: C:/build/output/unity/unity/Runtime/Export/Debug/Debug.bindings.cs Line: 123)

episode finished | steps=15000 | reason=timeout | agentSlot=3 | episodeReward=0
UnityEngine.Debug:ExtractStackTraceNoAlloc (byte*,int,string)
UnityEngine.StackTraceUtility:ExtractStackTrace () (at C:/build/output/unity/unity/Runtime/Export/Scripting/StackTrace.cs:35)
UnityEngine.DebugLogHandler:Internal_Log (UnityEngine.LogType,UnityEngine.LogOption,string,UnityEngine.Object)
UnityEngine.DebugLogHandler:LogFormat (UnityEngine.LogType,UnityEngine.Object,string,object[]) (at C:/build/output/unity/unity/Runtime/Export/Logging/DebugLogHandler.cs:9)
UnityEngine.Logger:Log (UnityEngine.LogType,object) (at C:/build/output/unity/unity/Runtime/Export/Logging/Logger.cs:60)
UnityEngine.Debug:Log (object) (at C:/build/output/unity/unity/Runtime/Export/Debug/Debug.bindings.cs:123)
CoopEpisodeManager:EndAndReset (bool,string) (at C:/Users/Chris/Desktop/OxenLight_ML_V2/OxenLight_ML/Assets/map_01/Scripts/CoopEpisodeManager.cs:217)
CoopEpisodeManager:FixedUpdate () (at C:/Users/Chris/Desktop/OxenLight_ML_V2/OxenLight_ML/Assets/map_01/Scripts/CoopEpisodeManager.cs:126)

(Filename: C:/build/output/unity/unity/Runtime/Export/Debug/Debug.bindings.cs Line: 123)

episode finished | steps=15000 | reason=timeout | teamAvgEpisodeReward=0
UnityEngine.Debug:ExtractStackTraceNoAlloc (byte*,int,string)
UnityEngine.StackTraceUtility:ExtractStackTrace () (at C:/build/output/unity/unity/Runtime/Export/Scripting/StackTrace.cs:35)
UnityEngine.DebugLogHandler:Internal_Log (UnityEngine.LogType,UnityEngine.LogOption,string,UnityEngine.Object)
UnityEngine.DebugLogHandler:LogFormat (UnityEngine.LogType,UnityEngine.Object,string,object[]) (at C:/build/output/unity/unity/Runtime/Export/Logging/DebugLogHandler.cs:9)
UnityEngine.Logger:Log (UnityEngine.LogType,object) (at C:/build/output/unity/unity/Runtime/Export/Logging/Logger.cs:60)
UnityEngine.Debug:Log (object) (at C:/build/output/unity/unity/Runtime/Export/Debug/Debug.bindings.cs:123)
CoopEpisodeManager:EndAndReset (bool,string) (at C:/Users/Chris/Desktop/OxenLight_ML_V2/OxenLight_ML/Assets/map_01/Scripts/CoopEpisodeManager.cs:220)
CoopEpisodeManager:FixedUpdate () (at C:/Users/Chris/Desktop/OxenLight_ML_V2/OxenLight_ML/Assets/map_01/Scripts/CoopEpisodeManager.cs:126)

(Filename: C:/build/output/unity/unity/Runtime/Export/Debug/Debug.bindings.cs Line: 123)

[Episode] World reset
UnityEngine.Debug:ExtractStackTraceNoAlloc (byte*,int,string)
UnityEngine.StackTraceUtility:ExtractStackTrace () (at C:/build/output/unity/unity/Runtime/Export/Scripting/StackTrace.cs:35)
UnityEngine.DebugLogHandler:Internal_Log (UnityEngine.LogType,UnityEngine.LogOption,string,UnityEngine.Object)
UnityEngine.DebugLogHandler:LogFormat (UnityEngine.LogType,UnityEngine.Object,string,object[]) (at C:/build/output/unity/unity/Runtime/Export/Logging/DebugLogHandler.cs:9)
UnityEngine.Logger:Log (UnityEngine.LogType,object) (at C:/build/output/unity/unity/Runtime/Export/Logging/Logger.cs:60)
UnityEngine.Debug:Log (object) (at C:/build/output/unity/unity/Runtime/Export/Debug/Debug.bindings.cs:123)
CoopEpisodeManager:ResetWorld () (at C:/Users/Chris/Desktop/OxenLight_ML_V2/OxenLight_ML/Assets/map_01/Scripts/CoopEpisodeManager.cs:289)
CoopEpisodeManager:EndAndReset (bool,string) (at C:/Users/Chris/Desktop/OxenLight_ML_V2/OxenLight_ML/Assets/map_01/Scripts/CoopEpisodeManager.cs:228)
CoopEpisodeManager:FixedUpdate () (at C:/Users/Chris/Desktop/OxenLight_ML_V2/OxenLight_ML/Assets/map_01/Scripts/CoopEpisodeManager.cs:126)

(Filename: C:/build/output/unity/unity/Runtime/Export/Debug/Debug.bindings.cs Line: 123)

[Episode] TIMEOUT
UnityEngine.Debug:ExtractStackTraceNoAlloc (byte*,int,string)
UnityEngine.StackTraceUtility:ExtractStackTrace () (at C:/build/output/unity/unity/Runtime/Export/Scripting/StackTrace.cs:35)
UnityEngine.DebugLogHandler:Internal_Log (UnityEngine.LogType,UnityEngine.LogOption,string,UnityEngine.Object)
UnityEngine.DebugLogHandler:LogFormat (UnityEngine.LogType,UnityEngine.Object,string,object[]) (at C:/build/output/unity/unity/Runtime/Export/Logging/DebugLogHandler.cs:9)
UnityEngine.Logger:Log (UnityEngine.LogType,object) (at C:/build/output/unity/unity/Runtime/Export/Logging/Logger.cs:60)
UnityEngine.Debug:Log (object) (at C:/build/output/unity/unity/Runtime/Export/Debug/Debug.bindings.cs:123)
CoopEpisodeManager:FixedUpdate () (at C:/Users/Chris/Desktop/OxenLight_ML_V2/OxenLight_ML/Assets/map_01/Scripts/CoopEpisodeManager.cs:125)

(Filename: C:/build/output/unity/unity/Runtime/Export/Debug/Debug.bindings.cs Line: 123)

episode finished | steps=15000 | reason=timeout | agentSlot=0 | episodeReward=0
UnityEngine.Debug:ExtractStackTraceNoAlloc (byte*,int,string)
UnityEngine.StackTraceUtility:ExtractStackTrace () (at C:/build/output/unity/unity/Runtime/Export/Scripting/StackTrace.cs:35)
UnityEngine.DebugLogHandler:Internal_Log (UnityEngine.LogType,UnityEngine.LogOption,string,UnityEngine.Object)
UnityEngine.DebugLogHandler:LogFormat (UnityEngine.LogType,UnityEngine.Object,string,object[]) (at C:/build/output/unity/unity/Runtime/Export/Logging/DebugLogHandler.cs:9)
UnityEngine.Logger:Log (UnityEngine.LogType,object) (at C:/build/output/unity/unity/Runtime/Export/Logging/Logger.cs:60)
UnityEngine.Debug:Log (object) (at C:/build/output/unity/unity/Runtime/Export/Debug/Debug.bindings.cs:123)
CoopEpisodeManager:EndAndReset (bool,string) (at C:/Users/Chris/Desktop/OxenLight_ML_V2/OxenLight_ML/Assets/map_01/Scripts/CoopEpisodeManager.cs:217)
CoopEpisodeManager:FixedUpdate () (at C:/Users/Chris/Desktop/OxenLight_ML_V2/OxenLight_ML/Assets/map_01/Scripts/CoopEpisodeManager.cs:126)

(Filename: C:/build/output/unity/unity/Runtime/Export/Debug/Debug.bindings.cs Line: 123)

episode finished | steps=15000 | reason=timeout | agentSlot=1 | episodeReward=0
UnityEngine.Debug:ExtractStackTraceNoAlloc (byte*,int,string)
UnityEngine.StackTraceUtility:ExtractStackTrace () (at C:/build/output/unity/unity/Runtime/Export/Scripting/StackTrace.cs:35)
UnityEngine.DebugLogHandler:Internal_Log (UnityEngine.LogType,UnityEngine.LogOption,string,UnityEngine.Object)
UnityEngine.DebugLogHandler:LogFormat (UnityEngine.LogType,UnityEngine.Object,string,object[]) (at C:/build/output/unity/unity/Runtime/Export/Logging/DebugLogHandler.cs:9)
UnityEngine.Logger:Log (UnityEngine.LogType,object) (at C:/build/output/unity/unity/Runtime/Export/Logging/Logger.cs:60)
UnityEngine.Debug:Log (object) (at C:/build/output/unity/unity/Runtime/Export/Debug/Debug.bindings.cs:123)
CoopEpisodeManager:EndAndReset (bool,string) (at C:/Users/Chris/Desktop/OxenLight_ML_V2/OxenLight_ML/Assets/map_01/Scripts/CoopEpisodeManager.cs:217)
CoopEpisodeManager:FixedUpdate () (at C:/Users/Chris/Desktop/OxenLight_ML_V2/OxenLight_ML/Assets/map_01/Scripts/CoopEpisodeManager.cs:126)

(Filename: C:/build/output/unity/unity/Runtime/Export/Debug/Debug.bindings.cs Line: 123)

episode finished | steps=15000 | reason=timeout | agentSlot=2 | episodeReward=0
UnityEngine.Debug:ExtractStackTraceNoAlloc (byte*,int,string)
UnityEngine.StackTraceUtility:ExtractStackTrace () (at C:/build/output/unity/unity/Runtime/Export/Scripting/StackTrace.cs:35)
UnityEngine.DebugLogHandler:Internal_Log (UnityEngine.LogType,UnityEngine.LogOption,string,UnityEngine.Object)
UnityEngine.DebugLogHandler:LogFormat (UnityEngine.LogType,UnityEngine.Object,string,object[]) (at C:/build/output/unity/unity/Runtime/Export/Logging/DebugLogHandler.cs:9)
UnityEngine.Logger:Log (UnityEngine.LogType,object) (at C:/build/output/unity/unity/Runtime/Export/Logging/Logger.cs:60)
UnityEngine.Debug:Log (object) (at C:/build/output/unity/unity/Runtime/Export/Debug/Debug.bindings.cs:123)
CoopEpisodeManager:EndAndReset (bool,string) (at C:/Users/Chris/Desktop/OxenLight_ML_V2/OxenLight_ML/Assets/map_01/Scripts/CoopEpisodeManager.cs:217)
CoopEpisodeManager:FixedUpdate () (at C:/Users/Chris/Desktop/OxenLight_ML_V2/OxenLight_ML/Assets/map_01/Scripts/CoopEpisodeManager.cs:126)

(Filename: C:/build/output/unity/unity/Runtime/Export/Debug/Debug.bindings.cs Line: 123)

episode finished | steps=15000 | reason=timeout | agentSlot=3 | episodeReward=0
UnityEngine.Debug:ExtractStackTraceNoAlloc (byte*,int,string)
UnityEngine.StackTraceUtility:ExtractStackTrace () (at C:/build/output/unity/unity/Runtime/Export/Scripting/StackTrace.cs:35)
UnityEngine.DebugLogHandler:Internal_Log (UnityEngine.LogType,UnityEngine.LogOption,string,UnityEngine.Object)
UnityEngine.DebugLogHandler:LogFormat (UnityEngine.LogType,UnityEngine.Object,string,object[]) (at C:/build/output/unity/unity/Runtime/Export/Logging/DebugLogHandler.cs:9)
UnityEngine.Logger:Log (UnityEngine.LogType,object) (at C:/build/output/unity/unity/Runtime/Export/Logging/Logger.cs:60)
UnityEngine.Debug:Log (object) (at C:/build/output/unity/unity/Runtime/Export/Debug/Debug.bindings.cs:123)
CoopEpisodeManager:EndAndReset (bool,string) (at C:/Users/Chris/Desktop/OxenLight_ML_V2/OxenLight_ML/Assets/map_01/Scripts/CoopEpisodeManager.cs:217)
CoopEpisodeManager:FixedUpdate () (at C:/Users/Chris/Desktop/OxenLight_ML_V2/OxenLight_ML/Assets/map_01/Scripts/CoopEpisodeManager.cs:126)

(Filename: C:/build/output/unity/unity/Runtime/Export/Debug/Debug.bindings.cs Line: 123)

episode finished | steps=15000 | reason=timeout | teamAvgEpisodeReward=0
UnityEngine.Debug:ExtractStackTraceNoAlloc (byte*,int,string)
UnityEngine.StackTraceUtility:ExtractStackTrace () (at C:/build/output/unity/unity/Runtime/Export/Scripting/StackTrace.cs:35)
UnityEngine.DebugLogHandler:Internal_Log (UnityEngine.LogType,UnityEngine.LogOption,string,UnityEngine.Object)
UnityEngine.DebugLogHandler:LogFormat (UnityEngine.LogType,UnityEngine.Object,string,object[]) (at C:/build/output/unity/unity/Runtime/Export/Logging/DebugLogHandler.cs:9)
UnityEngine.Logger:Log (UnityEngine.LogType,object) (at C:/build/output/unity/unity/Runtime/Export/Logging/Logger.cs:60)
UnityEngine.Debug:Log (object) (at C:/build/output/unity/unity/Runtime/Export/Debug/Debug.bindings.cs:123)
CoopEpisodeManager:EndAndReset (bool,string) (at C:/Users/Chris/Desktop/OxenLight_ML_V2/OxenLight_ML/Assets/map_01/Scripts/CoopEpisodeManager.cs:220)
CoopEpisodeManager:FixedUpdate () (at C:/Users/Chris/Desktop/OxenLight_ML_V2/OxenLight_ML/Assets/map_01/Scripts/CoopEpisodeManager.cs:126)

(Filename: C:/build/output/unity/unity/Runtime/Export/Debug/Debug.bindings.cs Line: 123)

[Episode] World reset
UnityEngine.Debug:ExtractStackTraceNoAlloc (byte*,int,string)
UnityEngine.StackTraceUtility:ExtractStackTrace () (at C:/build/output/unity/unity/Runtime/Export/Scripting/StackTrace.cs:35)
UnityEngine.DebugLogHandler:Internal_Log (UnityEngine.LogType,UnityEngine.LogOption,string,UnityEngine.Object)
UnityEngine.DebugLogHandler:LogFormat (UnityEngine.LogType,UnityEngine.Object,string,object[]) (at C:/build/output/unity/unity/Runtime/Export/Logging/DebugLogHandler.cs:9)
UnityEngine.Logger:Log (UnityEngine.LogType,object) (at C:/build/output/unity/unity/Runtime/Export/Logging/Logger.cs:60)
UnityEngine.Debug:Log (object) (at C:/build/output/unity/unity/Runtime/Export/Debug/Debug.bindings.cs:123)
CoopEpisodeManager:ResetWorld () (at C:/Users/Chris/Desktop/OxenLight_ML_V2/OxenLight_ML/Assets/map_01/Scripts/CoopEpisodeManager.cs:289)
CoopEpisodeManager:EndAndReset (bool,string) (at C:/Users/Chris/Desktop/OxenLight_ML_V2/OxenLight_ML/Assets/map_01/Scripts/CoopEpisodeManager.cs:228)
CoopEpisodeManager:FixedUpdate () (at C:/Users/Chris/Desktop/OxenLight_ML_V2/OxenLight_ML/Assets/map_01/Scripts/CoopEpisodeManager.cs:126)

(Filename: C:/build/output/unity/unity/Runtime/Export/Debug/Debug.bindings.cs Line: 123)

[Episode] TIMEOUT
UnityEngine.Debug:ExtractStackTraceNoAlloc (byte*,int,string)
UnityEngine.StackTraceUtility:ExtractStackTrace () (at C:/build/output/unity/unity/Runtime/Export/Scripting/StackTrace.cs:35)
UnityEngine.DebugLogHandler:Internal_Log (UnityEngine.LogType,UnityEngine.LogOption,string,UnityEngine.Object)
UnityEngine.DebugLogHandler:LogFormat (UnityEngine.LogType,UnityEngine.Object,string,object[]) (at C:/build/output/unity/unity/Runtime/Export/Logging/DebugLogHandler.cs:9)
UnityEngine.Logger:Log (UnityEngine.LogType,object) (at C:/build/output/unity/unity/Runtime/Export/Logging/Logger.cs:60)
UnityEngine.Debug:Log (object) (at C:/build/output/unity/unity/Runtime/Export/Debug/Debug.bindings.cs:123)
CoopEpisodeManager:FixedUpdate () (at C:/Users/Chris/Desktop/OxenLight_ML_V2/OxenLight_ML/Assets/map_01/Scripts/CoopEpisodeManager.cs:125)

(Filename: C:/build/output/unity/unity/Runtime/Export/Debug/Debug.bindings.cs Line: 123)

episode finished | steps=15000 | reason=timeout | agentSlot=0 | episodeReward=0
UnityEngine.Debug:ExtractStackTraceNoAlloc (byte*,int,string)
UnityEngine.StackTraceUtility:ExtractStackTrace () (at C:/build/output/unity/unity/Runtime/Export/Scripting/StackTrace.cs:35)
UnityEngine.DebugLogHandler:Internal_Log (UnityEngine.LogType,UnityEngine.LogOption,string,UnityEngine.Object)
UnityEngine.DebugLogHandler:LogFormat (UnityEngine.LogType,UnityEngine.Object,string,object[]) (at C:/build/output/unity/unity/Runtime/Export/Logging/DebugLogHandler.cs:9)
UnityEngine.Logger:Log (UnityEngine.LogType,object) (at C:/build/output/unity/unity/Runtime/Export/Logging/Logger.cs:60)
UnityEngine.Debug:Log (object) (at C:/build/output/unity/unity/Runtime/Export/Debug/Debug.bindings.cs:123)
CoopEpisodeManager:EndAndReset (bool,string) (at C:/Users/Chris/Desktop/OxenLight_ML_V2/OxenLight_ML/Assets/map_01/Scripts/CoopEpisodeManager.cs:217)
CoopEpisodeManager:FixedUpdate () (at C:/Users/Chris/Desktop/OxenLight_ML_V2/OxenLight_ML/Assets/map_01/Scripts/CoopEpisodeManager.cs:126)

(Filename: C:/build/output/unity/unity/Runtime/Export/Debug/Debug.bindings.cs Line: 123)

episode finished | steps=15000 | reason=timeout | agentSlot=1 | episodeReward=0
UnityEngine.Debug:ExtractStackTraceNoAlloc (byte*,int,string)
UnityEngine.StackTraceUtility:ExtractStackTrace () (at C:/build/output/unity/unity/Runtime/Export/Scripting/StackTrace.cs:35)
UnityEngine.DebugLogHandler:Internal_Log (UnityEngine.LogType,UnityEngine.LogOption,string,UnityEngine.Object)
UnityEngine.DebugLogHandler:LogFormat (UnityEngine.LogType,UnityEngine.Object,string,object[]) (at C:/build/output/unity/unity/Runtime/Export/Logging/DebugLogHandler.cs:9)
UnityEngine.Logger:Log (UnityEngine.LogType,object) (at C:/build/output/unity/unity/Runtime/Export/Logging/Logger.cs:60)
UnityEngine.Debug:Log (object) (at C:/build/output/unity/unity/Runtime/Export/Debug/Debug.bindings.cs:123)
CoopEpisodeManager:EndAndReset (bool,string) (at C:/Users/Chris/Desktop/OxenLight_ML_V2/OxenLight_ML/Assets/map_01/Scripts/CoopEpisodeManager.cs:217)
CoopEpisodeManager:FixedUpdate () (at C:/Users/Chris/Desktop/OxenLight_ML_V2/OxenLight_ML/Assets/map_01/Scripts/CoopEpisodeManager.cs:126)

(Filename: C:/build/output/unity/unity/Runtime/Export/Debug/Debug.bindings.cs Line: 123)

episode finished | steps=15000 | reason=timeout | agentSlot=2 | episodeReward=0
UnityEngine.Debug:ExtractStackTraceNoAlloc (byte*,int,string)
UnityEngine.StackTraceUtility:ExtractStackTrace () (at C:/build/output/unity/unity/Runtime/Export/Scripting/StackTrace.cs:35)
UnityEngine.DebugLogHandler:Internal_Log (UnityEngine.LogType,UnityEngine.LogOption,string,UnityEngine.Object)
UnityEngine.DebugLogHandler:LogFormat (UnityEngine.LogType,UnityEngine.Object,string,object[]) (at C:/build/output/unity/unity/Runtime/Export/Logging/DebugLogHandler.cs:9)
UnityEngine.Logger:Log (UnityEngine.LogType,object) (at C:/build/output/unity/unity/Runtime/Export/Logging/Logger.cs:60)
UnityEngine.Debug:Log (object) (at C:/build/output/unity/unity/Runtime/Export/Debug/Debug.bindings.cs:123)
CoopEpisodeManager:EndAndReset (bool,string) (at C:/Users/Chris/Desktop/OxenLight_ML_V2/OxenLight_ML/Assets/map_01/Scripts/CoopEpisodeManager.cs:217)
CoopEpisodeManager:FixedUpdate () (at C:/Users/Chris/Desktop/OxenLight_ML_V2/OxenLight_ML/Assets/map_01/Scripts/CoopEpisodeManager.cs:126)

(Filename: C:/build/output/unity/unity/Runtime/Export/Debug/Debug.bindings.cs Line: 123)

episode finished | steps=15000 | reason=timeout | agentSlot=3 | episodeReward=0
UnityEngine.Debug:ExtractStackTraceNoAlloc (byte*,int,string)
UnityEngine.StackTraceUtility:ExtractStackTrace () (at C:/build/output/unity/unity/Runtime/Export/Scripting/StackTrace.cs:35)
UnityEngine.DebugLogHandler:Internal_Log (UnityEngine.LogType,UnityEngine.LogOption,string,UnityEngine.Object)
UnityEngine.DebugLogHandler:LogFormat (UnityEngine.LogType,UnityEngine.Object,string,object[]) (at C:/build/output/unity/unity/Runtime/Export/Logging/DebugLogHandler.cs:9)
UnityEngine.Logger:Log (UnityEngine.LogType,object) (at C:/build/output/unity/unity/Runtime/Export/Logging/Logger.cs:60)
UnityEngine.Debug:Log (object) (at C:/build/output/unity/unity/Runtime/Export/Debug/Debug.bindings.cs:123)
CoopEpisodeManager:EndAndReset (bool,string) (at C:/Users/Chris/Desktop/OxenLight_ML_V2/OxenLight_ML/Assets/map_01/Scripts/CoopEpisodeManager.cs:217)
CoopEpisodeManager:FixedUpdate () (at C:/Users/Chris/Desktop/OxenLight_ML_V2/OxenLight_ML/Assets/map_01/Scripts/CoopEpisodeManager.cs:126)

(Filename: C:/build/output/unity/unity/Runtime/Export/Debug/Debug.bindings.cs Line: 123)

episode finished | steps=15000 | reason=timeout | teamAvgEpisodeReward=0
UnityEngine.Debug:ExtractStackTraceNoAlloc (byte*,int,string)
UnityEngine.StackTraceUtility:ExtractStackTrace () (at C:/build/output/unity/unity/Runtime/Export/Scripting/StackTrace.cs:35)
UnityEngine.DebugLogHandler:Internal_Log (UnityEngine.LogType,UnityEngine.LogOption,string,UnityEngine.Object)
UnityEngine.DebugLogHandler:LogFormat (UnityEngine.LogType,UnityEngine.Object,string,object[]) (at C:/build/output/unity/unity/Runtime/Export/Logging/DebugLogHandler.cs:9)
UnityEngine.Logger:Log (UnityEngine.LogType,object) (at C:/build/output/unity/unity/Runtime/Export/Logging/Logger.cs:60)
UnityEngine.Debug:Log (object) (at C:/build/output/unity/unity/Runtime/Export/Debug/Debug.bindings.cs:123)
CoopEpisodeManager:EndAndReset (bool,string) (at C:/Users/Chris/Desktop/OxenLight_ML_V2/OxenLight_ML/Assets/map_01/Scripts/CoopEpisodeManager.cs:220)
CoopEpisodeManager:FixedUpdate () (at C:/Users/Chris/Desktop/OxenLight_ML_V2/OxenLight_ML/Assets/map_01/Scripts/CoopEpisodeManager.cs:126)

(Filename: C:/build/output/unity/unity/Runtime/Export/Debug/Debug.bindings.cs Line: 123)

[Episode] World reset
UnityEngine.Debug:ExtractStackTraceNoAlloc (byte*,int,string)
UnityEngine.StackTraceUtility:ExtractStackTrace () (at C:/build/output/unity/unity/Runtime/Export/Scripting/StackTrace.cs:35)
UnityEngine.DebugLogHandler:Internal_Log (UnityEngine.LogType,UnityEngine.LogOption,string,UnityEngine.Object)
UnityEngine.DebugLogHandler:LogFormat (UnityEngine.LogType,UnityEngine.Object,string,object[]) (at C:/build/output/unity/unity/Runtime/Export/Logging/DebugLogHandler.cs:9)
UnityEngine.Logger:Log (UnityEngine.LogType,object) (at C:/build/output/unity/unity/Runtime/Export/Logging/Logger.cs:60)
UnityEngine.Debug:Log (object) (at C:/build/output/unity/unity/Runtime/Export/Debug/Debug.bindings.cs:123)
CoopEpisodeManager:ResetWorld () (at C:/Users/Chris/Desktop/OxenLight_ML_V2/OxenLight_ML/Assets/map_01/Scripts/CoopEpisodeManager.cs:289)
CoopEpisodeManager:EndAndReset (bool,string) (at C:/Users/Chris/Desktop/OxenLight_ML_V2/OxenLight_ML/Assets/map_01/Scripts/CoopEpisodeManager.cs:228)
CoopEpisodeManager:FixedUpdate () (at C:/Users/Chris/Desktop/OxenLight_ML_V2/OxenLight_ML/Assets/map_01/Scripts/CoopEpisodeManager.cs:126)

(Filename: C:/build/output/unity/unity/Runtime/Export/Debug/Debug.bindings.cs Line: 123)

[Episode] TIMEOUT
UnityEngine.Debug:ExtractStackTraceNoAlloc (byte*,int,string)
UnityEngine.StackTraceUtility:ExtractStackTrace () (at C:/build/output/unity/unity/Runtime/Export/Scripting/StackTrace.cs:35)
UnityEngine.DebugLogHandler:Internal_Log (UnityEngine.LogType,UnityEngine.LogOption,string,UnityEngine.Object)
UnityEngine.DebugLogHandler:LogFormat (UnityEngine.LogType,UnityEngine.Object,string,object[]) (at C:/build/output/unity/unity/Runtime/Export/Logging/DebugLogHandler.cs:9)
UnityEngine.Logger:Log (UnityEngine.LogType,object) (at C:/build/output/unity/unity/Runtime/Export/Logging/Logger.cs:60)
UnityEngine.Debug:Log (object) (at C:/build/output/unity/unity/Runtime/Export/Debug/Debug.bindings.cs:123)
CoopEpisodeManager:FixedUpdate () (at C:/Users/Chris/Desktop/OxenLight_ML_V2/OxenLight_ML/Assets/map_01/Scripts/CoopEpisodeManager.cs:125)

(Filename: C:/build/output/unity/unity/Runtime/Export/Debug/Debug.bindings.cs Line: 123)

episode finished | steps=15000 | reason=timeout | agentSlot=0 | episodeReward=0
UnityEngine.Debug:ExtractStackTraceNoAlloc (byte*,int,string)
UnityEngine.StackTraceUtility:ExtractStackTrace () (at C:/build/output/unity/unity/Runtime/Export/Scripting/StackTrace.cs:35)
UnityEngine.DebugLogHandler:Internal_Log (UnityEngine.LogType,UnityEngine.LogOption,string,UnityEngine.Object)
UnityEngine.DebugLogHandler:LogFormat (UnityEngine.LogType,UnityEngine.Object,string,object[]) (at C:/build/output/unity/unity/Runtime/Export/Logging/DebugLogHandler.cs:9)
UnityEngine.Logger:Log (UnityEngine.LogType,object) (at C:/build/output/unity/unity/Runtime/Export/Logging/Logger.cs:60)
UnityEngine.Debug:Log (object) (at C:/build/output/unity/unity/Runtime/Export/Debug/Debug.bindings.cs:123)
CoopEpisodeManager:EndAndReset (bool,string) (at C:/Users/Chris/Desktop/OxenLight_ML_V2/OxenLight_ML/Assets/map_01/Scripts/CoopEpisodeManager.cs:217)
CoopEpisodeManager:FixedUpdate () (at C:/Users/Chris/Desktop/OxenLight_ML_V2/OxenLight_ML/Assets/map_01/Scripts/CoopEpisodeManager.cs:126)

(Filename: C:/build/output/unity/unity/Runtime/Export/Debug/Debug.bindings.cs Line: 123)

episode finished | steps=15000 | reason=timeout | agentSlot=1 | episodeReward=0
UnityEngine.Debug:ExtractStackTraceNoAlloc (byte*,int,string)
UnityEngine.StackTraceUtility:ExtractStackTrace () (at C:/build/output/unity/unity/Runtime/Export/Scripting/StackTrace.cs:35)
UnityEngine.DebugLogHandler:Internal_Log (UnityEngine.LogType,UnityEngine.LogOption,string,UnityEngine.Object)
UnityEngine.DebugLogHandler:LogFormat (UnityEngine.LogType,UnityEngine.Object,string,object[]) (at C:/build/output/unity/unity/Runtime/Export/Logging/DebugLogHandler.cs:9)
UnityEngine.Logger:Log (UnityEngine.LogType,object) (at C:/build/output/unity/unity/Runtime/Export/Logging/Logger.cs:60)
UnityEngine.Debug:Log (object) (at C:/build/output/unity/unity/Runtime/Export/Debug/Debug.bindings.cs:123)
CoopEpisodeManager:EndAndReset (bool,string) (at C:/Users/Chris/Desktop/OxenLight_ML_V2/OxenLight_ML/Assets/map_01/Scripts/CoopEpisodeManager.cs:217)
CoopEpisodeManager:FixedUpdate () (at C:/Users/Chris/Desktop/OxenLight_ML_V2/OxenLight_ML/Assets/map_01/Scripts/CoopEpisodeManager.cs:126)

(Filename: C:/build/output/unity/unity/Runtime/Export/Debug/Debug.bindings.cs Line: 123)

episode finished | steps=15000 | reason=timeout | agentSlot=2 | episodeReward=0
UnityEngine.Debug:ExtractStackTraceNoAlloc (byte*,int,string)
UnityEngine.StackTraceUtility:ExtractStackTrace () (at C:/build/output/unity/unity/Runtime/Export/Scripting/StackTrace.cs:35)
UnityEngine.DebugLogHandler:Internal_Log (UnityEngine.LogType,UnityEngine.LogOption,string,UnityEngine.Object)
UnityEngine.DebugLogHandler:LogFormat (UnityEngine.LogType,UnityEngine.Object,string,object[]) (at C:/build/output/unity/unity/Runtime/Export/Logging/DebugLogHandler.cs:9)
UnityEngine.Logger:Log (UnityEngine.LogType,object) (at C:/build/output/unity/unity/Runtime/Export/Logging/Logger.cs:60)
UnityEngine.Debug:Log (object) (at C:/build/output/unity/unity/Runtime/Export/Debug/Debug.bindings.cs:123)
CoopEpisodeManager:EndAndReset (bool,string) (at C:/Users/Chris/Desktop/OxenLight_ML_V2/OxenLight_ML/Assets/map_01/Scripts/CoopEpisodeManager.cs:217)
CoopEpisodeManager:FixedUpdate () (at C:/Users/Chris/Desktop/OxenLight_ML_V2/OxenLight_ML/Assets/map_01/Scripts/CoopEpisodeManager.cs:126)

(Filename: C:/build/output/unity/unity/Runtime/Export/Debug/Debug.bindings.cs Line: 123)

episode finished | steps=15000 | reason=timeout | agentSlot=3 | episodeReward=0
UnityEngine.Debug:ExtractStackTraceNoAlloc (byte*,int,string)
UnityEngine.StackTraceUtility:ExtractStackTrace () (at C:/build/output/unity/unity/Runtime/Export/Scripting/StackTrace.cs:35)
UnityEngine.DebugLogHandler:Internal_Log (UnityEngine.LogType,UnityEngine.LogOption,string,UnityEngine.Object)
UnityEngine.DebugLogHandler:LogFormat (UnityEngine.LogType,UnityEngine.Object,string,object[]) (at C:/build/output/unity/unity/Runtime/Export/Logging/DebugLogHandler.cs:9)
UnityEngine.Logger:Log (UnityEngine.LogType,object) (at C:/build/output/unity/unity/Runtime/Export/Logging/Logger.cs:60)
UnityEngine.Debug:Log (object) (at C:/build/output/unity/unity/Runtime/Export/Debug/Debug.bindings.cs:123)
CoopEpisodeManager:EndAndReset (bool,string) (at C:/Users/Chris/Desktop/OxenLight_ML_V2/OxenLight_ML/Assets/map_01/Scripts/CoopEpisodeManager.cs:217)
CoopEpisodeManager:FixedUpdate () (at C:/Users/Chris/Desktop/OxenLight_ML_V2/OxenLight_ML/Assets/map_01/Scripts/CoopEpisodeManager.cs:126)

(Filename: C:/build/output/unity/unity/Runtime/Export/Debug/Debug.bindings.cs Line: 123)

episode finished | steps=15000 | reason=timeout | teamAvgEpisodeReward=0
UnityEngine.Debug:ExtractStackTraceNoAlloc (byte*,int,string)
UnityEngine.StackTraceUtility:ExtractStackTrace () (at C:/build/output/unity/unity/Runtime/Export/Scripting/StackTrace.cs:35)
UnityEngine.DebugLogHandler:Internal_Log (UnityEngine.LogType,UnityEngine.LogOption,string,UnityEngine.Object)
UnityEngine.DebugLogHandler:LogFormat (UnityEngine.LogType,UnityEngine.Object,string,object[]) (at C:/build/output/unity/unity/Runtime/Export/Logging/DebugLogHandler.cs:9)
UnityEngine.Logger:Log (UnityEngine.LogType,object) (at C:/build/output/unity/unity/Runtime/Export/Logging/Logger.cs:60)
UnityEngine.Debug:Log (object) (at C:/build/output/unity/unity/Runtime/Export/Debug/Debug.bindings.cs:123)
CoopEpisodeManager:EndAndReset (bool,string) (at C:/Users/Chris/Desktop/OxenLight_ML_V2/OxenLight_ML/Assets/map_01/Scripts/CoopEpisodeManager.cs:220)
CoopEpisodeManager:FixedUpdate () (at C:/Users/Chris/Desktop/OxenLight_ML_V2/OxenLight_ML/Assets/map_01/Scripts/CoopEpisodeManager.cs:126)

(Filename: C:/build/output/unity/unity/Runtime/Export/Debug/Debug.bindings.cs Line: 123)

[Episode] World reset
UnityEngine.Debug:ExtractStackTraceNoAlloc (byte*,int,string)
UnityEngine.StackTraceUtility:ExtractStackTrace () (at C:/build/output/unity/unity/Runtime/Export/Scripting/StackTrace.cs:35)
UnityEngine.DebugLogHandler:Internal_Log (UnityEngine.LogType,UnityEngine.LogOption,string,UnityEngine.Object)
UnityEngine.DebugLogHandler:LogFormat (UnityEngine.LogType,UnityEngine.Object,string,object[]) (at C:/build/output/unity/unity/Runtime/Export/Logging/DebugLogHandler.cs:9)
UnityEngine.Logger:Log (UnityEngine.LogType,object) (at C:/build/output/unity/unity/Runtime/Export/Logging/Logger.cs:60)
UnityEngine.Debug:Log (object) (at C:/build/output/unity/unity/Runtime/Export/Debug/Debug.bindings.cs:123)
CoopEpisodeManager:ResetWorld () (at C:/Users/Chris/Desktop/OxenLight_ML_V2/OxenLight_ML/Assets/map_01/Scripts/CoopEpisodeManager.cs:289)
CoopEpisodeManager:EndAndReset (bool,string) (at C:/Users/Chris/Desktop/OxenLight_ML_V2/OxenLight_ML/Assets/map_01/Scripts/CoopEpisodeManager.cs:228)
CoopEpisodeManager:FixedUpdate () (at C:/Users/Chris/Desktop/OxenLight_ML_V2/OxenLight_ML/Assets/map_01/Scripts/CoopEpisodeManager.cs:126)

(Filename: C:/build/output/unity/unity/Runtime/Export/Debug/Debug.bindings.cs Line: 123)

[Episode] TIMEOUT
UnityEngine.Debug:ExtractStackTraceNoAlloc (byte*,int,string)
UnityEngine.StackTraceUtility:ExtractStackTrace () (at C:/build/output/unity/unity/Runtime/Export/Scripting/StackTrace.cs:35)
UnityEngine.DebugLogHandler:Internal_Log (UnityEngine.LogType,UnityEngine.LogOption,string,UnityEngine.Object)
UnityEngine.DebugLogHandler:LogFormat (UnityEngine.LogType,UnityEngine.Object,string,object[]) (at C:/build/output/unity/unity/Runtime/Export/Logging/DebugLogHandler.cs:9)
UnityEngine.Logger:Log (UnityEngine.LogType,object) (at C:/build/output/unity/unity/Runtime/Export/Logging/Logger.cs:60)
UnityEngine.Debug:Log (object) (at C:/build/output/unity/unity/Runtime/Export/Debug/Debug.bindings.cs:123)
CoopEpisodeManager:FixedUpdate () (at C:/Users/Chris/Desktop/OxenLight_ML_V2/OxenLight_ML/Assets/map_01/Scripts/CoopEpisodeManager.cs:125)

(Filename: C:/build/output/unity/unity/Runtime/Export/Debug/Debug.bindings.cs Line: 123)

episode finished | steps=15000 | reason=timeout | agentSlot=0 | episodeReward=0
UnityEngine.Debug:ExtractStackTraceNoAlloc (byte*,int,string)
UnityEngine.StackTraceUtility:ExtractStackTrace () (at C:/build/output/unity/unity/Runtime/Export/Scripting/StackTrace.cs:35)
UnityEngine.DebugLogHandler:Internal_Log (UnityEngine.LogType,UnityEngine.LogOption,string,UnityEngine.Object)
UnityEngine.DebugLogHandler:LogFormat (UnityEngine.LogType,UnityEngine.Object,string,object[]) (at C:/build/output/unity/unity/Runtime/Export/Logging/DebugLogHandler.cs:9)
UnityEngine.Logger:Log (UnityEngine.LogType,object) (at C:/build/output/unity/unity/Runtime/Export/Logging/Logger.cs:60)
UnityEngine.Debug:Log (object) (at C:/build/output/unity/unity/Runtime/Export/Debug/Debug.bindings.cs:123)
CoopEpisodeManager:EndAndReset (bool,string) (at C:/Users/Chris/Desktop/OxenLight_ML_V2/OxenLight_ML/Assets/map_01/Scripts/CoopEpisodeManager.cs:217)
CoopEpisodeManager:FixedUpdate () (at C:/Users/Chris/Desktop/OxenLight_ML_V2/OxenLight_ML/Assets/map_01/Scripts/CoopEpisodeManager.cs:126)

(Filename: C:/build/output/unity/unity/Runtime/Export/Debug/Debug.bindings.cs Line: 123)

episode finished | steps=15000 | reason=timeout | agentSlot=1 | episodeReward=0
UnityEngine.Debug:ExtractStackTraceNoAlloc (byte*,int,string)
UnityEngine.StackTraceUtility:ExtractStackTrace () (at C:/build/output/unity/unity/Runtime/Export/Scripting/StackTrace.cs:35)
UnityEngine.DebugLogHandler:Internal_Log (UnityEngine.LogType,UnityEngine.LogOption,string,UnityEngine.Object)
UnityEngine.DebugLogHandler:LogFormat (UnityEngine.LogType,UnityEngine.Object,string,object[]) (at C:/build/output/unity/unity/Runtime/Export/Logging/DebugLogHandler.cs:9)
UnityEngine.Logger:Log (UnityEngine.LogType,object) (at C:/build/output/unity/unity/Runtime/Export/Logging/Logger.cs:60)
UnityEngine.Debug:Log (object) (at C:/build/output/unity/unity/Runtime/Export/Debug/Debug.bindings.cs:123)
CoopEpisodeManager:EndAndReset (bool,string) (at C:/Users/Chris/Desktop/OxenLight_ML_V2/OxenLight_ML/Assets/map_01/Scripts/CoopEpisodeManager.cs:217)
CoopEpisodeManager:FixedUpdate () (at C:/Users/Chris/Desktop/OxenLight_ML_V2/OxenLight_ML/Assets/map_01/Scripts/CoopEpisodeManager.cs:126)

(Filename: C:/build/output/unity/unity/Runtime/Export/Debug/Debug.bindings.cs Line: 123)

episode finished | steps=15000 | reason=timeout | agentSlot=2 | episodeReward=0
UnityEngine.Debug:ExtractStackTraceNoAlloc (byte*,int,string)
UnityEngine.StackTraceUtility:ExtractStackTrace () (at C:/build/output/unity/unity/Runtime/Export/Scripting/StackTrace.cs:35)
UnityEngine.DebugLogHandler:Internal_Log (UnityEngine.LogType,UnityEngine.LogOption,string,UnityEngine.Object)
UnityEngine.DebugLogHandler:LogFormat (UnityEngine.LogType,UnityEngine.Object,string,object[]) (at C:/build/output/unity/unity/Runtime/Export/Logging/DebugLogHandler.cs:9)
UnityEngine.Logger:Log (UnityEngine.LogType,object) (at C:/build/output/unity/unity/Runtime/Export/Logging/Logger.cs:60)
UnityEngine.Debug:Log (object) (at C:/build/output/unity/unity/Runtime/Export/Debug/Debug.bindings.cs:123)
CoopEpisodeManager:EndAndReset (bool,string) (at C:/Users/Chris/Desktop/OxenLight_ML_V2/OxenLight_ML/Assets/map_01/Scripts/CoopEpisodeManager.cs:217)
CoopEpisodeManager:FixedUpdate () (at C:/Users/Chris/Desktop/OxenLight_ML_V2/OxenLight_ML/Assets/map_01/Scripts/CoopEpisodeManager.cs:126)

(Filename: C:/build/output/unity/unity/Runtime/Export/Debug/Debug.bindings.cs Line: 123)

episode finished | steps=15000 | reason=timeout | agentSlot=3 | episodeReward=0
UnityEngine.Debug:ExtractStackTraceNoAlloc (byte*,int,string)
UnityEngine.StackTraceUtility:ExtractStackTrace () (at C:/build/output/unity/unity/Runtime/Export/Scripting/StackTrace.cs:35)
UnityEngine.DebugLogHandler:Internal_Log (UnityEngine.LogType,UnityEngine.LogOption,string,UnityEngine.Object)
UnityEngine.DebugLogHandler:LogFormat (UnityEngine.LogType,UnityEngine.Object,string,object[]) (at C:/build/output/unity/unity/Runtime/Export/Logging/DebugLogHandler.cs:9)
UnityEngine.Logger:Log (UnityEngine.LogType,object) (at C:/build/output/unity/unity/Runtime/Export/Logging/Logger.cs:60)
UnityEngine.Debug:Log (object) (at C:/build/output/unity/unity/Runtime/Export/Debug/Debug.bindings.cs:123)
CoopEpisodeManager:EndAndReset (bool,string) (at C:/Users/Chris/Desktop/OxenLight_ML_V2/OxenLight_ML/Assets/map_01/Scripts/CoopEpisodeManager.cs:217)
CoopEpisodeManager:FixedUpdate () (at C:/Users/Chris/Desktop/OxenLight_ML_V2/OxenLight_ML/Assets/map_01/Scripts/CoopEpisodeManager.cs:126)

(Filename: C:/build/output/unity/unity/Runtime/Export/Debug/Debug.bindings.cs Line: 123)

episode finished | steps=15000 | reason=timeout | teamAvgEpisodeReward=0
UnityEngine.Debug:ExtractStackTraceNoAlloc (byte*,int,string)
UnityEngine.StackTraceUtility:ExtractStackTrace () (at C:/build/output/unity/unity/Runtime/Export/Scripting/StackTrace.cs:35)
UnityEngine.DebugLogHandler:Internal_Log (UnityEngine.LogType,UnityEngine.LogOption,string,UnityEngine.Object)
UnityEngine.DebugLogHandler:LogFormat (UnityEngine.LogType,UnityEngine.Object,string,object[]) (at C:/build/output/unity/unity/Runtime/Export/Logging/DebugLogHandler.cs:9)
UnityEngine.Logger:Log (UnityEngine.LogType,object) (at C:/build/output/unity/unity/Runtime/Export/Logging/Logger.cs:60)
UnityEngine.Debug:Log (object) (at C:/build/output/unity/unity/Runtime/Export/Debug/Debug.bindings.cs:123)
CoopEpisodeManager:EndAndReset (bool,string) (at C:/Users/Chris/Desktop/OxenLight_ML_V2/OxenLight_ML/Assets/map_01/Scripts/CoopEpisodeManager.cs:220)
CoopEpisodeManager:FixedUpdate () (at C:/Users/Chris/Desktop/OxenLight_ML_V2/OxenLight_ML/Assets/map_01/Scripts/CoopEpisodeManager.cs:126)

(Filename: C:/build/output/unity/unity/Runtime/Export/Debug/Debug.bindings.cs Line: 123)

[Episode] World reset
UnityEngine.Debug:ExtractStackTraceNoAlloc (byte*,int,string)
UnityEngine.StackTraceUtility:ExtractStackTrace () (at C:/build/output/unity/unity/Runtime/Export/Scripting/StackTrace.cs:35)
UnityEngine.DebugLogHandler:Internal_Log (UnityEngine.LogType,UnityEngine.LogOption,string,UnityEngine.Object)
UnityEngine.DebugLogHandler:LogFormat (UnityEngine.LogType,UnityEngine.Object,string,object[]) (at C:/build/output/unity/unity/Runtime/Export/Logging/DebugLogHandler.cs:9)
UnityEngine.Logger:Log (UnityEngine.LogType,object) (at C:/build/output/unity/unity/Runtime/Export/Logging/Logger.cs:60)
UnityEngine.Debug:Log (object) (at C:/build/output/unity/unity/Runtime/Export/Debug/Debug.bindings.cs:123)
CoopEpisodeManager:ResetWorld () (at C:/Users/Chris/Desktop/OxenLight_ML_V2/OxenLight_ML/Assets/map_01/Scripts/CoopEpisodeManager.cs:289)
CoopEpisodeManager:EndAndReset (bool,string) (at C:/Users/Chris/Desktop/OxenLight_ML_V2/OxenLight_ML/Assets/map_01/Scripts/CoopEpisodeManager.cs:228)
CoopEpisodeManager:FixedUpdate () (at C:/Users/Chris/Desktop/OxenLight_ML_V2/OxenLight_ML/Assets/map_01/Scripts/CoopEpisodeManager.cs:126)

(Filename: C:/build/output/unity/unity/Runtime/Export/Debug/Debug.bindings.cs Line: 123)

[Episode] TIMEOUT
UnityEngine.Debug:ExtractStackTraceNoAlloc (byte*,int,string)
UnityEngine.StackTraceUtility:ExtractStackTrace () (at C:/build/output/unity/unity/Runtime/Export/Scripting/StackTrace.cs:35)
UnityEngine.DebugLogHandler:Internal_Log (UnityEngine.LogType,UnityEngine.LogOption,string,UnityEngine.Object)
UnityEngine.DebugLogHandler:LogFormat (UnityEngine.LogType,UnityEngine.Object,string,object[]) (at C:/build/output/unity/unity/Runtime/Export/Logging/DebugLogHandler.cs:9)
UnityEngine.Logger:Log (UnityEngine.LogType,object) (at C:/build/output/unity/unity/Runtime/Export/Logging/Logger.cs:60)
UnityEngine.Debug:Log (object) (at C:/build/output/unity/unity/Runtime/Export/Debug/Debug.bindings.cs:123)
CoopEpisodeManager:FixedUpdate () (at C:/Users/Chris/Desktop/OxenLight_ML_V2/OxenLight_ML/Assets/map_01/Scripts/CoopEpisodeManager.cs:125)

(Filename: C:/build/output/unity/unity/Runtime/Export/Debug/Debug.bindings.cs Line: 123)

episode finished | steps=15000 | reason=timeout | agentSlot=0 | episodeReward=0
UnityEngine.Debug:ExtractStackTraceNoAlloc (byte*,int,string)
UnityEngine.StackTraceUtility:ExtractStackTrace () (at C:/build/output/unity/unity/Runtime/Export/Scripting/StackTrace.cs:35)
UnityEngine.DebugLogHandler:Internal_Log (UnityEngine.LogType,UnityEngine.LogOption,string,UnityEngine.Object)
UnityEngine.DebugLogHandler:LogFormat (UnityEngine.LogType,UnityEngine.Object,string,object[]) (at C:/build/output/unity/unity/Runtime/Export/Logging/DebugLogHandler.cs:9)
UnityEngine.Logger:Log (UnityEngine.LogType,object) (at C:/build/output/unity/unity/Runtime/Export/Logging/Logger.cs:60)
UnityEngine.Debug:Log (object) (at C:/build/output/unity/unity/Runtime/Export/Debug/Debug.bindings.cs:123)
CoopEpisodeManager:EndAndReset (bool,string) (at C:/Users/Chris/Desktop/OxenLight_ML_V2/OxenLight_ML/Assets/map_01/Scripts/CoopEpisodeManager.cs:217)
CoopEpisodeManager:FixedUpdate () (at C:/Users/Chris/Desktop/OxenLight_ML_V2/OxenLight_ML/Assets/map_01/Scripts/CoopEpisodeManager.cs:126)

(Filename: C:/build/output/unity/unity/Runtime/Export/Debug/Debug.bindings.cs Line: 123)

episode finished | steps=15000 | reason=timeout | agentSlot=1 | episodeReward=0
UnityEngine.Debug:ExtractStackTraceNoAlloc (byte*,int,string)
UnityEngine.StackTraceUtility:ExtractStackTrace () (at C:/build/output/unity/unity/Runtime/Export/Scripting/StackTrace.cs:35)
UnityEngine.DebugLogHandler:Internal_Log (UnityEngine.LogType,UnityEngine.LogOption,string,UnityEngine.Object)
UnityEngine.DebugLogHandler:LogFormat (UnityEngine.LogType,UnityEngine.Object,string,object[]) (at C:/build/output/unity/unity/Runtime/Export/Logging/DebugLogHandler.cs:9)
UnityEngine.Logger:Log (UnityEngine.LogType,object) (at C:/build/output/unity/unity/Runtime/Export/Logging/Logger.cs:60)
UnityEngine.Debug:Log (object) (at C:/build/output/unity/unity/Runtime/Export/Debug/Debug.bindings.cs:123)
CoopEpisodeManager:EndAndReset (bool,string) (at C:/Users/Chris/Desktop/OxenLight_ML_V2/OxenLight_ML/Assets/map_01/Scripts/CoopEpisodeManager.cs:217)
CoopEpisodeManager:FixedUpdate () (at C:/Users/Chris/Desktop/OxenLight_ML_V2/OxenLight_ML/Assets/map_01/Scripts/CoopEpisodeManager.cs:126)

(Filename: C:/build/output/unity/unity/Runtime/Export/Debug/Debug.bindings.cs Line: 123)

episode finished | steps=15000 | reason=timeout | agentSlot=2 | episodeReward=0
UnityEngine.Debug:ExtractStackTraceNoAlloc (byte*,int,string)
UnityEngine.StackTraceUtility:ExtractStackTrace () (at C:/build/output/unity/unity/Runtime/Export/Scripting/StackTrace.cs:35)
UnityEngine.DebugLogHandler:Internal_Log (UnityEngine.LogType,UnityEngine.LogOption,string,UnityEngine.Object)
UnityEngine.DebugLogHandler:LogFormat (UnityEngine.LogType,UnityEngine.Object,string,object[]) (at C:/build/output/unity/unity/Runtime/Export/Logging/DebugLogHandler.cs:9)
UnityEngine.Logger:Log (UnityEngine.LogType,object) (at C:/build/output/unity/unity/Runtime/Export/Logging/Logger.cs:60)
UnityEngine.Debug:Log (object) (at C:/build/output/unity/unity/Runtime/Export/Debug/Debug.bindings.cs:123)
CoopEpisodeManager:EndAndReset (bool,string) (at C:/Users/Chris/Desktop/OxenLight_ML_V2/OxenLight_ML/Assets/map_01/Scripts/CoopEpisodeManager.cs:217)
CoopEpisodeManager:FixedUpdate () (at C:/Users/Chris/Desktop/OxenLight_ML_V2/OxenLight_ML/Assets/map_01/Scripts/CoopEpisodeManager.cs:126)

(Filename: C:/build/output/unity/unity/Runtime/Export/Debug/Debug.bindings.cs Line: 123)

episode finished | steps=15000 | reason=timeout | agentSlot=3 | episodeReward=0
UnityEngine.Debug:ExtractStackTraceNoAlloc (byte*,int,string)
UnityEngine.StackTraceUtility:ExtractStackTrace () (at C:/build/output/unity/unity/Runtime/Export/Scripting/StackTrace.cs:35)
UnityEngine.DebugLogHandler:Internal_Log (UnityEngine.LogType,UnityEngine.LogOption,string,UnityEngine.Object)
UnityEngine.DebugLogHandler:LogFormat (UnityEngine.LogType,UnityEngine.Object,string,object[]) (at C:/build/output/unity/unity/Runtime/Export/Logging/DebugLogHandler.cs:9)
UnityEngine.Logger:Log (UnityEngine.LogType,object) (at C:/build/output/unity/unity/Runtime/Export/Logging/Logger.cs:60)
UnityEngine.Debug:Log (object) (at C:/build/output/unity/unity/Runtime/Export/Debug/Debug.bindings.cs:123)
CoopEpisodeManager:EndAndReset (bool,string) (at C:/Users/Chris/Desktop/OxenLight_ML_V2/OxenLight_ML/Assets/map_01/Scripts/CoopEpisodeManager.cs:217)
CoopEpisodeManager:FixedUpdate () (at C:/Users/Chris/Desktop/OxenLight_ML_V2/OxenLight_ML/Assets/map_01/Scripts/CoopEpisodeManager.cs:126)

(Filename: C:/build/output/unity/unity/Runtime/Export/Debug/Debug.bindings.cs Line: 123)

episode finished | steps=15000 | reason=timeout | teamAvgEpisodeReward=0
UnityEngine.Debug:ExtractStackTraceNoAlloc (byte*,int,string)
UnityEngine.StackTraceUtility:ExtractStackTrace () (at C:/build/output/unity/unity/Runtime/Export/Scripting/StackTrace.cs:35)
UnityEngine.DebugLogHandler:Internal_Log (UnityEngine.LogType,UnityEngine.LogOption,string,UnityEngine.Object)
UnityEngine.DebugLogHandler:LogFormat (UnityEngine.LogType,UnityEngine.Object,string,object[]) (at C:/build/output/unity/unity/Runtime/Export/Logging/DebugLogHandler.cs:9)
UnityEngine.Logger:Log (UnityEngine.LogType,object) (at C:/build/output/unity/unity/Runtime/Export/Logging/Logger.cs:60)
UnityEngine.Debug:Log (object) (at C:/build/output/unity/unity/Runtime/Export/Debug/Debug.bindings.cs:123)
CoopEpisodeManager:EndAndReset (bool,string) (at C:/Users/Chris/Desktop/OxenLight_ML_V2/OxenLight_ML/Assets/map_01/Scripts/CoopEpisodeManager.cs:220)
CoopEpisodeManager:FixedUpdate () (at C:/Users/Chris/Desktop/OxenLight_ML_V2/OxenLight_ML/Assets/map_01/Scripts/CoopEpisodeManager.cs:126)

(Filename: C:/build/output/unity/unity/Runtime/Export/Debug/Debug.bindings.cs Line: 123)

[Episode] World reset
UnityEngine.Debug:ExtractStackTraceNoAlloc (byte*,int,string)
UnityEngine.StackTraceUtility:ExtractStackTrace () (at C:/build/output/unity/unity/Runtime/Export/Scripting/StackTrace.cs:35)
UnityEngine.DebugLogHandler:Internal_Log (UnityEngine.LogType,UnityEngine.LogOption,string,UnityEngine.Object)
UnityEngine.DebugLogHandler:LogFormat (UnityEngine.LogType,UnityEngine.Object,string,object[]) (at C:/build/output/unity/unity/Runtime/Export/Logging/DebugLogHandler.cs:9)
UnityEngine.Logger:Log (UnityEngine.LogType,object) (at C:/build/output/unity/unity/Runtime/Export/Logging/Logger.cs:60)
UnityEngine.Debug:Log (object) (at C:/build/output/unity/unity/Runtime/Export/Debug/Debug.bindings.cs:123)
CoopEpisodeManager:ResetWorld () (at C:/Users/Chris/Desktop/OxenLight_ML_V2/OxenLight_ML/Assets/map_01/Scripts/CoopEpisodeManager.cs:289)
CoopEpisodeManager:EndAndReset (bool,string) (at C:/Users/Chris/Desktop/OxenLight_ML_V2/OxenLight_ML/Assets/map_01/Scripts/CoopEpisodeManager.cs:228)
CoopEpisodeManager:FixedUpdate () (at C:/Users/Chris/Desktop/OxenLight_ML_V2/OxenLight_ML/Assets/map_01/Scripts/CoopEpisodeManager.cs:126)

(Filename: C:/build/output/unity/unity/Runtime/Export/Debug/Debug.bindings.cs Line: 123)

[Physics::Module] Cleanup current backend.
[Physics::Module] Id: 0xf2b8ea05
Input System module state changed to: ShutdownInProgress.
Input System polling thread exited.
Input System module state changed to: Shutdown.
debugger-agent: Unable to listen on 1020
PlayerConnection::Cleanup##utp:{"type":"MemoryLeaks","version":2,"phase":"Immediate","time":1775543094549,"processId":15608,"allocatedMemory":54453,"memoryLabels":[{"Default":136},{"NewDelete":104},{"Manager":11763},{"Shader":1680},{"GfxDevice":72},{"Audio":752},{"Serialization":144},{"JobScheduler":32768},{"String":474},{"HashMap":3584},{"PoolAlloc":768},{"CloudService":144},{"VR":1872},{"Subsystems":96},{"Accessibility":80},{"CoreBusinessMetrics":120}]}
