# Blender 4.5.4 LTS
# www.blender.org
o Cube.006
v -0.226970 0.574968 0.273508
v -0.283249 0.574968 0.217040
v -0.183524 0.331897 0.220250
v -0.293512 0.653163 0.220127
v -0.237240 0.653213 0.285646
v -0.233785 0.581798 0.178863
v -0.187334 0.581798 0.225471
v -0.242256 0.646337 0.188875
v -0.195810 0.646379 0.235489
v -0.182535 0.337968 0.117695
v -0.249268 0.381341 0.121243
v -0.283249 0.574968 0.130642
v -0.293512 0.653163 0.153174
v -0.233785 0.581798 0.107554
v -0.242256 0.646337 0.113609
v -0.092594 1.021672 0.213963
v -0.080371 0.966150 0.302231
v -0.114259 0.142951 0.118736
v -0.111719 0.169994 0.188121
v -0.142073 0.574968 0.273508
v -0.148501 0.653213 0.285646
v -0.117263 0.581798 0.225471
v -0.122568 0.646379 0.235489
v -0.092441 1.021506 0.155932
v -0.249268 0.381341 0.200607
v 0.226970 0.574968 0.271143
v 0.283249 0.574968 0.214675
v 0.264633 0.966150 0.299867
v 0.272339 1.034133 0.237760
v 0.320888 0.965965 0.243370
v 0.183513 0.331897 0.218021
v 0.293512 0.653163 0.226806
v 0.237240 0.653213 0.283282
v 0.233785 0.581798 0.176499
v 0.187334 0.581798 0.223106
v 0.242256 0.646337 0.186511
v 0.195810 0.646379 0.233124
v 0.272339 1.034133 0.142019
v 0.320888 0.965965 0.136430
v 0.182535 0.337968 0.115330
v 0.249267 0.381341 0.118879
v 0.283249 0.574968 0.128278
v 0.293512 0.653163 0.135614
v 0.233785 0.581798 0.105189
v 0.242256 0.646337 0.111244
v 0.170472 1.034133 0.237760
v 0.165648 0.966150 0.299867
v 0.114259 0.142951 0.116371
v 0.111709 0.169994 0.185891
v 0.142073 0.574968 0.271143
v 0.148501 0.653213 0.283282
v 0.117262 0.581798 0.223106
v 0.122568 0.646379 0.233124
v 0.170472 1.034133 0.142019
v 0.249267 0.381341 0.198242
v -0.000457 1.034133 0.237760
v -0.000436 0.147722 0.185891
v -0.000457 0.574968 0.271143
v -0.000457 0.653213 0.283282
v -0.000457 0.581798 0.223106
v -0.000457 0.646379 0.233124
v -0.000457 1.034133 0.142019
v -0.000457 0.337968 0.115330
v -0.000457 0.966150 0.299867
v -0.000457 0.119327 0.116371
v 0.143470 0.604899 0.223017
v 0.124249 0.533862 0.213030
v 0.071735 0.476894 0.241045
v -0.000000 0.457940 0.237798
v -0.071735 0.476147 0.246356
v -0.124249 0.533862 0.213030
v -0.143471 0.604899 0.223017
v -0.124249 0.675936 0.233004
v -0.071735 0.720978 0.289821
v -0.000000 0.740292 0.290510
v 0.071735 0.721124 0.288786
v 0.124249 0.675936 0.233004
v 0.087813 0.586914 0.350947
v 0.076048 0.543435 0.344835
v 0.043907 0.511606 0.340360
v -0.000000 0.499956 0.338722
v -0.043907 0.511606 0.340360
v -0.076049 0.543435 0.344835
v -0.087813 0.586914 0.350947
v -0.076049 0.630393 0.357060
v -0.043907 0.662222 0.361535
v -0.000000 0.673872 0.363173
v 0.043906 0.662222 0.361535
v 0.076048 0.630393 0.357060
v 0.069488 0.594294 0.298448
v 0.060178 0.559889 0.293611
v 0.034744 0.534702 0.290070
v -0.000000 0.525483 0.288774
v -0.034744 0.534702 0.290070
v -0.060178 0.559889 0.293611
v -0.069488 0.594294 0.298448
v -0.060178 0.628700 0.303285
v -0.034744 0.653887 0.306826
v -0.000000 0.663106 0.308122
v 0.034744 0.653887 0.306826
v 0.060178 0.628700 0.303285
v 0.143470 0.589329 0.333769
v 0.124222 0.586362 0.354873
v 0.107579 0.524856 0.346226
v 0.124249 0.518292 0.323782
v 0.062111 0.479830 0.339896
v 0.071735 0.466290 0.316471
v -0.000000 0.463349 0.337579
v -0.000000 0.447256 0.313795
v -0.062111 0.479830 0.339896
v -0.071735 0.466290 0.316471
v -0.107580 0.524856 0.346226
v -0.124249 0.518292 0.323782
v -0.124222 0.586362 0.354873
v -0.143471 0.589329 0.333769
v -0.107580 0.647868 0.363520
v -0.124249 0.660365 0.343756
v -0.062111 0.692894 0.369850
v -0.071735 0.712368 0.351066
v -0.000000 0.709374 0.372167
v -0.000000 0.731402 0.353742
v 0.062111 0.692894 0.369850
v 0.071735 0.712368 0.351067
v 0.107579 0.647868 0.363520
v 0.124249 0.660366 0.343756
v 0.041285 0.619057 0.296152
v 0.023836 0.636336 0.298581
v -0.000000 0.642661 0.299471
v -0.023836 0.636336 0.298581
v -0.041285 0.619057 0.296152
v -0.047672 0.595453 0.292834
v -0.041285 0.571850 0.289515
v -0.023836 0.554571 0.287086
v -0.000000 0.548246 0.286197
v 0.023836 0.554571 0.287086
v 0.047672 0.595453 0.292834
v 0.041285 0.571850 0.289515
v -0.000000 0.595453 0.292834
v 0.047672 0.606306 0.240660
v 0.041285 0.582702 0.237341
v 0.023836 0.565423 0.234912
v -0.000000 0.559098 0.234023
v -0.023836 0.565423 0.234912
v -0.041285 0.582702 0.237341
v -0.047672 0.606306 0.240660
v -0.041285 0.629909 0.243978
v -0.023836 0.647188 0.246407
v -0.000000 0.653513 0.247296
v 0.023836 0.647188 0.246407
v 0.041285 0.629909 0.243978
v 0.042118 0.540338 0.388721
v 0.036475 0.527221 0.373934
v 0.021059 0.517619 0.363109
v -0.000000 0.514104 0.359147
v -0.021059 0.517619 0.363109
v -0.036475 0.527221 0.373934
v -0.042118 0.540338 0.388721
v -0.036475 0.553455 0.403508
v -0.021059 0.563057 0.414333
v -0.000000 0.566572 0.418295
v 0.021059 0.563057 0.414333
v 0.036475 0.553455 0.403508
v 0.038449 0.383047 0.430823
v 0.033298 0.382323 0.411612
v 0.019224 0.381793 0.397549
v -0.000000 0.381599 0.392401
v -0.019224 0.381793 0.397549
v -0.033298 0.382323 0.411612
v -0.038449 0.383047 0.430823
v -0.033298 0.383772 0.450033
v -0.019225 0.384302 0.464097
v -0.000000 0.384496 0.469244
v 0.019224 0.384302 0.464097
v 0.033298 0.383772 0.450033
v -0.044190 0.561466 0.366198
v -0.000000 0.595613 0.388117
v 0.022095 0.531893 0.347216
v -0.038269 0.544392 0.355239
v -0.022095 0.591038 0.385181
v -0.038270 0.578540 0.377158
v 0.038269 0.544392 0.355239
v 0.044190 0.561466 0.366198
v 0.038269 0.578540 0.377158
v 0.022095 0.591038 0.385181
v -0.022095 0.531893 0.347216
v -0.000000 0.527319 0.344279
v 0.038826 0.316662 0.435248
v 0.033625 0.316463 0.415835
v 0.019413 0.316318 0.401625
v -0.000000 0.316265 0.396423
v -0.019413 0.316318 0.401625
v -0.033625 0.316463 0.415835
v -0.038827 0.316662 0.435248
v -0.033625 0.316860 0.454660
v -0.019413 0.317006 0.468871
v -0.000000 0.317059 0.474072
v 0.019413 0.317006 0.468871
v 0.033625 0.316860 0.454660
v 0.057705 0.385259 0.432330
v 0.051926 0.391897 0.431951
v 0.044969 0.391632 0.405989
v 0.049975 0.384970 0.403478
v 0.025963 0.391437 0.386984
v 0.028854 0.384758 0.382356
v -0.000000 0.391366 0.380028
v -0.000000 0.384680 0.374625
v -0.025963 0.391437 0.386984
v -0.028854 0.384758 0.382356
v -0.044969 0.391632 0.405989
v -0.049975 0.384970 0.403478
v -0.051926 0.391897 0.431951
v -0.057705 0.385259 0.432330
v -0.044969 0.392163 0.457913
v -0.049973 0.385548 0.461181
v -0.025963 0.392357 0.476918
v -0.028852 0.385760 0.482301
v -0.000000 0.392428 0.483875
v -0.000000 0.385838 0.490031
v 0.025963 0.392357 0.476918
v 0.028852 0.385760 0.482301
v 0.044969 0.392163 0.457913
v 0.049973 0.385548 0.461181
v -0.020017 0.479007 0.453443
v -0.000000 0.480126 0.458446
v 0.034671 0.467602 0.402435
v 0.020017 0.464545 0.388768
v 0.034671 0.475951 0.439775
v 0.040034 0.471776 0.421105
v -0.020017 0.464545 0.388768
v -0.034671 0.467602 0.402435
v -0.034671 0.475951 0.439775
v 0.020017 0.479007 0.453443
v -0.000000 0.463427 0.383765
v -0.040034 0.471776 0.421105
v -0.023094 0.548504 0.317188
v 0.039999 0.605407 0.335399
v 0.039999 0.563751 0.322068
v -0.023094 0.620655 0.340278
v -0.039999 0.563751 0.322068
v 0.023093 0.548504 0.317188
v -0.000000 0.626235 0.342064
v -0.046187 0.584579 0.328733
v 0.046187 0.584579 0.328733
v -0.039999 0.605407 0.335399
v 0.023093 0.620655 0.340278
v -0.000000 0.542923 0.315402
v -0.000000 0.527634 0.442403
v 0.020265 0.496321 0.378674
v 0.040531 0.510853 0.408251
v -0.035101 0.502463 0.391175
v -0.040531 0.510853 0.408251
v 0.035100 0.519243 0.425327
v -0.000000 0.494073 0.374099
v 0.020265 0.525385 0.437827
v -0.020265 0.496321 0.378674
v -0.020265 0.525385 0.437827
v -0.035101 0.519243 0.425327
v 0.035100 0.502463 0.391175
v -0.019803 0.435703 0.461055
v 0.034300 0.430162 0.408309
v 0.034300 0.434218 0.446922
v -0.019803 0.428678 0.394175
v -0.034300 0.434218 0.446922
v 0.019803 0.435703 0.461055
v -0.000000 0.428134 0.389002
v -0.039606 0.432190 0.427615
v -0.000000 0.436246 0.466229
v -0.034300 0.430162 0.408309
v 0.019803 0.428678 0.394175
v 0.039606 0.432190 0.427615
v -0.054715 0.218204 0.370663
v -0.069745 0.218274 0.383168
v -0.099408 0.326351 0.382537
v -0.091046 0.313066 0.370134
v 0.069686 0.218274 0.383168
v 0.054656 0.218204 0.370663
v 0.090987 0.313066 0.370134
v 0.099349 0.326351 0.382537
v -0.069745 0.218858 0.486687
v -0.054716 0.218929 0.499193
v -0.091046 0.313790 0.500236
v -0.099408 0.326936 0.487627
v 0.054657 0.218929 0.499193
v 0.069686 0.218858 0.486687
v 0.090987 0.313790 0.500236
v 0.099349 0.326936 0.487627
v -0.104892 0.285694 0.370347
v -0.119954 0.285764 0.382852
v 0.104833 0.285694 0.370347
v 0.119895 0.285764 0.382852
v 0.119895 0.286349 0.487943
v 0.104833 0.286419 0.500448
v -0.104892 0.286419 0.500448
v -0.119954 0.286349 0.487943
v -0.032766 0.161672 0.370948
v -0.042624 0.148527 0.383520
v 0.032707 0.161672 0.370948
v 0.042565 0.148527 0.383520
v -0.032766 0.162397 0.499478
v -0.042624 0.149110 0.487039
v 0.032707 0.162397 0.499478
v 0.042565 0.149110 0.487039
v -0.098137 0.140552 0.400469
v -0.160600 0.164165 0.400469
v -0.039773 0.198913 0.388797
v -0.096720 0.268761 0.388797
v -0.098137 0.140552 0.467246
v -0.160600 0.164165 0.467246
v -0.039773 0.198913 0.478918
v -0.096720 0.268761 0.478918
v -0.106872 0.060195 0.405333
v -0.149705 0.043203 0.405333
v -0.106872 0.060195 0.462382
v -0.149705 0.043203 0.462382
v 0.130339 0.163533 0.107234
v 0.163368 0.163533 0.071306
v 0.112877 0.098364 0.107234
v 0.141481 0.081849 0.071306
v 0.065170 0.050656 0.107234
v 0.081684 0.022052 0.071306
v -0.000000 0.033194 0.107234
v -0.000000 0.000165 0.071306
v -0.065170 0.050656 0.107234
v -0.081684 0.022052 0.071306
v -0.112877 0.098364 0.107234
v -0.141481 0.081849 0.071306
v -0.130340 0.163533 0.107234
v -0.163368 0.163533 0.071306
v -0.112877 0.228703 0.107234
v -0.141481 0.245218 0.071306
v -0.065170 0.276411 0.107234
v -0.081684 0.305014 0.071306
v -0.000000 0.293873 0.107234
v -0.000000 0.326902 0.071306
v 0.065170 0.276411 0.107234
v 0.081684 0.305015 0.071306
v 0.112877 0.228703 0.107234
v 0.141481 0.245218 0.071306
v 0.017369 0.198757 0.243668
v 0.022007 0.185278 0.220375
v 0.076234 0.222820 0.226974
v 0.060169 0.228388 0.248876
v 0.044014 0.191086 0.221396
v 0.034739 0.203341 0.244474
v -0.000000 0.182004 0.219800
v -0.000000 0.189247 0.230554
v -0.044014 0.191086 0.221396
v -0.034739 0.203341 0.244474
v -0.076234 0.222820 0.226974
v -0.060169 0.228388 0.248876
v -0.022007 0.185278 0.220375
v -0.017369 0.198757 0.243668
v 0.021034 0.190762 0.192281
v 0.075261 0.228304 0.198880
v 0.043041 0.196570 0.193302
v -0.000973 0.187488 0.191706
v -0.044987 0.196570 0.193302
v -0.077208 0.228304 0.198880
v -0.022980 0.190762 0.192281
v 0.017369 0.326446 0.266112
v 0.022007 0.347060 0.248812
v 0.088028 0.266169 0.234594
v 0.069477 0.262602 0.254890
v 0.076234 0.309519 0.242213
v 0.060169 0.296816 0.260904
v 0.044014 0.341253 0.247791
v 0.034739 0.321862 0.265307
v -0.000000 0.350334 0.249388
v -0.000000 0.339858 0.257028
v -0.044014 0.341253 0.247791
v -0.034739 0.321862 0.265307
v -0.076234 0.309519 0.242213
v -0.060169 0.296816 0.260904
v -0.088028 0.266169 0.234594
v -0.069477 0.262602 0.254890
v -0.022007 0.347060 0.248812
v -0.017369 0.326446 0.266112
v 0.021034 0.352544 0.220718
v 0.087055 0.271653 0.206500
v 0.075261 0.315003 0.214119
v 0.043041 0.346737 0.219697
v -0.000973 0.355818 0.221294
v -0.044987 0.346737 0.219697
v -0.077208 0.315003 0.214119
v -0.089001 0.271653 0.206500
v -0.022980 0.352544 0.220718
v 0.060169 0.262602 0.254890
v -0.060169 0.262602 0.254890
v -0.000000 0.264553 0.243791
v 0.017369 0.262602 0.254890
v 0.034739 0.262602 0.254890
v -0.034739 0.262602 0.254890
v -0.017369 0.262602 0.254890
v -0.253398 0.747804 0.145560
v -0.220936 0.747804 0.265185
v -0.253807 0.747804 0.220759
v -0.107550 0.997625 0.146050
v -0.104713 0.960524 0.261045
v -0.107550 0.997625 0.224519
v -0.279594 0.739592 0.213744
v -0.247871 0.731679 0.298212
v -0.279652 0.739579 0.156161
v -0.203689 0.996322 0.146050
v -0.220815 0.960668 0.254311
v -0.203689 0.996322 0.224519
v -0.235115 0.984944 0.146050
v -0.235115 0.984944 0.224519
v -0.246100 0.951452 0.146050
v -0.246100 0.951452 0.224519
v -0.170126 0.996974 0.224519
v -0.169921 0.960654 0.258896
v -0.170126 0.996974 0.146050
v -0.204131 1.022002 0.213412
v -0.204131 1.021583 0.157056
v -0.204131 0.996964 0.146050
v -0.204131 0.996964 0.224519
v -0.256695 1.003547 0.213412
v -0.256695 1.003251 0.157056
v -0.235662 0.982951 0.146050
v -0.235662 0.982951 0.224519
v -0.275420 0.955385 0.213412
v -0.275420 0.955349 0.157056
v -0.246307 0.951572 0.146050
v -0.246307 0.951572 0.224519
v -0.306029 0.498907 0.042459
v -0.341754 0.447923 0.069041
v -0.229696 0.403506 0.095856
v -0.347725 0.494630 0.116128
v -0.229695 0.470223 0.162572
v -0.355882 0.558433 0.133363
v -0.229695 0.561359 0.186992
v -0.364038 0.622235 0.116128
v -0.229695 0.652495 0.162572
v -0.370009 0.668942 0.069041
v -0.229695 0.719211 0.095856
v -0.309533 0.526311 0.070087
v -0.314319 0.563746 0.080199
v -0.319104 0.601181 0.070087
v -0.322608 0.628586 0.042459
v -0.333383 0.602107 0.028084
v -0.331214 0.585141 0.045188
v -0.328251 0.561965 0.051449
v -0.325289 0.538789 0.045188
v -0.323120 0.521823 0.028084
v -0.000457 0.337968 0.057662
v -0.182535 0.337968 0.058844
v -0.283249 0.574968 0.065318
v -0.233785 0.581798 0.053773
v -0.249268 0.381341 0.060618
v -0.000457 1.034133 0.071009
v -0.085195 1.034133 0.076589
v -0.293512 0.653163 0.076583
v -0.242256 0.646337 0.056801
v 0.182535 0.337968 0.057662
v 0.283249 0.574968 0.064135
v 0.233785 0.581798 0.052591
v 0.249267 0.381341 0.059436
v 0.170472 1.034133 0.071009
v -0.107550 0.997625 0.073025
v 0.293512 0.653163 0.067804
v 0.320888 0.965965 0.068215
v 0.272339 1.034133 0.071009
v 0.242256 0.646337 0.055619
v -0.252926 0.748023 0.135726
v -0.303069 0.731679 0.128596
v -0.203689 0.996322 0.073025
v -0.235115 0.984944 0.073025
v -0.246100 0.951452 0.073025
v -0.170126 0.996974 0.073025
v -0.252565 0.790935 0.113182
v -0.305304 0.772018 0.107507
v -0.252331 0.818072 0.071291
v -0.305304 0.800552 0.065390
v -0.085195 1.034133 0.221167
v -0.085195 1.034133 0.153178
v -0.303764 0.731679 0.221613
v -0.303069 0.731679 0.153091
v 0.200478 1.033705 0.157199
v 0.241233 1.033705 0.227789
v 0.206083 1.059348 0.166907
v 0.235629 1.059348 0.218082
v 0.241233 1.033705 0.157199
v 0.200478 1.033705 0.227789
v 0.235629 1.059348 0.166907
v 0.206083 1.059348 0.218082
v 0.180101 1.033705 0.192494
v 0.191310 1.059348 0.192494
v 0.261611 1.033705 0.192494
v 0.250401 1.059348 0.192494
v 0.243917 1.051710 0.192134
v 0.243804 1.087891 0.192134
v 0.234352 1.051710 0.175569
v 0.234296 1.088929 0.175569
v 0.215224 1.051710 0.175569
v 0.215281 1.091004 0.175569
v 0.205660 1.051710 0.192134
v 0.205773 1.092042 0.192134
v 0.215224 1.051710 0.208700
v 0.215281 1.091004 0.208700
v 0.234352 1.051710 0.208700
v 0.234296 1.088929 0.208700
v 0.261896 1.174931 0.175569
v 0.269711 1.169417 0.192134
v 0.246267 1.185959 0.175569
v 0.238452 1.191472 0.192134
v 0.246267 1.185959 0.208700
v 0.261896 1.174931 0.208700
v 0.324154 1.236948 0.175569
v 0.330199 1.229537 0.192134
v 0.312063 1.251771 0.175569
v 0.306018 1.259182 0.192134
v 0.312063 1.251771 0.208700
v 0.324154 1.236948 0.208700
v 0.276526 1.221666 0.175569
v 0.269596 1.228129 0.192134
v 0.297316 1.202279 0.192134
v 0.290386 1.208741 0.175569
v 0.290386 1.208741 0.208700
v 0.276526 1.221666 0.208700
v 0.240685 1.134078 0.175569
v 0.223337 1.138821 0.175569
v 0.223337 1.138821 0.208700
v 0.240685 1.134078 0.208700
v 0.249359 1.131707 0.192134
v 0.214664 1.141192 0.192134
v 0.368765 1.251311 0.175569
v 0.371490 1.242143 0.192134
v 0.363314 1.269646 0.175569
v 0.360589 1.278814 0.192134
v 0.363314 1.269646 0.208700
v 0.368765 1.251311 0.208700
v 0.417116 1.251703 0.175569
v 0.416437 1.242163 0.192134
v 0.418474 1.270783 0.175569
v 0.419152 1.280323 0.192134
v 0.418474 1.270783 0.208700
v 0.417116 1.251703 0.208700
v 0.468024 1.178951 0.192315
v 0.424650 1.210332 0.192315
v 0.579042 1.239511 0.176624
v 0.567404 1.220029 0.162470
v 0.548590 1.204568 0.151236
v 0.524030 1.194641 0.144024
v 0.496027 1.191221 0.141539
v 0.468024 1.194641 0.144024
v 0.443464 1.204568 0.151236
v 0.424650 1.220029 0.162470
v 0.413012 1.239511 0.176624
v 0.579042 1.252859 0.166927
v 0.567404 1.245417 0.144024
v 0.548590 1.239511 0.125848
v 0.524030 1.235720 0.114179
v 0.496027 1.234413 0.110158
v 0.468024 1.235720 0.114179
v 0.443464 1.239511 0.125848
v 0.424650 1.245417 0.144024
v 0.413012 1.252859 0.166927
v 0.579042 1.269357 0.166927
v 0.567404 1.276798 0.144024
v 0.548590 1.282704 0.125848
v 0.524030 1.286496 0.114179
v 0.496027 1.287802 0.110158
v 0.468024 1.286496 0.114179
v 0.443464 1.282704 0.125848
v 0.424650 1.276798 0.144024
v 0.413012 1.269357 0.166927
v 0.579042 1.282704 0.176624
v 0.567404 1.302186 0.162470
v 0.548590 1.317648 0.151236
v 0.524030 1.327574 0.144024
v 0.496027 1.330995 0.141539
v 0.468024 1.327574 0.144024
v 0.443464 1.317648 0.151236
v 0.424650 1.302186 0.162470
v 0.413012 1.282704 0.176624
v 0.579042 1.287802 0.192315
v 0.567404 1.311884 0.192315
v 0.548590 1.330995 0.192315
v 0.524030 1.343265 0.192315
v 0.496027 1.347493 0.192315
v 0.468024 1.343265 0.192315
v 0.443464 1.330995 0.192315
v 0.424650 1.311884 0.192315
v 0.413012 1.287802 0.192315
v 0.582935 1.261108 0.192315
v 0.579042 1.282704 0.208006
v 0.567404 1.302186 0.222160
v 0.548590 1.317648 0.233394
v 0.524030 1.327574 0.240606
v 0.496027 1.330995 0.243091
v 0.468024 1.327574 0.240606
v 0.443464 1.317648 0.233394
v 0.424650 1.302186 0.222160
v 0.413012 1.282704 0.208006
v 0.579042 1.269357 0.217703
v 0.567404 1.276798 0.240606
v 0.548590 1.282704 0.258782
v 0.524030 1.286496 0.270451
v 0.496027 1.287802 0.274472
v 0.468024 1.286496 0.270451
v 0.443464 1.282704 0.258782
v 0.424650 1.276798 0.240606
v 0.413012 1.269357 0.217703
v 0.579042 1.252859 0.217703
v 0.567404 1.245417 0.240606
v 0.548590 1.239511 0.258782
v 0.524030 1.235720 0.270451
v 0.496027 1.234413 0.274472
v 0.468024 1.235720 0.270451
v 0.443464 1.239511 0.258782
v 0.424650 1.245417 0.240606
v 0.413012 1.252859 0.217703
v 0.579042 1.239511 0.208006
v 0.567404 1.220029 0.222160
v 0.548590 1.204568 0.233394
v 0.524030 1.194641 0.240606
v 0.496027 1.191221 0.243091
v 0.468024 1.194641 0.240606
v 0.443464 1.204568 0.233394
v 0.424650 1.220029 0.222160
v 0.413012 1.239511 0.208006
v 0.579042 1.234413 0.192315
v 0.567404 1.210332 0.192315
v 0.548590 1.191221 0.192315
v 0.524030 1.178951 0.192315
v 0.496027 1.174723 0.192315
v 0.443464 1.191221 0.192315
v 0.413012 1.234413 0.192315
v 0.409119 1.261108 0.192315
v -0.169873 0.747817 0.265453
v -0.103817 0.814318 0.264315
v -0.122995 0.767303 0.265264
v -0.084884 0.796843 0.300086
v -0.153122 0.731679 0.298827
v -0.105590 0.750765 0.299375
v -0.226970 0.574968 -0.273508
v -0.283249 0.574968 -0.217040
v -0.183524 0.331897 -0.220250
v -0.293512 0.653163 -0.220127
v -0.237240 0.653213 -0.285646
v -0.233785 0.581798 -0.178863
v -0.187334 0.581798 -0.225471
v -0.242256 0.646337 -0.188875
v -0.195810 0.646379 -0.235489
v -0.182535 0.337968 -0.117695
v -0.249268 0.381341 -0.121243
v -0.283249 0.574968 -0.130642
v -0.293512 0.653163 -0.153174
v -0.233785 0.581798 -0.107554
v -0.242256 0.646337 -0.113609
v -0.092594 1.021672 -0.213963
v -0.080371 0.966150 -0.302231
v -0.114259 0.142951 -0.118736
v -0.111719 0.169994 -0.188121
v -0.142073 0.574968 -0.273508
v -0.148501 0.653213 -0.285646
v -0.117263 0.581798 -0.225471
v -0.122568 0.646379 -0.235489
v -0.092441 1.021506 -0.155932
v -0.249268 0.381341 -0.200607
v 0.226970 0.574968 -0.271143
v 0.283249 0.574968 -0.214675
v 0.264633 0.966150 -0.299867
v 0.272339 1.034133 -0.237760
v 0.320888 0.965965 -0.243370
v 0.183513 0.331897 -0.218021
v 0.293512 0.653163 -0.226806
v 0.237240 0.653213 -0.283282
v 0.233785 0.581798 -0.176499
v 0.187334 0.581798 -0.223106
v 0.242256 0.646337 -0.186511
v 0.195810 0.646379 -0.233124
v 0.272339 1.034133 -0.142019
v 0.320888 0.965965 -0.136430
v 0.182535 0.337968 -0.115330
v 0.249267 0.381341 -0.118879
v 0.283249 0.574968 -0.128278
v 0.293512 0.653163 -0.135614
v 0.233785 0.581798 -0.105189
v 0.242256 0.646337 -0.111244
v 0.170472 1.034133 -0.237760
v 0.165648 0.966150 -0.299867
v 0.114259 0.142951 -0.116371
v 0.111709 0.169994 -0.185891
v 0.142073 0.574968 -0.271143
v 0.148501 0.653213 -0.283282
v 0.117262 0.581798 -0.223106
v 0.122568 0.646379 -0.233124
v 0.170472 1.034133 -0.142019
v 0.249267 0.381341 -0.198242
v -0.000457 1.034133 -0.237760
v -0.000436 0.147722 -0.185891
v -0.000457 0.574968 -0.271143
v -0.000457 0.653213 -0.283282
v -0.000457 0.581798 -0.223106
v -0.000457 0.646379 -0.233124
v -0.000457 1.034133 -0.142019
v -0.000457 0.337968 -0.115330
v -0.000457 0.966150 -0.299867
v -0.000457 0.119327 -0.116371
v 0.143470 0.604899 -0.223017
v 0.124249 0.533862 -0.213030
v 0.071735 0.476894 -0.241045
v -0.000000 0.457940 -0.237798
v -0.071735 0.476147 -0.246356
v -0.124249 0.533862 -0.213030
v -0.143471 0.604899 -0.223017
v -0.124249 0.675936 -0.233004
v -0.071735 0.720978 -0.289821
v -0.000000 0.740292 -0.290510
v 0.071735 0.721124 -0.288786
v 0.124249 0.675936 -0.233004
v 0.087813 0.586914 -0.350947
v 0.076048 0.543435 -0.344835
v 0.043907 0.511606 -0.340360
v -0.000000 0.499956 -0.338722
v -0.043907 0.511606 -0.340360
v -0.076049 0.543435 -0.344835
v -0.087813 0.586914 -0.350947
v -0.076049 0.630393 -0.357060
v -0.043907 0.662222 -0.361535
v -0.000000 0.673872 -0.363173
v 0.043906 0.662222 -0.361535
v 0.076048 0.630393 -0.357060
v 0.069488 0.594294 -0.298448
v 0.060178 0.559889 -0.293611
v 0.034744 0.534702 -0.290070
v -0.000000 0.525483 -0.288774
v -0.034744 0.534702 -0.290070
v -0.060178 0.559889 -0.293611
v -0.069488 0.594294 -0.298448
v -0.060178 0.628700 -0.303285
v -0.034744 0.653887 -0.306826
v -0.000000 0.663106 -0.308122
v 0.034744 0.653887 -0.306826
v 0.060178 0.628700 -0.303285
v 0.143470 0.589329 -0.333769
v 0.124222 0.586362 -0.354873
v 0.107579 0.524856 -0.346226
v 0.124249 0.518292 -0.323782
v 0.062111 0.479830 -0.339896
v 0.071735 0.466290 -0.316471
v -0.000000 0.463349 -0.337579
v -0.000000 0.447256 -0.313795
v -0.062111 0.479830 -0.339896
v -0.071735 0.466290 -0.316471
v -0.107580 0.524856 -0.346226
v -0.124249 0.518292 -0.323782
v -0.124222 0.586362 -0.354873
v -0.143471 0.589329 -0.333769
v -0.107580 0.647868 -0.363520
v -0.124249 0.660365 -0.343756
v -0.062111 0.692894 -0.369850
v -0.071735 0.712368 -0.351066
v -0.000000 0.709374 -0.372167
v -0.000000 0.731402 -0.353742
v 0.062111 0.692894 -0.369850
v 0.071735 0.712368 -0.351067
v 0.107579 0.647868 -0.363520
v 0.124249 0.660366 -0.343756
v 0.041285 0.619057 -0.296152
v 0.023836 0.636336 -0.298581
v -0.000000 0.642661 -0.299471
v -0.023836 0.636336 -0.298581
v -0.041285 0.619057 -0.296152
v -0.047672 0.595453 -0.292834
v -0.041285 0.571850 -0.289515
v -0.023836 0.554571 -0.287086
v -0.000000 0.548246 -0.286197
v 0.023836 0.554571 -0.287086
v 0.047672 0.595453 -0.292834
v 0.041285 0.571850 -0.289515
v -0.000000 0.595453 -0.292834
v 0.047672 0.606306 -0.240660
v 0.041285 0.582702 -0.237341
v 0.023836 0.565423 -0.234912
v -0.000000 0.559098 -0.234023
v -0.023836 0.565423 -0.234912
v -0.041285 0.582702 -0.237341
v -0.047672 0.606306 -0.240660
v -0.041285 0.629909 -0.243978
v -0.023836 0.647188 -0.246407
v -0.000000 0.653513 -0.247296
v 0.023836 0.647188 -0.246407
v 0.041285 0.629909 -0.243978
v 0.042118 0.540338 -0.388721
v 0.036475 0.527221 -0.373934
v 0.021059 0.517619 -0.363109
v -0.000000 0.514104 -0.359147
v -0.021059 0.517619 -0.363109
v -0.036475 0.527221 -0.373934
v -0.042118 0.540338 -0.388721
v -0.036475 0.553455 -0.403508
v -0.021059 0.563057 -0.414333
v -0.000000 0.566572 -0.418295
v 0.021059 0.563057 -0.414333
v 0.036475 0.553455 -0.403508
v 0.038449 0.383047 -0.430823
v 0.033298 0.382323 -0.411612
v 0.019224 0.381793 -0.397548
v -0.000000 0.381599 -0.392401
v -0.019225 0.381793 -0.397548
v -0.033298 0.382323 -0.411612
v -0.038449 0.383047 -0.430823
v -0.033298 0.383772 -0.450033
v -0.019225 0.384302 -0.464097
v -0.000000 0.384496 -0.469244
v 0.019224 0.384302 -0.464097
v 0.033298 0.383772 -0.450033
v -0.044190 0.561466 -0.366198
v -0.000000 0.595613 -0.388117
v 0.022095 0.531893 -0.347216
v -0.038270 0.544392 -0.355239
v -0.022095 0.591038 -0.385181
v -0.038270 0.578540 -0.377158
v 0.038269 0.544392 -0.355239
v 0.044190 0.561466 -0.366198
v 0.038269 0.578540 -0.377158
v 0.022095 0.591038 -0.385181
v -0.022095 0.531893 -0.347216
v -0.000000 0.527319 -0.344279
v 0.038826 0.316662 -0.435248
v 0.033625 0.316463 -0.415835
v 0.019413 0.316318 -0.401625
v -0.000000 0.316265 -0.396423
v -0.019413 0.316318 -0.401625
v -0.033625 0.316463 -0.415835
v -0.038827 0.316662 -0.435248
v -0.033625 0.316860 -0.454660
v -0.019413 0.317006 -0.468871
v -0.000000 0.317059 -0.474072
v 0.019413 0.317006 -0.468871
v 0.033625 0.316860 -0.454660
v 0.057705 0.385259 -0.432330
v 0.051926 0.391897 -0.431951
v 0.044969 0.391632 -0.405989
v 0.049975 0.384970 -0.403478
v 0.025963 0.391437 -0.386984
v 0.028854 0.384758 -0.382356
v -0.000000 0.391366 -0.380028
v -0.000000 0.384680 -0.374625
v -0.025963 0.391437 -0.386984
v -0.028854 0.384758 -0.382356
v -0.044969 0.391632 -0.405989
v -0.049975 0.384970 -0.403478
v -0.051926 0.391897 -0.431951
v -0.057705 0.385259 -0.432330
v -0.044969 0.392163 -0.457913
v -0.049973 0.385548 -0.461181
v -0.025963 0.392357 -0.476918
v -0.028852 0.385760 -0.482301
v -0.000000 0.392428 -0.483875
v -0.000000 0.385838 -0.490031
v 0.025963 0.392357 -0.476918
v 0.028852 0.385760 -0.482301
v 0.044969 0.392163 -0.457913
v 0.049973 0.385548 -0.461181
v -0.020017 0.479007 -0.453443
v -0.000000 0.480126 -0.458446
v 0.034671 0.467602 -0.402435
v 0.020017 0.464545 -0.388768
v 0.034671 0.475951 -0.439775
v 0.040034 0.471776 -0.421105
v -0.020017 0.464545 -0.388768
v -0.034671 0.467602 -0.402435
v -0.034671 0.475951 -0.439775
v 0.020017 0.479007 -0.453443
v -0.000000 0.463427 -0.383765
v -0.040034 0.471776 -0.421105
v -0.023094 0.548504 -0.317188
v 0.039999 0.605407 -0.335399
v 0.039999 0.563751 -0.322068
v -0.023094 0.620655 -0.340278
v -0.039999 0.563751 -0.322068
v 0.023093 0.548504 -0.317188
v -0.000000 0.626236 -0.342064
v -0.046187 0.584579 -0.328733
v 0.046187 0.584579 -0.328733
v -0.039999 0.605407 -0.335399
v 0.023093 0.620655 -0.340278
v -0.000000 0.542923 -0.315402
v -0.000000 0.527634 -0.442403
v 0.020265 0.496321 -0.378674
v 0.040531 0.510853 -0.408251
v -0.035101 0.502463 -0.391175
v -0.040531 0.510853 -0.408251
v 0.035100 0.519243 -0.425327
v -0.000000 0.494073 -0.374099
v 0.020265 0.525385 -0.437827
v -0.020265 0.496321 -0.378674
v -0.020265 0.525385 -0.437827
v -0.035101 0.519243 -0.425327
v 0.035100 0.502463 -0.391175
v -0.019803 0.435703 -0.461055
v 0.034300 0.430162 -0.408309
v 0.034300 0.434218 -0.446922
v -0.019803 0.428678 -0.394175
v -0.034300 0.434218 -0.446922
v 0.019803 0.435703 -0.461055
v -0.000000 0.428134 -0.389002
v -0.039606 0.432190 -0.427615
v -0.000000 0.436246 -0.466229
v -0.034300 0.430162 -0.408309
v 0.019803 0.428678 -0.394175
v 0.039606 0.432190 -0.427615
v -0.054715 0.218204 -0.370663
v -0.069745 0.218274 -0.383168
v -0.099408 0.326351 -0.382537
v -0.091046 0.313066 -0.370134
v 0.069686 0.218274 -0.383168
v 0.054656 0.218204 -0.370663
v 0.090987 0.313066 -0.370134
v 0.099349 0.326351 -0.382537
v -0.069745 0.218858 -0.486687
v -0.054716 0.218929 -0.499193
v -0.091046 0.313790 -0.500236
v -0.099408 0.326936 -0.487627
v 0.054657 0.218929 -0.499193
v 0.069686 0.218858 -0.486687
v 0.090987 0.313790 -0.500236
v 0.099349 0.326936 -0.487627
v -0.104892 0.285694 -0.370347
v -0.119954 0.285764 -0.382852
v 0.104833 0.285694 -0.370347
v 0.119895 0.285764 -0.382852
v 0.119895 0.286349 -0.487943
v 0.104833 0.286419 -0.500448
v -0.104892 0.286419 -0.500448
v -0.119954 0.286349 -0.487943
v -0.032766 0.161672 -0.370948
v -0.042624 0.148527 -0.383520
v 0.032707 0.161672 -0.370948
v 0.042565 0.148527 -0.383520
v -0.032766 0.162397 -0.499478
v -0.042624 0.149110 -0.487039
v 0.032707 0.162397 -0.499478
v 0.042565 0.149110 -0.487039
v -0.098137 0.140552 -0.400469
v -0.160600 0.164165 -0.400469
v -0.039773 0.198913 -0.388797
v -0.096720 0.268761 -0.388797
v -0.098137 0.140552 -0.467246
v -0.160600 0.164165 -0.467246
v -0.039773 0.198913 -0.478918
v -0.096720 0.268761 -0.478918
v -0.106872 0.060195 -0.405333
v -0.149705 0.043203 -0.405333
v -0.106872 0.060195 -0.462382
v -0.149705 0.043203 -0.462382
v 0.130339 0.163533 -0.107234
v 0.163368 0.163533 -0.071306
v 0.112877 0.098364 -0.107234
v 0.141481 0.081849 -0.071306
v 0.065170 0.050656 -0.107234
v 0.081684 0.022052 -0.071306
v -0.000000 0.033194 -0.107234
v -0.000000 0.000165 -0.071306
v -0.065170 0.050656 -0.107234
v -0.081684 0.022052 -0.071306
v -0.112877 0.098364 -0.107234
v -0.141481 0.081849 -0.071306
v -0.130340 0.163533 -0.107234
v -0.163368 0.163533 -0.071306
v -0.112877 0.228703 -0.107234
v -0.141481 0.245218 -0.071306
v -0.065170 0.276411 -0.107234
v -0.081684 0.305014 -0.071306
v -0.000000 0.293873 -0.107234
v -0.000000 0.326902 -0.071306
v 0.065170 0.276411 -0.107234
v 0.081684 0.305015 -0.071306
v 0.112877 0.228703 -0.107234
v 0.141481 0.245218 -0.071306
v 0.017369 0.198757 -0.243668
v 0.022007 0.185278 -0.220375
v 0.076234 0.222820 -0.226974
v 0.060169 0.228388 -0.248876
v 0.044014 0.191086 -0.221396
v 0.034739 0.203341 -0.244474
v -0.000000 0.182004 -0.219800
v -0.000000 0.189247 -0.230554
v -0.044014 0.191086 -0.221396
v -0.034739 0.203341 -0.244474
v -0.076234 0.222820 -0.226974
v -0.060169 0.228388 -0.248876
v -0.022007 0.185278 -0.220375
v -0.017369 0.198757 -0.243668
v 0.021034 0.190762 -0.192281
v 0.075261 0.228304 -0.198880
v 0.043041 0.196570 -0.193302
v -0.000973 0.187488 -0.191706
v -0.044987 0.196570 -0.193302
v -0.077208 0.228304 -0.198880
v -0.022980 0.190762 -0.192281
v 0.017369 0.326446 -0.266112
v 0.022007 0.347060 -0.248812
v 0.088028 0.266169 -0.234594
v 0.069477 0.262602 -0.254890
v 0.076234 0.309519 -0.242213
v 0.060169 0.296816 -0.260904
v 0.044014 0.341253 -0.247791
v 0.034739 0.321862 -0.265307
v -0.000000 0.350334 -0.249388
v -0.000000 0.339858 -0.257028
v -0.044014 0.341253 -0.247791
v -0.034739 0.321862 -0.265307
v -0.076234 0.309519 -0.242213
v -0.060169 0.296816 -0.260904
v -0.088028 0.266169 -0.234594
v -0.069477 0.262602 -0.254890
v -0.022007 0.347060 -0.248812
v -0.017369 0.326446 -0.266112
v 0.021034 0.352544 -0.220718
v 0.087055 0.271653 -0.206500
v 0.075261 0.315003 -0.214119
v 0.043041 0.346737 -0.219697
v -0.000973 0.355818 -0.221294
v -0.044987 0.346737 -0.219697
v -0.077208 0.315003 -0.214119
v -0.089001 0.271653 -0.206500
v -0.022980 0.352544 -0.220718
v 0.060169 0.262602 -0.254890
v -0.060169 0.262602 -0.254890
v -0.000000 0.264553 -0.243791
v 0.017369 0.262602 -0.254890
v 0.034739 0.262602 -0.254890
v -0.034739 0.262602 -0.254890
v -0.017369 0.262602 -0.254890
v -0.253398 0.747804 -0.145560
v -0.220936 0.747804 -0.265185
v -0.253807 0.747804 -0.220759
v -0.107550 0.997625 -0.146050
v -0.104713 0.960524 -0.261045
v -0.107550 0.997625 -0.224519
v -0.279594 0.739592 -0.213744
v -0.247871 0.731679 -0.298212
v -0.279652 0.739579 -0.156161
v -0.203689 0.996322 -0.146050
v -0.220815 0.960668 -0.254311
v -0.203689 0.996322 -0.224519
v -0.235115 0.984944 -0.146050
v -0.235115 0.984944 -0.224519
v -0.246100 0.951452 -0.146050
v -0.246100 0.951452 -0.224519
v -0.170126 0.996974 -0.224519
v -0.169921 0.960654 -0.258896
v -0.170126 0.996974 -0.146050
v -0.204131 1.022002 -0.213412
v -0.204131 1.021583 -0.157056
v -0.204131 0.996964 -0.146050
v -0.204131 0.996964 -0.224519
v -0.256695 1.003547 -0.213412
v -0.256695 1.003251 -0.157056
v -0.235662 0.982951 -0.146050
v -0.235662 0.982951 -0.224519
v -0.275420 0.955385 -0.213412
v -0.275420 0.955349 -0.157056
v -0.246307 0.951572 -0.146050
v -0.246307 0.951572 -0.224519
v -0.306029 0.498907 -0.042459
v -0.341754 0.447923 -0.069041
v -0.229696 0.403506 -0.095856
v -0.347725 0.494630 -0.116128
v -0.229695 0.470223 -0.162572
v -0.355882 0.558433 -0.133363
v -0.229695 0.561359 -0.186992
v -0.364038 0.622235 -0.116128
v -0.229695 0.652495 -0.162572
v -0.370009 0.668942 -0.069041
v -0.229695 0.719211 -0.095856
v -0.309533 0.526311 -0.070087
v -0.314319 0.563746 -0.080199
v -0.319104 0.601181 -0.070086
v -0.322608 0.628586 -0.042459
v -0.333383 0.602107 -0.028084
v -0.331214 0.585141 -0.045188
v -0.328251 0.561965 -0.051449
v -0.325289 0.538789 -0.045188
v -0.323120 0.521823 -0.028084
v -0.000457 0.337968 -0.057662
v -0.182535 0.337968 -0.058844
v -0.283249 0.574968 -0.065318
v -0.233785 0.581798 -0.053773
v -0.249268 0.381341 -0.060618
v -0.000457 1.034133 -0.071009
v -0.085195 1.034133 -0.076589
v -0.293512 0.653163 -0.076583
v -0.242256 0.646337 -0.056801
v 0.182535 0.337968 -0.057662
v 0.283249 0.574968 -0.064135
v 0.233785 0.581798 -0.052591
v 0.249267 0.381341 -0.059436
v 0.170472 1.034133 -0.071009
v -0.107550 0.997625 -0.073025
v 0.293512 0.653163 -0.067804
v 0.320888 0.965965 -0.068215
v 0.272339 1.034133 -0.071009
v 0.242256 0.646337 -0.055619
v -0.252926 0.748023 -0.135726
v -0.303069 0.731679 -0.128596
v -0.203689 0.996322 -0.073025
v -0.235115 0.984944 -0.073025
v -0.246100 0.951452 -0.073025
v -0.170126 0.996974 -0.073025
v -0.252565 0.790935 -0.113182
v -0.305304 0.772018 -0.107507
v -0.252331 0.818072 -0.071291
v -0.305304 0.800552 -0.065390
v -0.085195 1.034133 -0.221167
v -0.085195 1.034133 -0.153178
v -0.303764 0.731679 -0.221613
v -0.303069 0.731679 -0.153091
v 0.200478 1.033705 -0.157199
v 0.241233 1.033705 -0.227789
v 0.206083 1.059348 -0.166907
v 0.235629 1.059348 -0.218082
v 0.241233 1.033705 -0.157199
v 0.200478 1.033705 -0.227789
v 0.235629 1.059348 -0.166907
v 0.206083 1.059348 -0.218082
v 0.180101 1.033705 -0.192494
v 0.191310 1.059348 -0.192494
v 0.261611 1.033705 -0.192494
v 0.250401 1.059348 -0.192494
v -0.182535 0.337968 0.000000
v -0.252453 0.748242 0.000000
v -0.283249 0.574968 0.000000
v -0.293512 0.653163 0.000000
v -0.233785 0.581798 0.000000
v -0.242256 0.646337 0.000000
v -0.085195 1.034133 0.000000
v -0.249268 0.381341 0.000000
v 0.320888 0.965965 -0.000000
v 0.182535 0.337968 -0.000000
v 0.272339 1.034133 -0.000000
v 0.249267 0.381341 -0.000000
v 0.283249 0.574968 -0.000000
v 0.293512 0.653163 -0.000000
v 0.233785 0.581798 -0.000000
v 0.242256 0.646337 -0.000000
v 0.170472 1.034133 -0.000000
v -0.000457 1.034133 0.000000
v -0.000457 0.337968 0.000000
v 0.163368 0.163533 -0.000000
v 0.141481 0.081849 -0.000000
v 0.141481 0.245218 -0.000000
v 0.081684 0.022052 -0.000000
v -0.000000 0.000165 0.000000
v -0.081684 0.022052 0.000000
v -0.141481 0.081849 0.000000
v -0.163368 0.163533 0.000000
v -0.141481 0.245218 0.000000
v -0.081684 0.305014 0.000000
v -0.000000 0.326902 0.000000
v 0.081684 0.305015 -0.000000
v -0.107550 0.997625 0.000000
v -0.303069 0.731679 0.000000
v -0.203689 0.996322 0.000000
v -0.235115 0.984944 0.000000
v -0.246100 0.951452 0.000000
v -0.170126 0.996974 0.000000
v -0.304747 0.488876 0.000000
v -0.339569 0.430827 0.000000
v -0.229696 0.379086 0.000000
v -0.372195 0.686038 0.000000
v -0.229695 0.743631 0.000000
v -0.323890 0.638616 0.000000
v -0.322326 0.515613 0.000000
v -0.334177 0.608317 0.000000
v -0.339325 0.560549 0.000000
v -0.252047 0.833832 0.000000
v -0.305304 0.814851 0.000000
v -0.169873 0.747817 -0.265453
v -0.103817 0.814318 -0.264315
v -0.122995 0.767303 -0.265264
v -0.084884 0.796843 -0.300086
v -0.153122 0.731679 -0.298827
v -0.105590 0.750765 -0.299375
v 0.100695 0.140552 0.400469
v 0.163159 0.164165 0.400469
v 0.042331 0.198913 0.388797
v 0.099278 0.268761 0.388797
v 0.100695 0.140552 0.467246
v 0.163159 0.164165 0.467246
v 0.042331 0.198913 0.478918
v 0.099278 0.268761 0.478918
v 0.109430 0.060195 0.405333
v 0.152263 0.043203 0.405333
v 0.109430 0.060195 0.462382
v 0.152263 0.043203 0.462382
v 0.100695 0.140552 -0.400469
v 0.163159 0.164165 -0.400469
v 0.042331 0.198913 -0.388797
v 0.099278 0.268761 -0.388797
v 0.100695 0.140552 -0.467246
v 0.163159 0.164165 -0.467246
v 0.042331 0.198913 -0.478918
v 0.099278 0.268761 -0.478918
v 0.109430 0.060195 -0.405333
v 0.152263 0.043203 -0.405333
v 0.109430 0.060195 -0.462382
v 0.152263 0.043203 -0.462382
v -0.182535 0.337968 0.117695
v -0.182535 0.337968 0.117695
v -0.000457 0.337968 0.115330
v -0.182535 0.337968 0.058844
v -0.182535 0.337968 0.000000
v -0.237240 0.653213 0.285646
v -0.237240 0.653213 0.285646
v -0.148501 0.653213 0.285646
v -0.247871 0.731679 0.298212
v -0.247871 0.731679 0.298212
v -0.085195 1.034133 0.221167
v -0.085195 1.034133 0.221167
v -0.080371 0.966150 0.302231
v -0.080371 0.966150 0.302231
v -0.226970 0.574968 0.273508
v -0.226970 0.574968 0.273508
v -0.283249 0.574968 0.217040
v -0.283249 0.574968 0.217040
v -0.233785 0.581798 0.178863
v -0.187334 0.581798 0.225471
v -0.183524 0.331897 0.220250
v -0.183524 0.331897 0.220250
v -0.111719 0.169994 0.188121
v -0.111719 0.169994 0.188121
v -0.142073 0.574968 0.273508
v -0.303764 0.731679 0.221613
v -0.303764 0.731679 0.221613
v -0.293512 0.653163 0.220127
v -0.293512 0.653163 0.220127
v -0.242256 0.646337 0.188875
v -0.195810 0.646379 0.235489
v -0.117263 0.581798 0.225471
v -0.122568 0.646379 0.235489
v -0.283249 0.574968 0.130642
v -0.233785 0.581798 0.107554
v -0.283249 0.574968 0.065318
v -0.283249 0.574968 0.000000
v -0.233785 0.581798 0.053773
v -0.233785 0.581798 0.000000
v -0.242256 0.646337 0.113609
v -0.293512 0.653163 0.153174
v -0.249268 0.381341 0.060618
v -0.249268 0.381341 0.000000
v -0.085195 1.034133 0.153178
v -0.249268 0.381341 0.121243
v -0.249268 0.381341 0.200607
v -0.249268 0.381341 0.200607
v -0.253807 0.747804 0.220759
v -0.253807 0.747804 0.220759
v -0.253807 0.747804 0.220759
v -0.253398 0.747804 0.145560
v -0.253398 0.747804 0.145560
v -0.253398 0.747804 0.145560
v -0.000457 0.653213 0.283282
v -0.000457 0.646379 0.233124
v -0.000457 0.581798 0.223106
v -0.000436 0.147722 0.185891
v -0.000457 0.574968 0.271143
v -0.114259 0.142951 0.118736
v -0.114259 0.142951 0.118736
v -0.085195 1.034133 0.076589
v -0.085195 1.034133 0.000000
v -0.293512 0.653163 0.076583
v -0.293512 0.653163 0.000000
v -0.000457 0.966150 0.299867
v -0.242256 0.646337 0.056801
v -0.242256 0.646337 0.000000
v -0.000457 0.119327 0.116371
v 0.182535 0.337968 0.057662
v 0.182535 0.337968 -0.000000
v 0.182535 0.337968 0.115330
v 0.182535 0.337968 0.115330
v 0.237240 0.653213 0.283282
v 0.237240 0.653213 0.283282
v 0.148501 0.653213 0.283282
v 0.264633 0.966150 0.299867
v 0.165648 0.966150 0.299867
v 0.272339 1.034133 0.237760
v 0.170472 1.034133 0.237760
v 0.226970 0.574968 0.271143
v 0.226970 0.574968 0.271143
v 0.283249 0.574968 0.214675
v 0.283249 0.574968 0.214675
v 0.233785 0.581798 0.176499
v 0.187334 0.581798 0.223106
v 0.183513 0.331897 0.218021
v 0.183513 0.331897 0.218021
v 0.111709 0.169994 0.185891
v 0.111709 0.169994 0.185891
v 0.142073 0.574968 0.271143
v 0.320888 0.965965 0.243370
v 0.293512 0.653163 0.226806
v 0.293512 0.653163 0.226806
v 0.242256 0.646337 0.186511
v 0.195810 0.646379 0.233124
v 0.117262 0.581798 0.223106
v 0.122568 0.646379 0.233124
v 0.283249 0.574968 0.128278
v 0.233785 0.581798 0.105189
v 0.283249 0.574968 0.064135
v 0.283249 0.574968 -0.000000
v 0.233785 0.581798 0.052591
v 0.233785 0.581798 -0.000000
v 0.242256 0.646337 0.111244
v 0.293512 0.653163 0.135614
v 0.249267 0.381341 0.059436
v 0.249267 0.381341 -0.000000
v 0.272339 1.034133 0.142019
v 0.320888 0.965965 0.136430
v 0.249267 0.381341 0.198242
v 0.249267 0.381341 0.198242
v 0.249267 0.381341 0.118879
v 0.114259 0.142951 0.116371
v 0.114259 0.142951 0.116371
v -0.107550 0.997625 0.073025
v -0.107550 0.997625 0.000000
v 0.293512 0.653163 0.067804
v 0.293512 0.653163 -0.000000
v 0.320888 0.965965 0.068215
v 0.320888 0.965965 -0.000000
v 0.272339 1.034133 0.071009
v 0.272339 1.034133 -0.000000
v 0.242256 0.646337 0.055619
v 0.242256 0.646337 -0.000000
v 0.143470 0.589329 0.333769
v 0.124249 0.660366 0.343756
v 0.107579 0.524856 0.346226
v 0.062111 0.479830 0.339896
v 0.076048 0.543435 0.344835
v 0.043907 0.511606 0.340360
v -0.000000 0.463349 0.337579
v -0.000000 0.499956 0.338722
v -0.062111 0.479830 0.339896
v -0.043907 0.511606 0.340360
v -0.107580 0.524856 0.346226
v -0.076049 0.543435 0.344835
v -0.124222 0.586362 0.354873
v -0.087813 0.586914 0.350947
v -0.107580 0.647868 0.363520
v -0.076049 0.630393 0.357060
v -0.062111 0.692894 0.369850
v -0.043907 0.662222 0.361535
v -0.000000 0.709374 0.372167
v -0.000000 0.673872 0.363173
v 0.062111 0.692894 0.369850
v 0.043906 0.662222 0.361535
v -0.143471 0.589329 0.333769
v -0.124249 0.660365 0.343756
v 0.107579 0.647868 0.363520
v 0.076048 0.630393 0.357060
v 0.124222 0.586362 0.354873
v 0.087813 0.586914 0.350947
v -0.124249 0.518292 0.323782
v -0.071735 0.466290 0.316471
v 0.124249 0.518292 0.323782
v 0.071735 0.466290 0.316471
v -0.000000 0.447256 0.313795
v 0.071735 0.712368 0.351067
v -0.000000 0.731402 0.353742
v -0.071735 0.712368 0.351066
v -0.019225 0.384302 0.464097
v -0.000000 0.384496 0.469244
v 0.033298 0.382323 0.411612
v 0.019224 0.381793 0.397549
v 0.038449 0.383047 0.430823
v 0.033298 0.383772 0.450033
v -0.019224 0.381793 0.397549
v -0.033298 0.382323 0.411612
v -0.033298 0.383772 0.450033
v 0.019224 0.384302 0.464097
v -0.000000 0.381599 0.392401
v -0.038449 0.383047 0.430823
v -0.028852 0.385760 0.482301
v -0.000000 0.385838 0.490031
v 0.051926 0.391897 0.431951
v 0.044969 0.392163 0.457913
v -0.028854 0.384758 0.382356
v -0.049975 0.384970 0.403478
v -0.049973 0.385548 0.461181
v 0.028852 0.385760 0.482301
v 0.049973 0.385548 0.461181
v -0.000000 0.384680 0.374625
v -0.057705 0.385259 0.432330
v 0.028854 0.384758 0.382356
v 0.057705 0.385259 0.432330
v 0.049975 0.384970 0.403478
v -0.025963 0.391437 0.386984
v -0.044969 0.391632 0.405989
v -0.044969 0.392163 0.457913
v -0.025963 0.392357 0.476918
v 0.025963 0.392357 0.476918
v -0.000000 0.391366 0.380028
v -0.051926 0.391897 0.431951
v -0.000000 0.392428 0.483875
v 0.025963 0.391437 0.386984
v 0.044969 0.391632 0.405989
v -0.099408 0.326936 0.487627
v -0.099408 0.326936 0.487627
v -0.099408 0.326936 0.487627
v 0.099349 0.326936 0.487627
v 0.099349 0.326936 0.487627
v 0.099349 0.326936 0.487627
v 0.099349 0.326351 0.382537
v 0.099349 0.326351 0.382537
v 0.099349 0.326351 0.382537
v -0.099408 0.326351 0.382537
v -0.099408 0.326351 0.382537
v -0.099408 0.326351 0.382537
v 0.054657 0.218929 0.499193
v 0.032707 0.162397 0.499478
v 0.032707 0.162397 0.499478
v -0.054716 0.218929 0.499193
v -0.032766 0.162397 0.499478
v -0.032766 0.162397 0.499478
v -0.042624 0.148527 0.383520
v -0.042624 0.148527 0.383520
v -0.042624 0.148527 0.383520
v 0.042565 0.148527 0.383520
v 0.042565 0.148527 0.383520
v 0.042565 0.148527 0.383520
v 0.042565 0.149110 0.487039
v 0.042565 0.149110 0.487039
v 0.042565 0.149110 0.487039
v -0.042624 0.149110 0.487039
v -0.042624 0.149110 0.487039
v -0.042624 0.149110 0.487039
v -0.091046 0.313066 0.370134
v -0.091046 0.313066 0.370134
v -0.104892 0.285694 0.370347
v -0.104892 0.285694 0.370347
v 0.090987 0.313066 0.370134
v 0.090987 0.313066 0.370134
v 0.104833 0.285694 0.370347
v 0.104833 0.285694 0.370347
v -0.119954 0.285764 0.382852
v -0.119954 0.285764 0.382852
v -0.119954 0.285764 0.382852
v -0.119954 0.286349 0.487943
v -0.119954 0.286349 0.487943
v -0.119954 0.286349 0.487943
v 0.069686 0.218274 0.383168
v 0.119895 0.285764 0.382852
v 0.119895 0.285764 0.382852
v 0.119895 0.285764 0.382852
v 0.119895 0.286349 0.487943
v 0.119895 0.286349 0.487943
v 0.119895 0.286349 0.487943
v 0.069686 0.218858 0.486687
v -0.054715 0.218204 0.370663
v 0.054656 0.218204 0.370663
v 0.090987 0.313790 0.500236
v 0.090987 0.313790 0.500236
v 0.104833 0.286419 0.500448
v 0.104833 0.286419 0.500448
v -0.091046 0.313790 0.500236
v -0.091046 0.313790 0.500236
v -0.104892 0.286419 0.500448
v -0.104892 0.286419 0.500448
v -0.069745 0.218858 0.486687
v -0.069745 0.218274 0.383168
v 0.032707 0.161672 0.370948
v 0.032707 0.161672 0.370948
v -0.032766 0.161672 0.370948
v -0.032766 0.161672 0.370948
v -0.098137 0.140552 0.400469
v -0.039773 0.198913 0.388797
v -0.160600 0.164165 0.400469
v -0.096720 0.268761 0.388797
v -0.098137 0.140552 0.467246
v -0.039773 0.198913 0.478918
v -0.160600 0.164165 0.467246
v -0.096720 0.268761 0.478918
v -0.149705 0.043203 0.405333
v -0.149705 0.043203 0.405333
v -0.106872 0.060195 0.405333
v -0.106872 0.060195 0.405333
v -0.106872 0.060195 0.462382
v -0.106872 0.060195 0.462382
v -0.149705 0.043203 0.462382
v -0.149705 0.043203 0.462382
v 0.163368 0.163533 0.071306
v 0.141481 0.245218 0.071306
v 0.081684 0.022052 0.071306
v -0.000000 0.000165 0.071306
v -0.081684 0.022052 0.071306
v -0.141481 0.081849 0.071306
v -0.163368 0.163533 0.071306
v -0.141481 0.245218 0.071306
v -0.081684 0.305014 0.071306
v -0.000000 0.326902 0.071306
v 0.081684 0.305015 0.071306
v 0.141481 0.081849 0.071306
v 0.112877 0.098364 0.107234
v 0.065170 0.050656 0.107234
v 0.130339 0.163533 0.107234
v 0.112877 0.228703 0.107234
v 0.065170 0.276411 0.107234
v -0.000000 0.293873 0.107234
v -0.065170 0.276411 0.107234
v -0.112877 0.228703 0.107234
v -0.130340 0.163533 0.107234
v -0.112877 0.098364 0.107234
v -0.065170 0.050656 0.107234
v -0.000000 0.033194 0.107234
v -0.000000 0.189247 0.230554
v -0.000000 0.189247 0.230554
v -0.017369 0.198757 0.243668
v -0.017369 0.198757 0.243668
v -0.000000 0.264553 0.243791
v -0.017369 0.262602 0.254890
v 0.076234 0.222820 0.226974
v 0.088028 0.266169 0.234594
v 0.060169 0.228388 0.248876
v 0.069477 0.262602 0.254890
v 0.044014 0.191086 0.221396
v 0.034739 0.203341 0.244474
v 0.022007 0.185278 0.220375
v 0.017369 0.198757 0.243668
v 0.017369 0.198757 0.243668
v -0.000000 0.182004 0.219800
v 0.017369 0.262602 0.254890
v -0.044014 0.191086 0.221396
v -0.022007 0.185278 0.220375
v -0.034739 0.203341 0.244474
v -0.076234 0.222820 0.226974
v -0.060169 0.228388 0.248876
v -0.088028 0.266169 0.234594
v -0.069477 0.262602 0.254890
v -0.000000 0.339858 0.257028
v -0.000000 0.339858 0.257028
v -0.017369 0.326446 0.266112
v -0.017369 0.326446 0.266112
v 0.076234 0.309519 0.242213
v 0.060169 0.296816 0.260904
v 0.044014 0.341253 0.247791
v 0.034739 0.321862 0.265307
v 0.022007 0.347060 0.248812
v 0.017369 0.326446 0.266112
v 0.017369 0.326446 0.266112
v -0.000000 0.350334 0.249388
v -0.044014 0.341253 0.247791
v -0.022007 0.347060 0.248812
v -0.034739 0.321862 0.265307
v -0.076234 0.309519 0.242213
v -0.060169 0.296816 0.260904
v -0.107550 0.997625 0.146050
v -0.107550 0.997625 0.146050
v -0.107550 0.997625 0.146050
v -0.092441 1.021506 0.155932
v -0.092441 1.021506 0.155932
v -0.252926 0.748023 0.135726
v -0.252926 0.748023 0.135726
v -0.252926 0.748023 0.135726
v -0.252453 0.748242 0.000000
v -0.220936 0.747804 0.265185
v -0.107550 0.997625 0.224519
v -0.107550 0.997625 0.224519
v -0.107550 0.997625 0.224519
v -0.000457 1.034133 0.237760
v -0.104713 0.960524 0.261045
v -0.303069 0.731679 0.153091
v -0.204131 0.996964 0.146050
v -0.204131 1.021583 0.157056
v -0.204131 0.996964 0.224519
v -0.092594 1.021672 0.213963
v -0.092594 1.021672 0.213963
v -0.204131 1.022002 0.213412
v -0.279594 0.739592 0.213744
v -0.279594 0.739592 0.213744
v -0.235662 0.982951 0.146050
v -0.256695 1.003251 0.157056
v -0.256695 1.003547 0.213412
v -0.235662 0.982951 0.224519
v -0.246307 0.951572 0.224519
v -0.246307 0.951572 0.146050
v -0.275420 0.955385 0.213412
v -0.275420 0.955349 0.157056
v -0.279652 0.739579 0.156161
v -0.279652 0.739579 0.156161
v -0.341754 0.447923 0.069041
v -0.339569 0.430827 0.000000
v -0.347725 0.494630 0.116128
v -0.314319 0.563746 0.080199
v -0.319104 0.601181 0.070087
v -0.306029 0.498907 0.042459
v -0.309533 0.526311 0.070087
v -0.355882 0.558433 0.133363
v -0.364038 0.622235 0.116128
v -0.304747 0.488876 0.000000
v -0.370009 0.668942 0.069041
v -0.372195 0.686038 0.000000
v -0.322608 0.628586 0.042459
v -0.323890 0.638616 0.000000
v -0.303069 0.731679 0.128596
v -0.303069 0.731679 0.128596
v -0.252331 0.818072 0.071291
v -0.252047 0.833832 0.000000
v -0.305304 0.800552 0.065390
v -0.305304 0.814851 0.000000
v -0.252565 0.790935 0.113182
v -0.305304 0.772018 0.107507
v 0.206083 1.059348 0.218082
v 0.206083 1.059348 0.218082
v 0.191310 1.059348 0.192494
v 0.191310 1.059348 0.192494
v 0.241233 1.033705 0.227789
v 0.235629 1.059348 0.218082
v 0.235629 1.059348 0.218082
v 0.180101 1.033705 0.192494
v 0.206083 1.059348 0.166907
v 0.206083 1.059348 0.166907
v 0.200478 1.033705 0.157199
v 0.250401 1.059348 0.192494
v 0.250401 1.059348 0.192494
v 0.235629 1.059348 0.166907
v 0.235629 1.059348 0.166907
v 0.261611 1.033705 0.192494
v 0.241233 1.033705 0.157199
v 0.200478 1.033705 0.227789
v -0.122995 0.767303 0.265264
v -0.169873 0.747817 0.265453
v -0.103817 0.814318 0.264315
v -0.105590 0.750765 0.299375
v -0.084884 0.796843 0.300086
v -0.153122 0.731679 0.298827
v -0.182535 0.337968 -0.117695
v -0.182535 0.337968 -0.117695
v -0.000457 0.337968 -0.115330
v -0.182535 0.337968 -0.058844
v -0.237240 0.653213 -0.285646
v -0.237240 0.653213 -0.285646
v -0.148501 0.653213 -0.285646
v -0.247871 0.731679 -0.298212
v -0.247871 0.731679 -0.298212
v -0.085195 1.034133 -0.221167
v -0.085195 1.034133 -0.221167
v -0.080371 0.966150 -0.302231
v -0.080371 0.966150 -0.302231
v -0.226970 0.574968 -0.273508
v -0.226970 0.574968 -0.273508
v -0.283249 0.574968 -0.217040
v -0.283249 0.574968 -0.217040
v -0.233785 0.581798 -0.178863
v -0.187334 0.581798 -0.225471
v -0.183524 0.331897 -0.220250
v -0.183524 0.331897 -0.220250
v -0.111719 0.169994 -0.188121
v -0.111719 0.169994 -0.188121
v -0.142073 0.574968 -0.273508
v -0.303764 0.731679 -0.221613
v -0.303764 0.731679 -0.221613
v -0.293512 0.653163 -0.220127
v -0.293512 0.653163 -0.220127
v -0.242256 0.646337 -0.188875
v -0.195810 0.646379 -0.235489
v -0.117263 0.581798 -0.225471
v -0.122568 0.646379 -0.235489
v -0.283249 0.574968 -0.130642
v -0.233785 0.581798 -0.107554
v -0.283249 0.574968 -0.065318
v -0.233785 0.581798 -0.053773
v -0.242256 0.646337 -0.113609
v -0.293512 0.653163 -0.153174
v -0.249268 0.381341 -0.060618
v -0.085195 1.034133 -0.153178
v -0.249268 0.381341 -0.121243
v -0.249268 0.381341 -0.200607
v -0.249268 0.381341 -0.200607
v -0.253807 0.747804 -0.220759
v -0.253807 0.747804 -0.220759
v -0.253807 0.747804 -0.220759
v -0.253398 0.747804 -0.145560
v -0.253398 0.747804 -0.145560
v -0.253398 0.747804 -0.145560
v -0.000457 0.653213 -0.283282
v -0.000457 0.646379 -0.233124
v -0.000457 0.581798 -0.223106
v -0.000436 0.147722 -0.185891
v -0.000457 0.574968 -0.271143
v -0.114259 0.142951 -0.118736
v -0.114259 0.142951 -0.118736
v -0.085195 1.034133 -0.076589
v -0.293512 0.653163 -0.076583
v -0.000457 0.966150 -0.299867
v -0.242256 0.646337 -0.056801
v -0.000457 0.119327 -0.116371
v 0.182535 0.337968 -0.057662
v 0.182535 0.337968 -0.115330
v 0.182535 0.337968 -0.115330
v 0.237240 0.653213 -0.283282
v 0.237240 0.653213 -0.283282
v 0.148501 0.653213 -0.283282
v 0.264633 0.966150 -0.299867
v 0.165648 0.966150 -0.299867
v 0.272339 1.034133 -0.237760
v 0.170472 1.034133 -0.237760
v 0.226970 0.574968 -0.271143
v 0.226970 0.574968 -0.271143
v 0.283249 0.574968 -0.214675
v 0.283249 0.574968 -0.214675
v 0.233785 0.581798 -0.176499
v 0.187334 0.581798 -0.223106
v 0.183513 0.331897 -0.218021
v 0.183513 0.331897 -0.218021
v 0.111709 0.169994 -0.185891
v 0.111709 0.169994 -0.185891
v 0.142073 0.574968 -0.271143
v 0.320888 0.965965 -0.243370
v 0.293512 0.653163 -0.226806
v 0.293512 0.653163 -0.226806
v 0.242256 0.646337 -0.186511
v 0.195810 0.646379 -0.233124
v 0.117262 0.581798 -0.223106
v 0.122568 0.646379 -0.233124
v 0.283249 0.574968 -0.128278
v 0.233785 0.581798 -0.105189
v 0.283249 0.574968 -0.064135
v 0.233785 0.581798 -0.052591
v 0.242256 0.646337 -0.111244
v 0.293512 0.653163 -0.135614
v 0.249267 0.381341 -0.059436
v 0.272339 1.034133 -0.142019
v 0.320888 0.965965 -0.136430
v 0.249267 0.381341 -0.198242
v 0.249267 0.381341 -0.198242
v 0.249267 0.381341 -0.118879
v 0.114259 0.142951 -0.116371
v 0.114259 0.142951 -0.116371
v -0.107550 0.997625 -0.073025
v 0.293512 0.653163 -0.067804
v 0.320888 0.965965 -0.068215
v 0.272339 1.034133 -0.071009
v 0.242256 0.646337 -0.055619
v 0.143470 0.589329 -0.333769
v 0.124249 0.660366 -0.343756
v 0.107579 0.524856 -0.346226
v 0.062111 0.479830 -0.339896
v 0.076048 0.543435 -0.344835
v 0.043907 0.511606 -0.340360
v -0.000000 0.463349 -0.337579
v -0.000000 0.499956 -0.338722
v -0.062111 0.479830 -0.339896
v -0.043907 0.511606 -0.340360
v -0.107580 0.524856 -0.346226
v -0.076049 0.543435 -0.344835
v -0.124222 0.586362 -0.354873
v -0.087813 0.586914 -0.350947
v -0.107580 0.647868 -0.363520
v -0.076049 0.630393 -0.357060
v -0.062111 0.692894 -0.369850
v -0.043907 0.662222 -0.361535
v -0.000000 0.709374 -0.372167
v -0.000000 0.673872 -0.363173
v 0.062111 0.692894 -0.369850
v 0.043906 0.662222 -0.361535
v -0.143471 0.589329 -0.333769
v -0.124249 0.660365 -0.343756
v 0.107579 0.647868 -0.363520
v 0.076048 0.630393 -0.357060
v 0.124222 0.586362 -0.354873
v 0.087813 0.586914 -0.350947
v -0.124249 0.518292 -0.323782
v -0.071735 0.466290 -0.316471
v 0.124249 0.518292 -0.323782
v 0.071735 0.466290 -0.316471
v -0.000000 0.447256 -0.313795
v 0.071735 0.712368 -0.351067
v -0.000000 0.731402 -0.353742
v -0.071735 0.712368 -0.351066
v -0.019225 0.384302 -0.464097
v -0.000000 0.384496 -0.469244
v 0.033298 0.382323 -0.411612
v 0.019224 0.381793 -0.397548
v 0.038449 0.383047 -0.430823
v 0.033298 0.383772 -0.450033
v -0.019225 0.381793 -0.397548
v -0.033298 0.382323 -0.411612
v -0.033298 0.383772 -0.450033
v 0.019224 0.384302 -0.464097
v -0.000000 0.381599 -0.392401
v -0.038449 0.383047 -0.430823
v -0.028852 0.385760 -0.482301
v -0.000000 0.385838 -0.490031
v 0.051926 0.391897 -0.431951
v 0.044969 0.392163 -0.457913
v -0.028854 0.384758 -0.382356
v -0.049975 0.384970 -0.403478
v -0.049973 0.385548 -0.461181
v 0.028852 0.385760 -0.482301
v 0.049973 0.385548 -0.461181
v -0.000000 0.384680 -0.374625
v -0.057705 0.385259 -0.432330
v 0.028854 0.384758 -0.382356
v 0.057705 0.385259 -0.432330
v 0.049975 0.384970 -0.403478
v -0.025963 0.391437 -0.386984
v -0.044969 0.391632 -0.405989
v -0.044969 0.392163 -0.457913
v -0.025963 0.392357 -0.476918
v 0.025963 0.392357 -0.476918
v -0.000000 0.391366 -0.380028
v -0.051926 0.391897 -0.431951
v -0.000000 0.392428 -0.483875
v 0.025963 0.391437 -0.386984
v 0.044969 0.391632 -0.405989
v -0.099408 0.326936 -0.487627
v -0.099408 0.326936 -0.487627
v -0.099408 0.326936 -0.487627
v 0.099349 0.326936 -0.487627
v 0.099349 0.326936 -0.487627
v 0.099349 0.326936 -0.487627
v 0.099349 0.326351 -0.382537
v 0.099349 0.326351 -0.382537
v 0.099349 0.326351 -0.382537
v -0.099408 0.326351 -0.382537
v -0.099408 0.326351 -0.382537
v -0.099408 0.326351 -0.382537
v 0.054657 0.218929 -0.499193
v 0.032707 0.162397 -0.499478
v 0.032707 0.162397 -0.499478
v -0.054716 0.218929 -0.499193
v -0.032766 0.162397 -0.499478
v -0.032766 0.162397 -0.499478
v -0.042624 0.148527 -0.383520
v -0.042624 0.148527 -0.383520
v -0.042624 0.148527 -0.383520
v 0.042565 0.148527 -0.383520
v 0.042565 0.148527 -0.383520
v 0.042565 0.148527 -0.383520
v 0.042565 0.149110 -0.487039
v 0.042565 0.149110 -0.487039
v 0.042565 0.149110 -0.487039
v -0.042624 0.149110 -0.487039
v -0.042624 0.149110 -0.487039
v -0.042624 0.149110 -0.487039
v -0.091046 0.313066 -0.370134
v -0.091046 0.313066 -0.370134
v -0.104892 0.285694 -0.370347
v -0.104892 0.285694 -0.370347
v 0.090987 0.313066 -0.370134
v 0.090987 0.313066 -0.370134
v 0.104833 0.285694 -0.370347
v 0.104833 0.285694 -0.370347
v -0.119954 0.285764 -0.382852
v -0.119954 0.285764 -0.382852
v -0.119954 0.285764 -0.382852
v -0.119954 0.286349 -0.487943
v -0.119954 0.286349 -0.487943
v -0.119954 0.286349 -0.487943
v 0.069686 0.218274 -0.383168
v 0.119895 0.285764 -0.382852
v 0.119895 0.285764 -0.382852
v 0.119895 0.285764 -0.382852
v 0.119895 0.286349 -0.487943
v 0.119895 0.286349 -0.487943
v 0.119895 0.286349 -0.487943
v 0.069686 0.218858 -0.486687
v -0.054715 0.218204 -0.370663
v 0.054656 0.218204 -0.370663
v 0.090987 0.313790 -0.500236
v 0.090987 0.313790 -0.500236
v 0.104833 0.286419 -0.500448
v 0.104833 0.286419 -0.500448
v -0.091046 0.313790 -0.500236
v -0.091046 0.313790 -0.500236
v -0.104892 0.286419 -0.500448
v -0.104892 0.286419 -0.500448
v -0.069745 0.218858 -0.486687
v -0.069745 0.218274 -0.383168
v 0.032707 0.161672 -0.370948
v 0.032707 0.161672 -0.370948
v -0.032766 0.161672 -0.370948
v -0.032766 0.161672 -0.370948
v -0.098137 0.140552 -0.400469
v -0.039773 0.198913 -0.388797
v -0.160600 0.164165 -0.400469
v -0.096720 0.268761 -0.388797
v -0.098137 0.140552 -0.467246
v -0.039773 0.198913 -0.478918
v -0.160600 0.164165 -0.467246
v -0.096720 0.268761 -0.478918
v -0.149705 0.043203 -0.405333
v -0.149705 0.043203 -0.405333
v -0.106872 0.060195 -0.405333
v -0.106872 0.060195 -0.405333
v -0.106872 0.060195 -0.462382
v -0.106872 0.060195 -0.462382
v -0.149705 0.043203 -0.462382
v -0.149705 0.043203 -0.462382
v 0.163368 0.163533 -0.071306
v 0.141481 0.245218 -0.071306
v 0.081684 0.022052 -0.071306
v -0.000000 0.000165 -0.071306
v -0.081684 0.022052 -0.071306
v -0.141481 0.081849 -0.071306
v -0.163368 0.163533 -0.071306
v -0.141481 0.245218 -0.071306
v -0.081684 0.305014 -0.071306
v -0.000000 0.326902 -0.071306
v 0.081684 0.305015 -0.071306
v 0.141481 0.081849 -0.071306
v 0.112877 0.098364 -0.107234
v 0.065170 0.050656 -0.107234
v 0.130339 0.163533 -0.107234
v 0.112877 0.228703 -0.107234
v 0.065170 0.276411 -0.107234
v -0.000000 0.293873 -0.107234
v -0.065170 0.276411 -0.107234
v -0.112877 0.228703 -0.107234
v -0.130340 0.163533 -0.107234
v -0.112877 0.098364 -0.107234
v -0.065170 0.050656 -0.107234
v -0.000000 0.033194 -0.107234
v -0.000000 0.189247 -0.230554
v -0.000000 0.189247 -0.230554
v -0.017369 0.198757 -0.243668
v -0.017369 0.198757 -0.243668
v -0.000000 0.264553 -0.243791
v -0.017369 0.262602 -0.254890
v 0.076234 0.222820 -0.226974
v 0.088028 0.266169 -0.234594
v 0.060169 0.228388 -0.248876
v 0.069477 0.262602 -0.254890
v 0.044014 0.191086 -0.221396
v 0.034739 0.203341 -0.244474
v 0.022007 0.185278 -0.220375
v 0.017369 0.198757 -0.243668
v 0.017369 0.198757 -0.243668
v -0.000000 0.182004 -0.219800
v 0.017369 0.262602 -0.254890
v -0.044014 0.191086 -0.221396
v -0.022007 0.185278 -0.220375
v -0.034739 0.203341 -0.244474
v -0.076234 0.222820 -0.226974
v -0.060169 0.228388 -0.248876
v -0.088028 0.266169 -0.234594
v -0.069477 0.262602 -0.254890
v -0.000000 0.339858 -0.257028
v -0.000000 0.339858 -0.257028
v -0.017369 0.326446 -0.266112
v -0.017369 0.326446 -0.266112
v 0.076234 0.309519 -0.242213
v 0.060169 0.296816 -0.260904
v 0.044014 0.341253 -0.247791
v 0.034739 0.321862 -0.265307
v 0.022007 0.347060 -0.248812
v 0.017369 0.326446 -0.266112
v 0.017369 0.326446 -0.266112
v -0.000000 0.350334 -0.249388
v -0.044014 0.341253 -0.247791
v -0.022007 0.347060 -0.248812
v -0.034739 0.321862 -0.265307
v -0.076234 0.309519 -0.242213
v -0.060169 0.296816 -0.260904
v -0.107550 0.997625 -0.146050
v -0.107550 0.997625 -0.146050
v -0.107550 0.997625 -0.146050
v -0.092441 1.021506 -0.155932
v -0.092441 1.021506 -0.155932
v -0.252926 0.748023 -0.135726
v -0.252926 0.748023 -0.135726
v -0.252926 0.748023 -0.135726
v -0.220936 0.747804 -0.265185
v -0.107550 0.997625 -0.224519
v -0.107550 0.997625 -0.224519
v -0.107550 0.997625 -0.224519
v -0.000457 1.034133 -0.237760
v -0.104713 0.960524 -0.261045
v -0.303069 0.731679 -0.153091
v -0.204131 0.996964 -0.146050
v -0.204131 1.021583 -0.157056
v -0.204131 0.996964 -0.224519
v -0.092594 1.021672 -0.213963
v -0.092594 1.021672 -0.213963
v -0.204131 1.022002 -0.213412
v -0.279594 0.739592 -0.213744
v -0.279594 0.739592 -0.213744
v -0.235662 0.982951 -0.146050
v -0.256695 1.003251 -0.157056
v -0.256695 1.003547 -0.213412
v -0.235662 0.982951 -0.224519
v -0.246307 0.951572 -0.224519
v -0.246307 0.951572 -0.146050
v -0.275420 0.955385 -0.213412
v -0.275420 0.955349 -0.157056
v -0.279652 0.739579 -0.156161
v -0.279652 0.739579 -0.156161
v -0.341754 0.447923 -0.069041
v -0.347725 0.494630 -0.116128
v -0.314319 0.563746 -0.080199
v -0.319104 0.601181 -0.070086
v -0.306029 0.498907 -0.042459
v -0.309533 0.526311 -0.070087
v -0.355882 0.558433 -0.133363
v -0.364038 0.622235 -0.116128
v -0.370009 0.668942 -0.069041
v -0.322608 0.628586 -0.042459
v -0.303069 0.731679 -0.128596
v -0.303069 0.731679 -0.128596
v -0.252331 0.818072 -0.071291
v -0.305304 0.800552 -0.065390
v -0.252565 0.790935 -0.113182
v -0.305304 0.772018 -0.107507
v 0.206083 1.059348 -0.218082
v 0.206083 1.059348 -0.218082
v 0.191310 1.059348 -0.192494
v 0.191310 1.059348 -0.192494
v 0.241233 1.033705 -0.227789
v 0.235629 1.059348 -0.218082
v 0.235629 1.059348 -0.218082
v 0.180101 1.033705 -0.192494
v 0.206083 1.059348 -0.166907
v 0.206083 1.059348 -0.166907
v 0.200478 1.033705 -0.157199
v 0.250401 1.059348 -0.192494
v 0.250401 1.059348 -0.192494
v 0.235629 1.059348 -0.166907
v 0.235629 1.059348 -0.166907
v 0.261611 1.033705 -0.192494
v 0.241233 1.033705 -0.157199
v 0.200478 1.033705 -0.227789
v -0.122995 0.767303 -0.265264
v -0.169873 0.747817 -0.265453
v -0.103817 0.814318 -0.264315
v -0.105590 0.750765 -0.299375
v -0.084884 0.796843 -0.300086
v -0.153122 0.731679 -0.298827
v 0.100695 0.140552 0.400469
v 0.042331 0.198913 0.388797
v 0.163159 0.164165 0.400469
v 0.099278 0.268761 0.388797
v 0.100695 0.140552 0.467246
v 0.042331 0.198913 0.478918
v 0.163159 0.164165 0.467246
v 0.099278 0.268761 0.478918
v 0.152263 0.043203 0.405333
v 0.152263 0.043203 0.405333
v 0.109430 0.060195 0.405333
v 0.109430 0.060195 0.405333
v 0.109430 0.060195 0.462382
v 0.109430 0.060195 0.462382
v 0.152263 0.043203 0.462382
v 0.152263 0.043203 0.462382
v 0.100695 0.140552 -0.400469
v 0.042331 0.198913 -0.388797
v 0.163159 0.164165 -0.400469
v 0.099278 0.268761 -0.388797
v 0.100695 0.140552 -0.467246
v 0.042331 0.198913 -0.478918
v 0.163159 0.164165 -0.467246
v 0.099278 0.268761 -0.478918
v 0.152263 0.043203 -0.405333
v 0.152263 0.043203 -0.405333
v 0.109430 0.060195 -0.405333
v 0.109430 0.060195 -0.405333
v 0.109430 0.060195 -0.462382
v 0.109430 0.060195 -0.462382
v 0.152263 0.043203 -0.462382
v 0.152263 0.043203 -0.462382
vn -0.0020 -1.0000 -0.0020
vn 0.0025 -0.9985 0.0544
vn -0.0010 -1.0000 0.0010
vn 0.0421 0.9952 0.0883
vn -0.0373 0.9916 0.1238
vn -0.0050 0.9976 0.0697
vn 0.0065 -0.2109 0.9775
vn 0.0608 -0.0632 0.9961
vn -0.0116 -0.0433 0.9990
vn 0.0354 -0.9979 0.0543
vn -0.1566 -0.9782 0.1365
vn -0.1266 -0.9907 0.0494
vn -0.9028 -0.2860 0.3211
vn -0.2818 -0.0937 0.9549
vn -0.2693 -0.2209 0.9374
vn 0.0112 -0.1548 0.9879
vn 0.0108 -0.1493 0.9887
vn -0.1368 0.9906 -0.0000
vn 0.0006 -0.9910 0.1335
vn -0.0007 -0.9905 0.1378
vn -0.9586 -0.1720 0.2270
vn -0.9915 -0.1301 -0.0000
vn -0.1320 -0.9913 -0.0000
vn -0.0172 -0.9967 0.0794
vn -0.7029 -0.7094 -0.0521
vn -0.5450 -0.8385 -0.0000
vn -0.9925 -0.1202 -0.0213
vn -0.9849 -0.1729 -0.0000
vn -0.7168 -0.2087 0.6653
vn -0.4469 -0.2546 0.8576
vn -0.5629 -0.1369 0.8151
vn -0.0000 1.0000 -0.0000
vn 0.0006 1.0000 -0.0013
vn -0.0004 1.0000 -0.0014
vn 0.0026 -0.9910 0.1338
vn 0.0014 -0.9904 0.1382
vn -0.0004 0.9902 0.1397
vn -0.1430 0.9792 0.1437
vn 0.0098 -0.1563 0.9877
vn 0.0136 -0.1533 0.9881
vn 0.0073 -0.2051 0.9787
vn -0.0311 -0.1873 0.9818
vn -0.0482 0.7166 0.6958
vn -0.0342 0.7016 0.7117
vn -0.1244 0.7561 0.6425
vn -0.0082 0.3900 -0.9208
vn -0.0717 0.3973 -0.9149
vn -0.0090 0.3872 -0.9219
vn -0.5470 -0.8333 -0.0801
vn -0.9408 -0.3364 -0.0419
vn -0.9147 -0.2638 0.3063
vn -0.0058 -0.0086 -0.9999
vn -0.0701 0.1424 -0.9873
vn 0.0060 -0.0609 -0.9981
vn -0.0208 -0.9334 0.3583
vn 0.0466 -0.9250 0.3770
vn -0.0311 -0.9496 0.3118
vn 0.0026 0.9902 0.1397
vn 0.0010 0.9895 0.1449
vn -0.0000 -1.0000 -0.0000
vn -0.0647 0.0145 0.9978
vn -0.0000 -0.0529 0.9986
vn 0.4826 0.4158 0.7709
vn 0.8094 0.3686 0.4571
vn 0.5120 0.6942 0.5059
vn -0.0000 0.6745 0.7383
vn 0.1394 0.9794 0.1459
vn 0.0687 0.9976 0.0120
vn 0.0925 0.9944 -0.0506
vn -0.1347 -0.2619 0.9557
vn 0.0024 -0.2095 0.9778
vn 0.0119 -0.0432 0.9990
vn 0.6624 -0.0288 0.7486
vn 0.0128 -0.9999 0.0085
vn 0.0480 -0.9905 0.1292
vn 0.0058 -0.9999 0.0151
vn 0.9381 -0.2108 0.2747
vn 0.2374 -0.1815 0.9543
vn 0.9594 -0.0799 0.2706
vn -0.0000 -0.1533 0.9882
vn 0.1368 0.9906 -0.0000
vn -0.0000 -0.9908 0.1350
vn 0.1339 -0.9790 0.1537
vn 0.9915 -0.1301 -0.0000
vn 0.1320 -0.9913 -0.0000
vn 0.5450 -0.8385 -0.0000
vn 0.7321 -0.6808 -0.0242
vn 0.5763 -0.8163 -0.0397
vn 0.8145 0.5801 -0.0000
vn -0.0060 0.9994 -0.0348
vn 0.9975 -0.0218 -0.0676
vn 0.9962 -0.0872 -0.0000
vn 0.9935 -0.1136 -0.0075
vn 0.9833 -0.1726 -0.0571
vn 0.9849 -0.1729 -0.0000
vn 0.9639 -0.2661 -0.0131
vn 0.5115 -0.1973 0.8363
vn 0.6640 -0.2831 0.6921
vn 0.5149 -0.1042 0.8509
vn 0.1248 0.9912 0.0450
vn -0.0000 0.9900 0.1408
vn 0.0148 -0.0529 0.9985
vn 0.0231 -0.0669 0.9975
vn 0.5256 -0.8505 -0.0175
vn 0.9455 -0.3229 -0.0418
vn 0.8244 -0.5387 -0.1735
vn -0.1529 0.0482 -0.9871
vn -0.0402 0.0284 -0.9988
vn 0.1126 -0.8578 0.5014
vn 0.0387 -0.9120 0.4083
vn 0.8662 0.4948 0.0696
vn 0.9998 0.0029 -0.0207
vn 1.0000 -0.0000 -0.0000
vn -0.0777 -0.0266 0.9966
vn -0.0257 -0.0950 0.9951
vn -0.0400 0.0133 0.9991
vn -0.0000 -0.0882 0.9961
vn 0.0415 0.0129 0.9991
vn 0.1119 -0.0278 0.9933
vn 0.0257 -0.0950 0.9951
vn 0.1523 -0.0978 0.9835
vn 0.0444 -0.1136 0.9925
vn 0.1519 -0.1786 0.9721
vn 0.0512 -0.1390 0.9890
vn 0.0444 -0.1644 0.9854
vn 0.1108 -0.2483 0.9623
vn 0.0257 -0.1831 0.9828
vn 0.0400 -0.2883 0.9567
vn -0.0415 -0.2879 0.9568
vn -0.0000 -0.1898 0.9818
vn -0.0257 -0.1830 0.9828
vn -0.1119 -0.2472 0.9625
vn -0.9998 -0.0133 -0.0161
vn -0.8662 0.4948 0.0696
vn -1.0000 -0.0000 -0.0000
vn -0.0444 -0.1644 0.9854
vn -0.1523 -0.1771 0.9723
vn -0.0513 -0.1391 0.9890
vn -0.1519 -0.0964 0.9837
vn 0.8322 0.4373 0.3410
vn 0.6761 -0.1023 0.7297
vn 0.9608 -0.0386 0.2746
vn -0.8662 -0.4949 -0.0696
vn -0.4998 -0.8577 -0.1206
vn -0.8580 -0.5064 -0.0855
vn 0.8736 -0.4797 -0.0818
vn 0.4999 -0.8577 -0.1206
vn 0.8662 -0.4949 -0.0696
vn 0.0156 -0.9881 -0.1533
vn -0.0000 -0.9903 -0.1392
vn 0.4997 0.8578 0.1200
vn 0.8580 0.5104 0.0574
vn -0.0156 0.9920 0.1251
vn -0.0000 0.9903 0.1392
vn -0.4997 0.8578 0.1206
vn -0.8658 0.4980 0.0487
vn -0.0320 -0.7793 0.6258
vn 0.0647 -0.2492 0.9663
vn -0.0000 -0.2666 0.9638
vn -0.0000 0.9131 0.4078
vn -0.3374 0.4759 0.8122
vn -0.0000 0.5628 0.8266
vn -0.4804 -0.8626 0.1584
vn -0.3386 -0.6829 0.6473
vn 0.8321 -0.5143 0.2074
vn 0.5858 -0.4372 0.6824
vn 0.3373 0.4760 0.8122
vn 0.4804 0.7854 0.3904
vn -0.8322 -0.5143 0.2072
vn -0.5852 -0.4369 0.6831
vn -0.8468 0.3985 0.3523
vn -0.6761 -0.1027 0.7297
vn -0.5836 0.2311 0.7785
vn 0.4805 -0.8626 0.1582
vn 0.3791 -0.7414 0.5538
vn 0.6558 0.2124 0.7244
vn -0.9608 -0.0386 0.2746
vn -0.4804 0.7854 0.3904
vn -0.0000 -0.9900 0.1408
vn 0.1099 -0.0754 0.9911
vn 0.1278 -0.1382 0.9821
vn -0.0000 -0.0135 0.9999
vn -0.0647 -0.2492 0.9663
vn 0.1115 -0.2019 0.9730
vn 0.0631 -0.0300 0.9976
vn -0.1115 -0.2019 0.9730
vn -0.1099 -0.0754 0.9911
vn -0.1541 -0.1178 0.9810
vn -0.0588 0.0026 0.9983
vn 0.7281 -0.0954 0.6788
vn 0.6012 -0.5138 0.6120
vn 0.6269 -0.4690 0.6221
vn 0.3641 -0.7199 0.5910
vn 0.3336 -0.7726 0.5402
vn -0.0569 -0.8465 0.5294
vn -0.0138 -0.8195 0.5729
vn -0.3779 -0.7155 0.5876
vn -0.4306 -0.7171 0.5480
vn -0.6905 -0.4192 0.5895
vn -0.6406 -0.4454 0.6255
vn -0.7317 -0.0812 0.6767
vn -0.7644 -0.0334 0.6438
vn -0.6306 0.2651 0.7294
vn -0.6337 0.3376 0.6960
vn -0.3538 0.5395 0.7640
vn -0.3336 0.5937 0.7323
vn 0.0566 0.6676 0.7424
vn 0.0138 0.6297 0.7767
vn 0.4312 0.5382 0.7242
vn 0.3779 0.5258 0.7621
vn 0.6905 0.2404 0.6822
vn 0.6406 0.2557 0.7240
vn 0.7642 -0.1449 0.6284
vn -0.0442 -0.0570 0.9974
vn -0.0000 -0.1392 0.9903
vn -0.0006 -0.8200 -0.5724
vn 0.4780 -0.6015 -0.6401
vn -0.0000 -0.6759 -0.7370
vn 0.4756 -0.7316 -0.4884
vn 0.8521 -0.3787 -0.3613
vn -0.8461 0.3926 0.3604
vn -0.4776 0.5438 0.6900
vn -0.4707 0.6829 0.5586
vn -0.8501 -0.4562 -0.2633
vn -0.9984 -0.0421 0.0370
vn -0.9985 -0.0309 0.0453
vn 0.9991 -0.0114 0.0400
vn 0.8520 0.3033 0.4268
vn 0.9984 -0.0421 0.0370
vn 0.8501 -0.4562 -0.2633
vn 0.8461 0.3926 0.3604
vn 0.4776 0.5438 0.6900
vn -0.4780 -0.6015 -0.6401
vn -0.4739 -0.7287 -0.4945
vn 0.4695 0.6817 0.5612
vn -0.0000 0.6269 0.7791
vn -0.0014 0.7804 0.6252
vn -0.8587 -0.3824 -0.3412
vn -0.8398 0.3013 0.4516
vn -0.0000 0.1157 0.9933
vn -0.5776 0.1836 0.7954
vn -0.0000 0.2299 0.9732
vn 0.4957 -0.0973 -0.8630
vn 0.9188 0.1065 -0.3801
vn 0.5048 0.1415 -0.8516
vn 1.0000 -0.0069 0.0058
vn 0.7890 0.1551 0.5945
vn 0.9853 0.1688 0.0260
vn -0.4939 -0.1020 -0.8635
vn -0.8665 0.1509 -0.4759
vn -0.8618 -0.0691 -0.5026
vn -0.4936 0.0984 0.8641
vn -0.9016 0.1585 0.4024
vn 0.8620 -0.0715 -0.5019
vn 0.4936 0.0984 0.8641
vn 0.8578 0.0411 0.5124
vn -0.0000 -0.1107 -0.9939
vn -0.3851 0.0989 -0.9176
vn -0.9998 -0.0182 0.0023
vn -0.8584 0.0556 0.5100
vn 0.3919 0.1818 0.9019
vn 0.1310 0.0956 -0.9868
vn -0.9851 0.1313 -0.1109
vn 0.0130 -0.2387 0.9710
vn -0.4851 -0.2313 0.8433
vn -0.0000 -0.2260 0.9741
vn -0.3020 0.8983 -0.3190
vn -0.5607 0.8222 -0.0984
vn -0.4121 0.9102 -0.0422
vn -0.9991 -0.0126 0.0409
vn -0.8541 0.4669 0.2292
vn -0.8321 -0.2953 -0.4695
vn -0.4788 -0.2985 -0.8256
vn -0.8317 -0.2845 -0.4767
vn -0.4854 -0.2492 0.8381
vn -0.8381 -0.2457 0.4870
vn 0.4854 -0.2492 0.8381
vn 0.8381 -0.2457 0.4870
vn 0.8437 -0.2580 0.4707
vn -0.4742 -0.3127 -0.8230
vn -0.0000 -0.3036 -0.9528
vn -0.8366 -0.2629 0.4806
vn -0.9642 -0.2652 0.0033
vn 0.4851 -0.2313 0.8433
vn 0.4742 -0.3127 -0.8230
vn -0.0000 -0.3176 -0.9482
vn 0.9596 -0.2814 -0.0022
vn 0.8317 -0.2845 -0.4767
vn 0.8211 -0.2954 -0.4884
vn -0.9596 -0.2814 -0.0022
vn 0.4017 0.8959 0.1897
vn 0.2816 0.7571 0.5895
vn 0.5650 0.7972 0.2127
vn 0.2749 0.9171 -0.2886
vn 0.5017 0.8309 -0.2406
vn 0.1774 0.8612 -0.4763
vn 0.4788 -0.2985 -0.8256
vn -0.0993 0.9122 -0.3976
vn -0.4464 0.8278 -0.3399
vn 0.1559 0.8614 0.4833
vn -0.0608 0.7470 0.6621
vn 0.3987 0.9081 -0.1279
vn 0.5886 0.8074 0.0410
vn -0.0000 0.9383 -0.3457
vn -0.2119 0.8438 -0.4930
vn -0.2505 0.8857 0.3909
vn -0.1206 0.8535 0.5070
vn 0.4400 0.8935 0.0899
vn 0.0551 0.8497 -0.5244
vn -0.4874 0.8641 0.1254
vn -0.3871 0.7546 0.5299
vn -0.5799 0.7762 0.2476
vn 0.6366 0.6291 0.4461
vn 0.7433 0.6689 -0.0026
vn 0.7470 0.6595 0.0844
vn 0.3208 0.6406 0.6977
vn 0.6309 0.6795 0.3746
vn -0.0773 0.6448 0.7604
vn 0.3619 0.6925 0.6240
vn -0.3619 0.6925 0.6240
vn -0.0122 0.6926 0.7212
vn -0.2883 0.6857 0.6684
vn -0.6340 0.6827 0.3633
vn -0.7128 0.6308 0.3066
vn -0.7433 0.6689 -0.0026
vn -0.7821 0.6158 -0.0952
vn -0.6505 0.6516 -0.3902
vn -0.7006 0.6462 -0.3026
vn -0.3816 0.6438 -0.6632
vn -0.3221 0.5887 -0.7414
vn -0.0000 0.6398 -0.7685
vn 0.4705 0.5872 -0.6587
vn 0.0844 0.5843 -0.8071
vn 0.7273 0.5981 -0.3366
vn 0.3816 0.6438 -0.6632
vn 0.6609 0.6517 -0.3722
vn 0.9642 -0.2652 0.0034
vn -0.4836 -0.8259 -0.2899
vn -0.8563 -0.4896 -0.1646
vn -0.4796 0.7938 0.3740
vn -0.0000 0.9079 0.4192
vn 0.4762 0.8022 0.3601
vn -0.0004 -0.9398 -0.3417
vn 0.8453 0.4887 0.2159
vn 0.8659 -0.4673 -0.1783
vn 0.9991 -0.0126 0.0409
vn 0.4886 -0.8171 -0.3061
vn -0.8552 -0.2607 -0.4480
vn -0.9999 -0.0109 0.0022
vn -0.9996 -0.0256 0.0134
vn 0.0003 -0.4573 -0.8893
vn 0.4859 -0.2019 -0.8504
vn -0.0000 -0.2259 -0.9742
vn 0.4740 0.3799 0.7943
vn -0.0000 0.2459 0.9693
vn 0.4855 0.2116 0.8483
vn -0.8574 0.1164 0.5012
vn -0.8537 0.2073 0.4777
vn -0.4859 -0.2019 -0.8504
vn -0.4812 -0.4060 -0.7770
vn 0.8471 0.2288 0.4796
vn 0.8574 0.1164 0.5012
vn 0.8619 -0.2325 -0.4506
vn 0.9999 -0.0110 0.0022
vn 0.8571 -0.1279 -0.4990
vn -0.4854 0.2116 0.8483
vn -0.4795 0.3698 0.7958
vn -0.8630 -0.1366 -0.4864
vn 0.9993 -0.0332 0.0193
vn 0.4820 -0.4105 -0.7741
vn -0.0000 0.4262 0.9046
vn 0.4963 -0.8509 -0.1723
vn -0.0000 -0.9808 -0.1949
vn -0.8629 0.4843 0.1445
vn -0.4957 0.8344 0.2410
vn -0.8651 -0.4918 -0.0987
vn -0.9998 -0.0020 0.0176
vn 0.9998 -0.0020 0.0176
vn 0.8651 -0.4918 -0.0987
vn 0.8629 0.4843 0.1445
vn -0.4964 -0.8509 -0.1722
vn 0.4957 0.8344 0.2410
vn -0.0000 0.9610 0.2766
vn -0.0404 0.9981 -0.0464
vn 0.0403 0.9986 0.0351
vn 0.0185 0.9980 -0.0599
vn -0.0010 0.0202 0.9998
vn 0.0016 0.0123 0.9999
vn -0.0172 0.0150 0.9997
vn -0.0201 -0.9982 -0.0572
vn 0.0201 -0.9975 0.0684
vn -0.0458 -0.9975 0.0530
vn 0.0708 0.0646 -0.9954
vn -0.0029 -0.0096 -0.9999
vn -0.0645 -0.0830 -0.9945
vn -0.9153 0.4022 -0.0207
vn -0.8724 0.4875 0.0350
vn -0.8820 0.4684 -0.0518
vn 0.7786 -0.6260 0.0443
vn 0.8695 -0.4940 -0.0041
vn 0.8810 -0.4732 0.0062
vn -0.0181 0.0222 -0.9996
vn 0.0317 -0.0122 -0.9994
vn -0.0010 0.0046 1.0000
vn 0.0638 -0.0807 0.9947
vn -0.0707 0.0659 0.9953
vn 0.9528 -0.3032 -0.0183
vn 0.9472 -0.3172 0.0476
vn -0.8730 -0.4876 0.0148
vn -0.9472 -0.3177 -0.0440
vn -0.8695 -0.4940 -0.0041
vn 0.8724 0.4875 0.0350
vn 0.9092 0.4141 -0.0426
vn 0.8680 0.4962 -0.0182
vn -0.7786 -0.6260 0.0443
vn -0.5655 0.3303 -0.7557
vn -0.6109 0.3022 -0.7318
vn -0.6730 0.3289 -0.6625
vn -0.0556 0.6714 -0.7390
vn 0.0024 0.6841 -0.7294
vn 0.0483 0.6588 -0.7507
vn 0.5893 -0.3720 -0.7172
vn 0.6496 -0.4356 -0.6232
vn 0.5321 -0.4592 -0.7113
vn 0.5315 -0.5250 0.6648
vn 0.5965 -0.3512 0.7217
vn 0.5349 -0.4756 0.6984
vn -0.0485 0.6688 0.7418
vn 0.0004 0.6945 0.7195
vn -0.0024 0.6938 0.7202
vn -0.5965 -0.3512 0.7217
vn -0.6446 -0.4422 0.6236
vn -0.5286 -0.4509 0.7192
vn -0.5919 -0.3539 -0.7242
vn -0.5349 -0.5197 -0.6661
vn -0.6322 -0.3084 -0.7108
vn 0.5655 0.3303 -0.7557
vn 0.6107 0.3002 -0.7327
vn 0.5934 0.2554 -0.7633
vn 0.6102 0.3133 0.7277
vn 0.5647 0.3242 0.7590
vn 0.6077 0.2597 0.7505
vn -0.5737 0.3529 0.7391
vn -0.6101 0.3113 0.7286
vn -0.5928 0.2668 0.7599
vn 0.0644 -0.6797 -0.7307
vn -0.0049 -0.6952 -0.7188
vn -0.0570 -0.6658 -0.7440
vn 0.0570 -0.6578 0.7510
vn -0.0073 -0.6843 0.7292
vn 0.0001 -0.6888 0.7249
vn -0.6262 -0.2401 -0.7417
vn -0.6261 -0.2326 0.7442
vn -0.6149 -0.1761 0.7687
vn 0.6255 -0.2416 0.7419
vn 0.6179 -0.3341 0.7118
vn 0.6272 -0.2445 -0.7395
vn 0.6151 -0.1839 -0.7667
vn -0.0031 0.0018 -1.0000
vn 0.0066 -0.0016 -1.0000
vn -0.1095 -0.0453 -0.9930
vn -0.0120 -0.1053 -0.9944
vn -0.1377 -0.1375 -0.9809
vn -0.0120 -0.1053 0.9944
vn -0.0961 -0.1234 0.9877
vn -0.1377 -0.1375 0.9809
vn 0.0584 -0.0328 -0.9978
vn -0.0362 0.0304 -0.9989
vn 0.0242 0.0307 -0.9992
vn 0.7164 -0.6955 -0.0552
vn 0.8941 -0.4435 0.0624
vn 0.7164 -0.6955 0.0552
vn -0.8819 0.4703 0.0334
vn -0.9835 0.1657 0.0731
vn -0.9403 0.3403 0.0038
vn 0.4120 -0.9097 -0.0514
vn 0.2963 -0.9543 0.0385
vn 0.2963 -0.9543 -0.0385
vn 0.9157 -0.4010 -0.0273
vn 0.9948 -0.0681 0.0758
vn -0.9982 -0.0374 -0.0464
vn -0.0102 -0.1621 0.9867
vn -0.0362 0.0304 0.9989
vn 0.8578 0.5137 -0.0146
vn 0.8660 0.5000 -0.0000
vn 0.5137 -0.8578 -0.0146
vn 0.5000 -0.8660 -0.0000
vn -0.0000 -0.9998 -0.0216
vn -0.5000 -0.8660 -0.0000
vn -0.4999 -0.8658 -0.0216
vn -0.8660 -0.5000 -0.0000
vn -0.8658 -0.4999 -0.0216
vn -0.9998 -0.0000 -0.0216
vn -0.8660 0.5000 -0.0000
vn -0.8658 0.4999 -0.0216
vn -0.5000 0.8660 -0.0000
vn -0.4999 0.8658 -0.0216
vn -0.0000 0.9998 -0.0216
vn 0.5000 0.8660 -0.0000
vn 0.4999 0.8658 -0.0216
vn 0.8660 -0.5000 -0.0000
vn 0.0025 -0.0736 0.9973
vn 0.0625 0.0389 0.9973
vn -0.0649 0.0347 0.9973
vn 0.8738 -0.4861 -0.0146
vn 0.6213 -0.3750 0.6881
vn 0.7739 0.0546 0.6310
vn 0.6973 -0.3398 0.6312
vn 0.3505 -0.6354 0.6881
vn 0.4334 -0.6429 0.6315
vn 0.0546 -0.7739 0.6310
vn -0.0000 -0.7219 0.6920
vn -0.3609 -0.6251 0.6921
vn -0.3398 -0.6973 0.6312
vn -0.6251 -0.3609 0.6921
vn -0.6429 -0.4334 0.6315
vn -0.7737 -0.0544 0.6312
vn -0.7218 -0.0000 0.6921
vn -0.6973 0.3398 0.6312
vn -0.6251 0.3609 0.6921
vn -0.4342 0.6429 0.6310
vn -0.3609 0.6251 0.6920
vn -0.0000 0.7218 0.6921
vn -0.0544 0.7737 0.6312
vn 0.3609 0.6251 0.6921
vn 0.3400 0.6968 0.6315
vn 0.6429 0.4339 0.6312
vn 0.6354 0.3505 0.6881
vn 0.7219 -0.0000 0.6920
vn 0.5443 -0.1452 0.8262
vn 0.5772 -0.0793 0.8127
vn 0.5386 -0.0023 0.8425
vn 0.7402 -0.1360 0.6585
vn 0.6780 -0.4933 0.5450
vn 0.6416 -0.4671 0.6084
vn 0.3777 -0.7362 0.5616
vn 0.3908 -0.7747 0.4972
vn 0.1470 -0.8367 0.5275
vn -0.1081 -0.7816 0.6144
vn 0.0076 -0.8243 0.5661
vn -0.0274 -0.1261 0.9916
vn -0.0000 -0.1731 0.9849
vn 0.0684 -0.1426 0.9874
vn -0.1410 -0.8396 0.5246
vn -0.3908 -0.7747 0.4972
vn -0.3549 -0.7487 0.5599
vn -0.6780 -0.4932 0.5450
vn -0.6277 -0.4895 0.6052
vn -0.7326 -0.1309 0.6679
vn -0.5584 -0.0716 0.8265
vn -0.5443 -0.1452 0.8262
vn -0.4337 -0.0862 0.8969
vn 0.0486 -0.1452 0.9882
vn 0.0542 -0.1729 0.9835
vn 0.0274 -0.1261 0.9916
vn -0.0607 -0.1294 0.9897
vn -0.0486 -0.1452 0.9882
vn -0.5070 -0.8462 -0.1640
vn -0.2046 -0.9620 -0.1807
vn -0.2071 -0.9615 -0.1807
vn -0.0000 -0.9815 -0.1916
vn -0.0049 -0.9797 -0.2004
vn 0.2043 -0.9594 -0.1944
vn 0.2028 -0.9590 -0.1978
vn -0.9997 0.0086 0.0210
vn -0.8658 -0.4959 -0.0668
vn -0.8706 -0.4853 -0.0807
vn 0.4996 -0.8468 -0.1826
vn 0.4893 -0.8493 -0.1983
vn 0.8653 -0.4855 -0.1247
vn 0.8571 -0.4954 -0.1409
vn -0.5000 -0.8531 -0.1492
vn 0.9992 0.0238 -0.0314
vn 0.9994 0.0059 -0.0335
vn -0.0396 -0.2093 0.9770
vn 0.6035 -0.1569 0.7818
vn 0.4429 -0.2402 0.8638
vn 0.6507 0.2307 0.7234
vn 0.7632 -0.0624 0.6432
vn 0.3381 0.5644 0.7531
vn 0.6357 0.3083 0.7076
vn 0.1491 0.6084 0.7795
vn 0.3873 0.5045 0.7717
vn 0.1463 0.5886 0.7951
vn 0.2252 0.6190 0.7524
vn 0.0124 -0.2254 0.9742
vn -0.1474 0.6069 0.7810
vn -0.4252 0.5148 0.7444
vn -0.2053 0.6502 0.7315
vn -0.6515 0.2313 0.7225
vn -0.3527 0.5248 0.7747
vn -0.7815 -0.1080 0.6145
vn -0.6870 0.2210 0.6923
vn -0.6044 -0.1234 0.7871
vn 0.0547 -0.1603 0.9855
vn 0.0524 -0.1886 0.9807
vn 0.0117 0.5876 0.8091
vn -0.0349 -0.2379 0.9707
vn -0.0163 -0.2257 0.9741
vn -0.2044 0.9594 0.1944
vn -0.5149 0.8380 0.1803
vn -0.2005 0.9608 0.1916
vn -0.0000 0.9815 0.1916
vn -0.0088 0.9816 0.1907
vn 0.2043 0.9621 0.1807
vn 0.2015 0.9628 0.1802
vn -0.8545 0.5034 0.1281
vn -0.9994 -0.0059 0.0335
vn 0.5000 0.8531 0.1492
vn 0.4870 0.8607 0.1486
vn 0.8658 0.4959 0.0668
vn 0.8578 0.5095 0.0674
vn -0.4997 0.8467 0.1826
vn 0.8541 -0.4249 0.3000
vn 0.0728 -0.2406 0.9679
vn 0.0029 -0.1588 0.9873
vn -0.2009 0.8381 0.5072
vn -0.1623 0.9189 0.3597
vn -0.1606 0.9472 0.2775
vn -0.8556 0.1788 0.4858
vn -0.6802 0.5650 0.4670
vn -0.8537 0.2124 0.4755
vn -0.3140 0.9494 -0.0036
vn -0.3020 0.9533 -0.0011
vn -0.3142 0.9493 -0.0052
vn -0.0506 0.3721 0.9268
vn -0.0216 0.0272 0.9994
vn -0.0297 0.3782 0.9253
vn -0.3613 0.9082 0.2113
vn -0.3154 0.9419 0.1158
vn -0.8528 0.5222 -0.0000
vn -0.8529 0.5220 0.0009
vn 0.0110 0.6744 0.7383
vn -0.9927 -0.1208 -0.0000
vn -0.9971 -0.0762 -0.0000
vn -0.7784 -0.2489 0.5763
vn -0.7699 -0.0627 0.6351
vn -0.8016 -0.1717 0.5726
vn -0.9910 -0.0956 -0.0938
vn -0.9924 -0.1232 -0.0028
vn -0.1618 0.9114 0.3783
vn -0.4105 0.3198 0.8540
vn -0.0149 0.9999 -0.0000
vn -0.0120 0.9186 0.3950
vn -0.1824 0.9832 -0.0000
vn -0.6679 0.6656 0.3329
vn -0.7178 0.6963 -0.0000
vn -0.9347 0.1548 0.3200
vn -0.9848 0.1738 -0.0004
vn -0.4455 0.0387 0.8945
vn -0.9845 0.1753 -0.0007
vn -0.9520 0.0307 0.3045
vn -0.9995 0.0322 -0.0000
vn -0.9991 0.0343 -0.0244
vn -0.0104 0.9999 -0.0000
vn -0.0155 0.9176 0.3972
vn 0.1466 -0.0500 0.9879
vn 0.0164 -0.1320 0.9911
vn -0.8427 0.1411 0.5196
vn -0.8221 0.2051 0.5311
vn -0.2489 0.2548 -0.9344
vn -0.2463 0.2522 -0.9358
vn 0.0063 -1.0000 -0.0012
vn 0.2109 -0.9775 -0.0000
vn 0.0068 -1.0000 -0.0000
vn 0.0001 1.0000 -0.0048
vn -0.1660 0.9861 -0.0061
vn -0.1672 0.9859 -0.0085
vn 0.7391 -0.6735 -0.0009
vn 0.9836 -0.1806 0.0006
vn 0.7386 -0.6741 -0.0000
vn -0.6950 0.7190 -0.0056
vn 0.2118 -0.9773 -0.0010
vn -0.0045 0.4046 0.9145
vn -0.0698 0.3959 0.9156
vn -0.1013 0.4041 0.9091
vn -0.2520 0.2535 0.9339
vn -0.3476 0.0594 0.9358
vn -0.2732 0.0060 0.9620
vn -0.3504 0.0568 0.9349
vn -0.3502 0.0674 -0.9342
vn -0.6949 0.7191 -0.0033
vn -0.9812 0.1932 -0.0017
vn -0.3754 0.0115 -0.9268
vn -0.3774 0.0112 -0.9260
vn -0.9809 0.1945 -0.0000
vn -0.9995 0.0315 -0.0074
vn 0.9994 -0.0340 0.0036
vn 0.9994 -0.0348 0.0054
vn -0.5112 -0.8595 -0.0000
vn -0.4234 -0.7885 0.4461
vn -0.3624 -0.7667 0.5300
vn -0.4125 -0.4600 0.7863
vn -0.3500 -0.3989 0.8476
vn -0.9564 0.0456 0.2884
vn -0.9367 -0.1198 0.3290
vn -0.9201 -0.1790 0.3485
vn -0.8058 0.4481 -0.3871
vn -0.8487 0.1122 -0.5168
vn -0.8263 0.4013 -0.3951
vn -0.3991 -0.0063 0.9169
vn -0.3367 0.0794 0.9383
vn -0.8591 -0.4161 0.2982
vn -0.9155 -0.2829 0.2862
vn -0.8982 -0.4088 0.1618
vn -0.7269 -0.1649 -0.6666
vn -0.8036 -0.3728 -0.4640
vn -0.8299 -0.0364 -0.5567
vn -0.3878 0.4562 0.8009
vn -0.3600 0.3494 0.8650
vn -0.8996 0.4367 -0.0000
vn -0.9100 0.4145 -0.0000
vn -0.3806 0.8018 0.4607
vn -0.3199 0.8637 0.3895
vn -0.7624 -0.6471 -0.0000
vn -0.6867 -0.6920 -0.2227
vn -0.6574 -0.7035 -0.2699
vn -0.3763 0.9265 -0.0000
vn -0.4737 0.8807 -0.0000
vn -0.9500 0.2943 0.1039
vn -0.9492 0.0401 0.3122
vn -0.9123 -0.2394 0.3323
vn -0.7714 0.1765 -0.6114
vn -0.7288 -0.3338 -0.5978
vn -0.8963 -0.4435 -0.0000
vn -0.8757 -0.4829 -0.0000
vn -0.9790 0.2037 -0.0000
vn -0.9659 0.1798 0.1865
vn -0.9919 -0.1268 -0.0000
vn -0.9773 0.2120 -0.0000
vn -0.9990 0.0359 -0.0262
vn -0.9946 -0.1040 -0.0000
vn -0.8483 0.5295 0.0053
vn -0.8609 0.5088 0.0009
vn -0.2585 0.4445 0.8577
vn -0.3030 0.6126 0.7300
vn -0.2643 0.4353 0.8606
vn -0.3353 0.9421 -0.0000
vn -0.3291 0.8729 0.3603
vn -0.3357 0.9420 -0.0000
vn -0.9997 -0.0224 -0.0106
vn -0.9996 -0.0269 -0.0000
vn 1.0000 -0.0051 -0.0000
vn 1.0000 -0.0046 0.0028
vn 1.0000 -0.0058 0.0032
vn -0.9991 -0.0425 -0.0048
vn -0.8669 0.4984 -0.0014
vn -0.8507 0.4811 0.2117
vn -0.8891 0.4161 0.1909
vn -0.2342 0.9667 0.1033
vn -0.3335 0.8672 0.3699
vn -0.3043 0.6595 0.6874
vn -0.3187 0.9478 -0.0004
vn -0.8099 0.3540 -0.4676
vn -0.0000 0.3540 -0.9352
vn 0.8099 0.3540 -0.4676
vn -0.0000 0.3540 0.9352
vn 0.8099 0.3540 0.4676
vn -0.8099 0.3540 0.4676
vn 0.5000 0.0013 -0.8660
vn 0.9981 -0.0621 -0.0000
vn 1.0000 0.0031 -0.0000
vn -0.5003 0.0007 -0.8658
vn 0.4839 -0.0508 -0.8736
vn -1.0000 0.0018 -0.0000
vn -0.5169 0.0205 -0.8558
vn -0.4975 0.0422 0.8664
vn -0.9962 0.0868 0.0003
vn -0.4487 0.2546 -0.8566
vn 0.4828 -0.1547 -0.8620
vn -0.4836 0.1551 -0.8614
vn -0.5000 0.0007 0.8660
vn 0.5003 -0.0322 0.8653
vn 0.5003 0.0013 0.8658
vn -0.5057 0.8626 -0.0093
vn -0.3547 0.3539 -0.8654
vn -0.7080 0.7062 -0.0000
vn 0.4855 -0.1405 0.8629
vn -0.4176 0.2727 0.8667
vn -0.4836 0.1551 0.8614
vn 0.4188 -0.2716 -0.8665
vn 0.9523 -0.3053 -0.0000
vn -0.8375 0.5464 0.0016
vn -0.9521 0.3057 -0.0000
vn 0.4061 -0.2397 0.8818
vn -0.1335 0.5109 -0.8492
vn 0.2393 -0.4375 -0.8668
vn -0.2686 0.5174 -0.8125
vn 0.7057 -0.7085 -0.0000
vn 0.3534 -0.3546 -0.8657
vn 0.2393 -0.4375 0.8668
vn 0.3534 -0.3546 0.8657
vn -0.3499 0.3602 0.8648
vn -0.2205 0.4971 0.8392
vn 0.8275 -0.5614 0.0002
vn 0.1499 -0.9887 0.0021
vn 0.0012 -0.5020 0.8649
vn 0.0767 -0.4947 0.8657
vn -0.0890 0.4906 0.8668
vn -0.1843 0.9829 -0.0053
vn 0.0899 -0.4914 -0.8663
vn 0.4698 -0.8827 0.0107
vn -0.0217 0.9998 -0.0000
vn -0.0102 0.5010 -0.8654
vn -0.0102 0.5010 0.8654
vn 0.0012 -0.5020 -0.8649
vn 0.5728 -0.6632 -0.4818
vn 0.8023 -0.5969 -0.0000
vn 0.5728 -0.8197 -0.0000
vn -0.9473 -0.2592 -0.1883
vn -0.9473 -0.3204 -0.0000
vn -0.5728 -0.6632 -0.4818
vn -0.2933 -0.9560 -0.0000
vn -0.5728 -0.8197 -0.0000
vn 0.2933 -0.9560 -0.0000
vn 0.9473 -0.3204 -0.0000
vn 0.9473 -0.2592 -0.1883
vn -0.8023 -0.5969 -0.0000
vn -0.0000 -0.8090 -0.5878
vn -0.9473 -0.0990 -0.3047
vn -0.5728 -0.2533 -0.7796
vn -0.2933 -0.7734 -0.5619
vn 0.2933 -0.2954 -0.9092
vn 0.2933 -0.7734 -0.5619
vn 0.9473 -0.0990 -0.3047
vn -0.8023 -0.4829 -0.3508
vn 0.8023 -0.1845 -0.5677
vn 0.8023 -0.4829 -0.3508
vn -0.8023 -0.1845 -0.5677
vn -0.0000 -0.3090 -0.9511
vn 0.5728 -0.2533 -0.7796
vn -0.2933 0.2954 -0.9092
vn -0.2933 -0.2954 -0.9092
vn 0.8023 0.1845 -0.5677
vn -0.9473 0.0990 -0.3047
vn -0.5728 0.2533 -0.7796
vn 0.2933 0.2954 -0.9092
vn 0.9473 0.0990 -0.3047
vn -0.8023 0.1844 -0.5677
vn -0.0000 0.3090 -0.9511
vn 0.8023 0.4829 -0.3508
vn -0.8023 0.4829 -0.3508
vn -0.0000 0.8090 -0.5878
vn 0.5728 0.6632 -0.4818
vn 0.5728 0.2533 -0.7796
vn -0.9473 0.2592 -0.1883
vn -0.2933 0.7734 -0.5619
vn 0.9473 0.2592 -0.1883
vn -0.5728 0.6632 -0.4818
vn 0.2933 0.7734 -0.5619
vn 0.9473 0.3204 -0.0000
vn -0.9473 0.3204 -0.0000
vn 0.8023 0.5969 -0.0000
vn -0.2933 0.9560 -0.0000
vn 0.5728 0.8197 -0.0000
vn -0.5728 0.8197 -0.0000
vn 0.9473 0.2592 0.1883
vn -0.8023 0.5969 -0.0000
vn -0.5728 0.6632 0.4818
vn -0.0000 0.8090 0.5878
vn 0.2933 0.9560 -0.0000
vn 0.8023 0.4829 0.3508
vn -0.8023 0.4829 0.3508
vn -0.9473 0.2592 0.1883
vn 0.2933 0.7734 0.5619
vn -0.5728 0.2533 0.7796
vn -0.2933 0.7734 0.5619
vn 0.2933 0.2954 0.9092
vn 0.5728 0.6632 0.4818
vn 0.9473 0.0990 0.3047
vn -0.8023 0.1844 0.5677
vn -0.9473 0.0990 0.3047
vn -0.0000 0.3090 0.9511
vn 0.8023 0.1845 0.5677
vn 0.5728 -0.2533 0.7796
vn 0.5728 0.2533 0.7796
vn -0.9473 -0.0990 0.3047
vn -0.2933 -0.2954 0.9092
vn -0.2933 0.2954 0.9092
vn 0.2933 -0.2954 0.9092
vn 0.9473 -0.0990 0.3047
vn -0.8023 -0.1845 0.5677
vn -0.0000 -0.3090 0.9511
vn -0.2933 -0.7734 0.5619
vn 0.8023 -0.4829 0.3508
vn 0.8023 -0.1845 0.5677
vn -0.9473 -0.2592 0.1883
vn -0.5728 -0.6632 0.4818
vn -0.5728 -0.2533 0.7796
vn 0.5728 -0.6632 0.4818
vn 0.9473 -0.2592 0.1883
vn -0.8023 -0.4829 0.3508
vn 0.2933 -0.7734 0.5619
vn -0.0000 -0.8090 0.5878
vn -0.5705 0.5842 0.5772
vn -0.5763 0.5803 0.5754
vn -0.0205 0.0386 0.9990
vn 0.0025 -0.9985 -0.0544
vn -0.0020 -1.0000 0.0020
vn -0.0010 -1.0000 -0.0010
vn -0.0373 0.9916 -0.1238
vn 0.0421 0.9952 -0.0883
vn -0.0050 0.9976 -0.0697
vn 0.0608 -0.0632 -0.9961
vn 0.0065 -0.2109 -0.9775
vn -0.0116 -0.0433 -0.9990
vn 0.0354 -0.9979 -0.0543
vn -0.1566 -0.9782 -0.1365
vn -0.0171 -0.9967 -0.0794
vn -0.9028 -0.2860 -0.3211
vn -0.2818 -0.0937 -0.9549
vn -0.9586 -0.1720 -0.2270
vn 0.0112 -0.1548 -0.9879
vn 0.0108 -0.1493 -0.9887
vn 0.0006 -0.9910 -0.1336
vn -0.1266 -0.9907 -0.0494
vn -0.7029 -0.7094 0.0521
vn -0.9925 -0.1203 0.0214
vn -0.9746 -0.2048 0.0905
vn -0.4469 -0.2546 -0.8576
vn -0.7168 -0.2087 -0.6653
vn -0.5629 -0.1369 -0.8151
vn 0.0006 1.0000 0.0013
vn -0.0004 1.0000 0.0014
vn 0.0026 -0.9910 -0.1338
vn -0.0006 -0.9905 -0.1378
vn -0.1430 0.9792 -0.1437
vn -0.0004 0.9902 -0.1396
vn 0.0098 -0.1562 -0.9877
vn 0.0137 -0.1533 -0.9881
vn 0.0073 -0.2050 -0.9787
vn -0.0311 -0.1876 -0.9818
vn -0.0343 0.7015 -0.7118
vn -0.0482 0.7166 -0.6958
vn -0.1245 0.7561 -0.6425
vn -0.0717 0.3973 0.9149
vn -0.0082 0.3900 0.9208
vn -0.0090 0.3872 0.9219
vn -0.5470 -0.8333 0.0801
vn -0.9408 -0.3364 0.0419
vn -0.7126 -0.6834 0.1589
vn -0.0059 -0.0086 0.9999
vn -0.0684 0.1430 0.9874
vn -0.0402 0.0284 0.9988
vn -0.0207 -0.9329 -0.3596
vn 0.0465 -0.9249 -0.3774
vn 0.0387 -0.9120 -0.4083
vn 0.0010 0.9895 -0.1449
vn 0.0026 0.9902 -0.1397
vn -0.0000 -0.0529 -0.9986
vn -0.0647 0.0145 -0.9978
vn 0.4826 0.4158 -0.7709
vn 0.5120 0.6942 -0.5059
vn 0.8094 0.3686 -0.4571
vn -0.0000 0.6745 -0.7383
vn 0.0687 0.9976 -0.0120
vn 0.1394 0.9794 -0.1459
vn 0.0925 0.9944 0.0506
vn 0.0024 -0.2095 -0.9778
vn -0.1347 -0.2619 -0.9557
vn 0.0119 -0.0432 -0.9990
vn 0.6625 -0.0288 -0.7485
vn 0.0128 -0.9999 -0.0085
vn 0.0480 -0.9905 -0.1292
vn 0.1339 -0.9790 -0.1537
vn 0.9381 -0.2108 -0.2747
vn 0.2374 -0.1815 -0.9543
vn 0.3134 -0.2948 -0.9027
vn -0.0000 -0.1533 -0.9882
vn -0.0000 -0.9908 -0.1350
vn 0.9594 -0.0799 -0.2706
vn 0.0058 -0.9999 -0.0151
vn 0.7321 -0.6808 0.0242
vn 0.5763 -0.8163 0.0397
vn -0.0060 0.9994 0.0348
vn 0.9975 -0.0218 0.0676
vn 0.9833 -0.1726 0.0571
vn 0.6640 -0.2831 -0.6921
vn 0.5115 -0.1973 -0.8363
vn 0.5149 -0.1042 -0.8509
vn 0.0014 -0.9904 -0.1382
vn -0.0000 0.9900 -0.1408
vn 0.1248 0.9912 -0.0450
vn 0.0148 -0.0529 -0.9985
vn 0.0306 -0.0719 -0.9969
vn 0.5256 -0.8505 0.0175
vn 0.9455 -0.3229 0.0418
vn 0.9629 -0.1724 -0.2075
vn -0.1529 0.0482 0.9871
vn -0.0329 -0.0497 0.9982
vn 0.1126 -0.8578 -0.5014
vn 0.0388 -0.9521 -0.3034
vn 0.8662 0.4948 -0.0696
vn 0.9998 0.0029 0.0207
vn 0.8580 0.5104 -0.0574
vn -0.0257 -0.0950 -0.9951
vn -0.0777 -0.0266 -0.9966
vn -0.0400 0.0133 -0.9991
vn -0.0000 -0.0882 -0.9961
vn 0.0415 0.0129 -0.9991
vn 0.1119 -0.0278 -0.9933
vn 0.1523 -0.0978 -0.9835
vn 0.0257 -0.0950 -0.9951
vn 0.0513 -0.1390 -0.9890
vn 0.1519 -0.1786 -0.9721
vn 0.0444 -0.1644 -0.9854
vn 0.1108 -0.2483 -0.9623
vn 0.0257 -0.1831 -0.9828
vn 0.0400 -0.2883 -0.9567
vn -0.0415 -0.2879 -0.9568
vn -0.0257 -0.1831 -0.9828
vn -0.1119 -0.2472 -0.9625
vn -0.8662 0.4948 -0.0696
vn -0.9998 -0.0133 0.0161
vn -0.1523 -0.1771 -0.9723
vn -0.0513 -0.1391 -0.9890
vn -0.1519 -0.0964 -0.9837
vn 0.6931 -0.0531 -0.7189
vn 0.8322 0.4373 -0.3410
vn 0.9608 -0.0386 -0.2746
vn -0.8662 -0.4949 0.0696
vn -0.8580 -0.5064 0.0855
vn -0.4998 -0.8577 0.1206
vn -0.4864 -0.8631 0.1357
vn 0.4999 -0.8576 0.1208
vn 0.8736 -0.4798 0.0817
vn 0.8660 -0.4951 0.0696
vn 0.0156 -0.9881 0.1533
vn -0.0000 -0.9903 0.1392
vn 0.4999 -0.8545 0.1414
vn 0.4997 0.8578 -0.1200
vn 0.4864 0.8671 -0.1076
vn -0.0156 0.9920 -0.1251
vn -0.0000 0.9903 -0.1392
vn -0.4997 0.8578 -0.1206
vn -0.5134 0.8517 -0.1054
vn -0.8658 0.4980 -0.0487
vn 0.0408 -0.7836 -0.6199
vn 0.0647 -0.2492 -0.9663
vn 0.3380 -0.6825 -0.6481
vn -0.0000 0.9131 -0.4078
vn -0.3373 0.4760 -0.8122
vn -0.4804 0.7854 -0.3904
vn -0.4804 -0.8626 -0.1584
vn -0.0000 -0.9900 -0.1408
vn 0.8321 -0.5143 -0.2074
vn 0.3047 0.5166 -0.8002
vn 0.4804 0.7854 -0.3904
vn -0.8322 -0.5143 -0.2072
vn -0.3129 -0.7455 -0.5885
vn -0.8468 0.3985 -0.3523
vn -0.6761 -0.1023 -0.7297
vn -0.9608 -0.0386 -0.2746
vn 0.4805 -0.8626 -0.1582
vn 0.6561 -0.4048 -0.6369
vn 0.1099 -0.0754 -0.9911
vn 0.5969 0.3128 -0.7388
vn -0.0123 -0.0095 -0.9999
vn 0.0600 0.6022 -0.7961
vn -0.0558 -0.2585 -0.9644
vn 0.1541 -0.1178 -0.9810
vn -0.1085 -0.2144 -0.9707
vn -0.6429 -0.3986 -0.6540
vn -0.1193 -0.0841 -0.9893
vn -0.5832 0.3025 -0.7539
vn 0.1446 -0.1971 -0.9697
vn 0.0588 0.0026 -0.9983
vn -0.1419 -0.1185 -0.9828
vn -0.0530 -0.0087 -0.9986
vn 0.6012 -0.5138 -0.6120
vn 0.7281 -0.0954 -0.6788
vn 0.6269 -0.4690 -0.6221
vn 0.3641 -0.7199 -0.5910
vn -0.0569 -0.8465 -0.5294
vn -0.0138 -0.8195 -0.5729
vn -0.3779 -0.7155 -0.5876
vn -0.6905 -0.4192 -0.5895
vn -0.6406 -0.4454 -0.6255
vn -0.7317 -0.0812 -0.6767
vn -0.6306 0.2651 -0.7294
vn -0.7644 -0.0334 -0.6439
vn -0.3538 0.5395 -0.7640
vn -0.6337 0.3376 -0.6960
vn 0.0566 0.6676 -0.7424
vn 0.0138 0.6297 -0.7767
vn 0.4312 0.5381 -0.7242
vn 0.3779 0.5258 -0.7621
vn 0.6905 0.2404 -0.6822
vn 0.6406 0.2557 -0.7240
vn -0.0442 -0.0570 -0.9974
vn -0.0000 -0.1392 -0.9903
vn -0.0107 -0.3051 -0.9523
vn 0.0005 -0.8199 0.5725
vn 0.4780 -0.6015 0.6401
vn 0.4739 -0.7287 0.4945
vn 0.8521 -0.3787 0.3613
vn 0.8495 -0.4517 0.2726
vn -0.4744 0.5520 -0.6857
vn -0.8473 0.3953 -0.3546
vn -0.4707 0.6829 -0.5586
vn -0.9991 -0.0257 -0.0327
vn -0.8495 -0.4517 0.2726
vn -0.9985 -0.0309 -0.0453
vn 0.9979 -0.0350 -0.0538
vn 0.8520 0.3033 -0.4268
vn 0.8473 0.3953 -0.3546
vn 0.9968 -0.0434 -0.0673
vn 0.4776 0.5438 -0.6900
vn 0.4707 0.6829 -0.5586
vn -0.4800 -0.5977 0.6421
vn -0.4739 -0.7287 0.4945
vn -0.0000 0.6268 -0.7792
vn -0.0000 0.7797 -0.6262
vn -0.8532 -0.3846 0.3523
vn -0.8499 0.2975 -0.4350
vn -0.0000 0.1157 -0.9933
vn -0.5776 0.1836 -0.7954
vn -0.4938 0.0969 -0.8642
vn 0.4938 -0.1020 0.8636
vn 0.9188 0.1065 0.3801
vn 0.8618 -0.0691 0.5025
vn 0.9998 -0.0182 -0.0023
vn 0.7890 0.1550 -0.5945
vn 0.8619 0.0474 -0.5049
vn -0.8665 0.1509 0.4759
vn -0.4936 -0.1007 0.8638
vn -0.8618 -0.0691 0.5026
vn -0.9016 0.1585 -0.4024
vn -0.8619 0.0474 -0.5049
vn 0.9853 0.1688 -0.0260
vn 0.4938 0.0969 -0.8642
vn -0.3851 0.0989 0.9176
vn -0.0000 -0.1107 0.9939
vn -0.9999 -0.0153 -0.0014
vn 0.3919 0.1818 -0.9019
vn 0.5048 0.1415 0.8516
vn -0.9851 0.1313 0.1109
vn 0.0130 -0.2387 -0.9710
vn -0.4852 -0.2313 -0.8433
vn -0.4854 -0.2492 -0.8381
vn -0.5607 0.8222 0.0984
vn -0.3020 0.8983 0.3190
vn -0.4120 0.9102 0.0422
vn -0.9995 -0.0096 -0.0298
vn -0.8541 0.4669 -0.2292
vn -0.8321 -0.2953 0.4695
vn -0.4788 -0.2985 0.8256
vn -0.4742 -0.3127 0.8230
vn -0.8381 -0.2457 -0.4870
vn -0.8366 -0.2629 -0.4806
vn 0.8381 -0.2457 -0.4870
vn 0.4854 -0.2492 -0.8381
vn 0.8437 -0.2580 -0.4707
vn -0.0000 -0.3036 0.9528
vn -0.0000 -0.3176 0.9482
vn -0.9642 -0.2652 -0.0033
vn -0.9596 -0.2814 0.0022
vn 0.4851 -0.2313 -0.8433
vn 0.4742 -0.3127 0.8230
vn 0.8317 -0.2845 0.4767
vn 0.9596 -0.2814 0.0022
vn 0.8211 -0.2954 0.4884
vn -0.8318 -0.2845 0.4767
vn 0.4017 0.8959 -0.1897
vn 0.2816 0.7571 -0.5895
vn 0.1559 0.8614 -0.4833
vn 0.2749 0.9171 0.2886
vn 0.5017 0.8309 0.2406
vn 0.3987 0.9081 0.1279
vn 0.4788 -0.2985 0.8256
vn -0.4464 0.8278 0.3399
vn -0.0993 0.9122 0.3976
vn -0.0608 0.7470 -0.6620
vn -0.1206 0.8535 -0.5070
vn 0.5886 0.8074 -0.0410
vn 0.4400 0.8935 -0.0899
vn -0.2119 0.8439 0.4929
vn -0.0000 0.9383 0.3457
vn -0.2505 0.8857 -0.3910
vn 0.5650 0.7972 -0.2127
vn 0.1774 0.8612 0.4763
vn -0.3871 0.7546 -0.5299
vn -0.4874 0.8641 -0.1254
vn -0.5799 0.7762 -0.2476
vn 0.7433 0.6689 0.0026
vn 0.6366 0.6291 -0.4461
vn 0.7470 0.6595 -0.0844
vn 0.6309 0.6795 -0.3746
vn 0.3208 0.6406 -0.6977
vn 0.3619 0.6925 -0.6240
vn -0.0773 0.6448 -0.7604
vn -0.3619 0.6925 -0.6240
vn -0.2883 0.6857 -0.6684
vn -0.6340 0.6827 -0.3633
vn -0.7128 0.6308 -0.3066
vn -0.7433 0.6689 0.0026
vn -0.7821 0.6159 0.0951
vn -0.6505 0.6516 0.3902
vn -0.7006 0.6463 0.3026
vn -0.3816 0.6438 0.6632
vn -0.3221 0.5888 0.7413
vn -0.0000 0.6398 0.7685
vn 0.0845 0.5843 0.8071
vn 0.4705 0.5872 0.6586
vn 0.3816 0.6438 0.6632
vn 0.7273 0.5981 0.3366
vn 0.6609 0.6517 0.3722
vn 0.9642 -0.2652 -0.0033
vn -0.4820 -0.8245 0.2964
vn -0.8563 -0.4896 0.1646
vn -0.4811 0.7948 -0.3699
vn -0.0000 0.9079 -0.4192
vn 0.4796 0.7938 -0.3740
vn -0.0000 -0.9399 0.3414
vn 0.8531 0.4646 -0.2375
vn 0.8569 -0.4919 0.1539
vn 0.9995 -0.0096 -0.0298
vn 0.4836 -0.8259 0.2899
vn -1.0000 0.0017 -0.0054
vn -0.8546 -0.2536 0.4532
vn -0.9996 -0.0256 -0.0134
vn -0.0000 -0.4575 0.8892
vn 0.4859 -0.2019 0.8504
vn 0.4812 -0.4060 0.7769
vn 0.4787 0.3665 -0.7978
vn -0.0000 0.2463 -0.9692
vn -0.0000 0.4262 -0.9046
vn -0.8547 0.1271 -0.5033
vn -0.8537 0.2073 -0.4777
vn -0.4884 -0.1968 0.8501
vn -0.4812 -0.4060 0.7770
vn 0.8527 0.2013 -0.4820
vn 0.4801 0.2065 -0.8526
vn 0.8552 -0.2607 0.4480
vn 0.9999 -0.0109 -0.0022
vn 0.9996 -0.0256 -0.0134
vn -0.4825 0.2171 -0.8486
vn -0.4795 0.3698 -0.7958
vn -0.8577 -0.1330 0.4966
vn 0.8508 0.1087 -0.5141
vn 0.8630 -0.1366 0.4864
vn 0.4963 -0.8509 0.1722
vn -0.0000 -0.9808 0.1949
vn 0.8651 -0.4918 0.0987
vn -0.8629 0.4843 -0.1445
vn -0.4957 0.8344 -0.2410
vn -0.8651 -0.4918 0.0987
vn -0.9998 -0.0020 -0.0176
vn 0.9998 -0.0020 -0.0176
vn 0.8629 0.4843 -0.1445
vn 0.4957 0.8344 -0.2410
vn -0.4964 -0.8509 0.1722
vn -0.0000 0.9610 -0.2766
vn -0.0000 -0.6759 0.7370
vn -0.0000 -0.2259 0.9742
vn 0.0185 0.9980 0.0599
vn -0.0185 0.9986 -0.0486
vn -0.0404 0.9981 0.0464
vn 0.0016 0.0123 -0.9999
vn -0.0010 0.0202 -0.9998
vn -0.0172 0.0150 -0.9997
vn 0.0201 -0.9975 -0.0684
vn -0.0201 -0.9982 0.0572
vn -0.0458 -0.9975 -0.0530
vn -0.0645 -0.0830 0.9945
vn 0.0010 -0.0110 0.9999
vn 0.0708 0.0646 0.9954
vn -0.8724 0.4875 -0.0350
vn -0.9153 0.4022 0.0207
vn -0.8820 0.4684 0.0518
vn 0.8695 -0.4940 0.0041
vn 0.7786 -0.6260 -0.0443
vn 0.8810 -0.4732 -0.0062
vn -0.0181 0.0222 0.9996
vn 0.0317 -0.0122 0.9994
vn -0.0707 0.0658 -0.9953
vn 0.0028 0.0060 -1.0000
vn -0.0010 0.0045 -1.0000
vn 0.9528 -0.3032 0.0183
vn -0.9472 -0.3177 0.0440
vn -0.8730 -0.4875 -0.0148
vn -0.8695 -0.4940 0.0041
vn 0.8724 0.4875 -0.0350
vn 0.9092 0.4141 0.0426
vn 0.9152 0.4027 -0.0164
vn -0.7786 -0.6260 -0.0443
vn -0.7720 -0.6354 0.0170
vn 0.0639 -0.0807 -0.9947
vn -0.5655 0.3303 0.7557
vn -0.6109 0.3022 0.7318
vn -0.6083 0.2485 0.7538
vn 0.0024 0.6841 0.7294
vn -0.0556 0.6714 0.7390
vn 0.0483 0.6588 0.7507
vn 0.6496 -0.4356 0.6232
vn 0.5893 -0.3720 0.7172
vn 0.5321 -0.4592 0.7113
vn 0.5315 -0.5250 -0.6648
vn 0.5965 -0.3512 -0.7217
vn 0.6179 -0.3341 -0.7118
vn -0.0485 0.6688 -0.7418
vn 0.0004 0.6945 -0.7195
vn 0.0558 0.6813 -0.7299
vn -0.6446 -0.4422 -0.6236
vn -0.5965 -0.3512 -0.7217
vn -0.5286 -0.4509 -0.7192
vn -0.5919 -0.3539 0.7242
vn -0.5349 -0.5197 0.6661
vn -0.5321 -0.4592 0.7113
vn 0.6107 0.3002 0.7327
vn 0.5655 0.3303 0.7557
vn 0.5934 0.2554 0.7633
vn 0.6102 0.3133 -0.7277
vn 0.5647 0.3242 -0.7590
vn 0.6715 0.3393 -0.6587
vn -0.6101 0.3113 -0.7286
vn -0.5737 0.3529 -0.7391
vn -0.5928 0.2668 -0.7599
vn -0.0049 -0.6952 0.7188
vn 0.0644 -0.6797 0.7307
vn -0.0570 -0.6658 0.7440
vn 0.0570 -0.6578 -0.7510
vn -0.0073 -0.6843 -0.7292
vn -0.0644 -0.6719 -0.7379
vn -0.6262 -0.2401 0.7417
vn -0.6322 -0.3084 0.7108
vn -0.6261 -0.2326 -0.7442
vn -0.6056 -0.3415 -0.7187
vn 0.6255 -0.2416 -0.7419
vn 0.6272 -0.2445 0.7395
vn 0.6198 -0.3369 0.7087
vn -0.0031 0.0018 1.0000
vn -0.1095 -0.0453 0.9930
vn 0.0584 -0.0328 0.9978
vn -0.0961 -0.1234 -0.9877
vn 0.8941 -0.4435 -0.0624
vn -0.8819 0.4703 -0.0334
vn -0.9835 0.1657 -0.0731
vn 0.4120 -0.9097 0.0514
vn 0.9948 -0.0681 -0.0758
vn 0.9157 -0.4010 0.0274
vn -0.9982 -0.0373 0.0464
vn -0.9403 0.3403 -0.0038
vn -0.0102 -0.1621 -0.9867
vn 0.8578 0.5137 0.0146
vn -0.0000 -0.9998 0.0216
vn 0.5137 -0.8578 0.0146
vn -0.8658 -0.4999 0.0216
vn -0.4999 -0.8658 0.0215
vn -0.9998 -0.0000 0.0216
vn -0.8658 0.4999 0.0216
vn -0.0000 0.9998 0.0216
vn -0.4999 0.8658 0.0215
vn 0.4999 0.8658 0.0216
vn 0.8738 -0.4861 0.0145
vn -0.0024 0.0736 -0.9973
vn 0.0649 -0.0347 -0.9973
vn -0.0625 -0.0389 -0.9973
vn 0.9998 -0.0000 0.0216
vn 0.6213 -0.3750 -0.6881
vn 0.7739 0.0546 -0.6310
vn 0.7219 -0.0000 -0.6920
vn 0.3505 -0.6354 -0.6881
vn 0.6973 -0.3398 -0.6312
vn 0.0546 -0.7739 -0.6310
vn -0.0000 -0.7219 -0.6920
vn -0.3609 -0.6251 -0.6921
vn -0.6251 -0.3609 -0.6921
vn -0.3398 -0.6973 -0.6312
vn -0.7737 -0.0544 -0.6312
vn -0.7218 -0.0000 -0.6921
vn -0.6973 0.3398 -0.6312
vn -0.6251 0.3609 -0.6921
vn -0.4342 0.6429 -0.6310
vn -0.3609 0.6251 -0.6920
vn -0.0000 0.7218 -0.6921
vn 0.3609 0.6251 -0.6921
vn -0.0544 0.7737 -0.6312
vn 0.6429 0.4339 -0.6312
vn 0.6354 0.3505 -0.6881
vn 0.5772 -0.0793 -0.8127
vn 0.5443 -0.1452 -0.8262
vn 0.5386 -0.0023 -0.8425
vn 0.7402 -0.1360 -0.6585
vn 0.6780 -0.4933 -0.5450
vn 0.7632 -0.0624 -0.6432
vn 0.3777 -0.7362 -0.5616
vn 0.6416 -0.4671 -0.6084
vn 0.1470 -0.8367 -0.5275
vn 0.3908 -0.7747 -0.4972
vn -0.1081 -0.7816 -0.6144
vn 0.1142 -0.8794 -0.4621
vn -0.0274 -0.1261 -0.9916
vn -0.0000 -0.1731 -0.9849
vn -0.1410 -0.8396 -0.5246
vn -0.3908 -0.7747 -0.4972
vn -0.1433 -0.8806 -0.4518
vn -0.3549 -0.7487 -0.5599
vn -0.6780 -0.4932 -0.5450
vn -0.7326 -0.1309 -0.6679
vn -0.6277 -0.4895 -0.6052
vn -0.5584 -0.0716 -0.8265
vn -0.5443 -0.1452 -0.8262
vn 0.0486 -0.1452 -0.9882
vn 0.0542 -0.1729 -0.9835
vn 0.0274 -0.1261 -0.9916
vn 0.0076 -0.8243 -0.5661
vn -0.0607 -0.1294 -0.9897
vn -0.0486 -0.1452 -0.9882
vn -0.2045 -0.9620 0.1807
vn -0.5070 -0.8462 0.1640
vn -0.2071 -0.9615 0.1807
vn -0.0000 -0.9815 0.1916
vn -0.0049 -0.9797 0.2004
vn 0.2044 -0.9594 0.1944
vn 0.2028 -0.9590 0.1978
vn -0.8658 -0.4959 0.0668
vn -0.9997 0.0086 -0.0210
vn -0.8706 -0.4853 0.0807
vn 0.4996 -0.8468 0.1826
vn 0.4893 -0.8493 0.1983
vn 0.8653 -0.4855 0.1247
vn 0.8571 -0.4954 0.1409
vn -0.4999 -0.8531 0.1492
vn 0.9992 0.0238 0.0314
vn -0.0396 -0.2093 -0.9770
vn 0.6035 -0.1569 -0.7818
vn 0.4429 -0.2402 -0.8638
vn 0.6507 0.2307 -0.7234
vn 0.3381 0.5644 -0.7531
vn 0.3873 0.5045 -0.7717
vn 0.1491 0.6084 -0.7795
vn 0.1463 0.5886 -0.7951
vn 0.0117 0.5876 -0.8091
vn 0.0124 -0.2254 -0.9742
vn 0.0147 -0.2450 -0.9694
vn -0.1474 0.6069 -0.7810
vn -0.4252 0.5148 -0.7444
vn -0.3527 0.5248 -0.7747
vn -0.6515 0.2313 -0.7225
vn -0.7815 -0.1080 -0.6145
vn -0.6044 -0.1234 -0.7871
vn -0.5219 -0.2856 -0.8037
vn 0.0547 -0.1603 -0.9855
vn 0.0524 -0.1886 -0.9807
vn -0.0349 -0.2379 -0.9707
vn -0.0163 -0.2257 -0.9741
vn -0.5149 0.8380 -0.1803
vn -0.2043 0.9594 -0.1944
vn -0.2005 0.9608 -0.1916
vn -0.0000 0.9815 -0.1916
vn -0.0088 0.9816 -0.1907
vn 0.2042 0.9621 -0.1807
vn 0.2015 0.9628 -0.1802
vn -0.8545 0.5034 -0.1281
vn -0.9994 -0.0059 -0.0335
vn -0.8654 0.4853 -0.1247
vn 0.5000 0.8531 -0.1492
vn 0.4870 0.8607 -0.1486
vn 0.8658 0.4959 -0.0668
vn 0.8578 0.5095 -0.0674
vn -0.4997 0.8467 -0.1826
vn 0.9994 0.0060 0.0334
vn 0.0029 -0.1588 -0.9873
vn 0.0728 -0.2406 -0.9679
vn 0.0588 -0.1112 -0.9921
vn -0.1623 0.9189 -0.3597
vn -0.2009 0.8381 -0.5072
vn -0.1607 0.9472 -0.2775
vn -0.8554 0.1789 -0.4862
vn -0.6802 0.5650 -0.4670
vn -0.8507 0.4812 -0.2116
vn -0.3020 0.9533 0.0011
vn -0.3140 0.9494 0.0036
vn -0.3142 0.9493 0.0052
vn -0.0216 0.0272 -0.9994
vn -0.0435 0.3818 -0.9232
vn -0.0297 0.3782 -0.9253
vn -0.3613 0.9082 -0.2113
vn -0.3154 0.9419 -0.1158
vn -0.8529 0.5220 -0.0009
vn -0.7784 -0.2489 -0.5763
vn -0.7699 -0.0627 -0.6351
vn -0.7979 -0.1431 -0.5856
vn -0.9910 -0.0956 0.0938
vn -0.9924 -0.1232 0.0028
vn -0.9871 -0.1502 0.0550
vn -0.1619 0.9114 -0.3783
vn -0.0136 0.9193 -0.3934
vn -0.4155 0.3266 -0.8489
vn -0.6679 0.6657 -0.3329
vn -0.9347 0.1548 -0.3200
vn -0.9848 0.1738 0.0004
vn -0.4495 0.0306 -0.8928
vn -0.9520 0.0307 -0.3045
vn -0.9845 0.1753 0.0007
vn -0.9849 0.1732 -0.0000
vn -0.0155 0.9176 -0.3971
vn 0.1485 -0.0284 -0.9885
vn -0.8427 0.1411 -0.5196
vn -0.8221 0.2051 -0.5311
vn -0.2489 0.2548 0.9344
vn -0.1007 0.4061 0.9083
vn 0.0064 -1.0000 0.0011
vn 0.0001 1.0000 0.0048
vn -0.1660 0.9861 0.0061
vn 0.0007 1.0000 0.0029
vn 0.9836 -0.1806 -0.0006
vn 0.7392 -0.6735 0.0009
vn -0.6951 0.7189 0.0056
vn -0.1671 0.9859 0.0084
vn 0.2118 -0.9773 0.0010
vn -0.0045 0.4046 -0.9145
vn -0.0698 0.3959 -0.9156
vn -0.0044 0.4027 -0.9153
vn -0.2520 0.2535 -0.9339
vn -0.1013 0.4041 -0.9091
vn -0.2732 0.0060 -0.9619
vn -0.3475 0.0595 -0.9358
vn -0.3503 0.0568 -0.9349
vn -0.3502 0.0674 0.9342
vn -0.2463 0.2522 0.9358
vn -0.9811 0.1932 0.0017
vn -0.6949 0.7191 0.0033
vn -0.3754 0.0115 0.9268
vn -0.3453 0.0661 0.9362
vn -0.9995 0.0315 0.0074
vn 0.9994 -0.0340 -0.0037
vn 0.9835 -0.1808 0.0010
vn -0.4234 -0.7886 -0.4460
vn -0.4260 -0.9047 -0.0000
vn -0.3624 -0.7667 -0.5300
vn -0.4125 -0.4600 -0.7863
vn -0.9365 -0.1073 -0.3338
vn -0.9564 0.0456 -0.2884
vn -0.9201 -0.1790 -0.3485
vn -0.8058 0.4481 0.3871
vn -0.8487 0.1122 0.5168
vn -0.7714 0.1765 0.6114
vn -0.3500 -0.3989 -0.8476
vn -0.3991 -0.0063 -0.9169
vn -0.8591 -0.4161 -0.2982
vn -0.9155 -0.2829 -0.2862
vn -0.9123 -0.2394 -0.3323
vn -0.7269 -0.1649 0.6666
vn -0.8036 -0.3728 0.4640
vn -0.7288 -0.3338 0.5978
vn -0.3367 0.0794 -0.9383
vn -0.3878 0.4562 -0.8009
vn -0.8263 0.4013 0.3951
vn -0.3600 0.3494 -0.8650
vn -0.3806 0.8018 -0.4607
vn -0.6867 -0.6920 0.2227
vn -0.6574 -0.7035 0.2699
vn -0.3199 0.8637 -0.3895
vn -0.9531 0.0350 -0.3006
vn -0.9500 0.2943 -0.1039
vn -0.8895 -0.4170 -0.1866
vn -0.9688 0.1704 -0.1800
vn -0.9991 0.0343 0.0244
vn -0.8483 0.5295 -0.0053
vn -0.8609 0.5088 -0.0009
vn -0.3030 0.6126 -0.7300
vn -0.2585 0.4445 -0.8577
vn -0.2643 0.4353 -0.8606
vn -0.3291 0.8729 -0.3603
vn -0.3335 0.8672 -0.3699
vn -0.9997 -0.0224 0.0106
vn 1.0000 -0.0058 -0.0033
vn 1.0000 -0.0047 0.0001
vn -0.9991 -0.0425 0.0048
vn -0.8669 0.4984 0.0014
vn -0.2342 0.9667 -0.1033
vn -0.8891 0.4161 -0.1909
vn -0.2454 0.2523 -0.9360
vn -0.3043 0.6595 -0.6874
vn -0.3187 0.9478 0.0004
vn -0.5705 0.5842 -0.5772
vn -0.5763 0.5803 -0.5754
vn -0.0102 0.0297 -0.9995
vn 0.1075 -0.0412 -0.9934
vn 0.1381 -0.1135 -0.9839
vn -0.0325 -0.1442 -0.9890
vn 0.0384 -0.0026 0.9993
vn 0.1381 -0.1135 0.9839
vn 0.1331 -0.0371 0.9904
vn 0.0780 -0.0245 -0.9966
vn -0.8926 -0.4465 0.0628
vn -0.6658 -0.7461 0.0069
vn -0.6658 -0.7461 -0.0069
vn 0.9903 0.1385 -0.0110
vn 0.8313 0.5531 0.0549
vn 0.8313 0.5531 -0.0549
vn -0.3316 -0.9403 0.0765
vn -0.4156 -0.9083 -0.0475
vn -0.3316 -0.9403 -0.0765
vn -0.9989 -0.0301 0.0352
vn -0.8683 -0.4946 -0.0385
vn 0.9979 -0.0412 -0.0504
vn 0.9446 0.3223 0.0615
vn 0.0780 -0.0245 0.9966
vn -0.0280 0.0022 0.9996
vn 0.1075 -0.0412 0.9934
vn 0.0384 -0.0026 -0.9993
vn 0.1331 -0.0371 -0.9904
vn -0.0325 -0.1442 0.9890
vn -0.0733 0.0005 0.9973
vn -0.8926 -0.4465 -0.0628
vn 0.9446 0.3225 -0.0616
vn 0.9902 0.1391 0.0109
vn -0.4156 -0.9083 0.0475
vn -0.8683 -0.4946 0.0385
vn -0.9989 -0.0301 -0.0352
vn 0.9979 -0.0412 0.0505
vn -0.0280 0.0022 -0.9996
vn 0.0544 -0.9985 -0.0020
vn 0.0229 -0.2980 0.9543
vn -0.9746 -0.2048 -0.0905
vn -0.6543 -0.2669 0.7076
vn -0.1007 0.4061 -0.9083
vn -0.7126 -0.6834 -0.1589
vn -0.0022 0.9900 0.1408
vn -0.0512 -0.9985 -0.0207
vn -0.0202 -0.0744 0.9970
vn -0.0849 -0.2414 0.9667
vn 0.7526 -0.0322 0.6577
vn 0.3134 -0.2948 0.9027
vn 0.6247 -0.1854 0.7585
vn 0.9629 -0.1724 0.2075
vn -0.0329 -0.0497 -0.9982
vn 0.0388 -0.9521 0.3034
vn -0.4864 -0.8631 -0.1357
vn 0.4999 -0.8545 -0.1414
vn 0.4864 0.8671 0.1076
vn -0.5133 0.8517 0.1054
vn -0.0185 0.9986 0.0486
vn 0.0066 0.0084 0.9999
vn 0.0458 -0.9981 -0.0418
vn 0.0011 -0.0110 -0.9999
vn -0.9091 0.4148 0.0380
vn 0.7921 -0.6085 -0.0475
vn 0.0028 0.0060 1.0000
vn -0.9527 -0.3030 0.0218
vn 0.9152 0.4027 0.0164
vn -0.7720 -0.6354 -0.0170
vn -0.6083 0.2485 -0.7538
vn -0.0004 0.6849 -0.7287
vn 0.6198 -0.3369 -0.7087
vn 0.0558 0.6813 0.7299
vn -0.6056 -0.3415 0.7187
vn -0.5321 -0.4592 -0.7113
vn 0.5636 0.3916 -0.7273
vn 0.6715 0.3393 0.6587
vn -0.5634 0.4016 0.7221
vn 0.0001 -0.6966 -0.7175
vn -0.0644 -0.6719 0.7379
vn -0.5986 -0.1934 -0.7773
vn 0.5985 -0.1854 0.7794
vn 0.4306 -0.9023 0.0183
vn -0.9952 -0.0708 0.0674
vn 0.0539 0.0197 0.9984
vn 0.9998 -0.0000 -0.0215
vn -0.0736 -0.0025 0.9973
vn -0.0625 -0.0389 0.9973
vn -0.0347 -0.0649 0.9973
vn 0.0389 -0.0625 0.9973
vn 0.0649 -0.0347 0.9973
vn 0.0736 0.0025 0.9973
vn 0.0347 0.0649 0.9973
vn -0.0025 0.0736 0.9973
vn -0.0389 0.0625 0.9973
vn 0.1142 -0.8794 0.4621
vn -0.1433 -0.8806 0.4518
vn 0.0147 -0.2450 0.9694
vn -0.5219 -0.2856 0.8037
vn -0.8654 0.4853 0.1247
vn -0.0064 -0.1590 0.9873
vn -0.1328 0.8645 0.4847
vn -0.2963 0.9551 0.0070
vn -0.7979 -0.1431 0.5856
vn -0.9871 -0.1502 -0.0550
vn 0.0538 -0.0467 0.9975
vn 0.0007 1.0000 -0.0029
vn 0.9835 -0.1809 -0.0010
vn -0.0043 0.4028 0.9153
vn -0.2454 0.2523 0.9360
vn -0.2640 0.0080 0.9645
vn -0.3453 0.0661 -0.9362
vn -0.9998 0.0196 0.0010
vn -0.7765 -0.6301 -0.0000
vn 1.0000 -0.0066 0.0035
vn 0.0004 -1.0000 -0.0000
vn -0.0052 0.0223 0.9997
vn 0.0544 -0.9985 0.0020
vn 0.0229 -0.2980 -0.9543
vn -0.2693 -0.2209 -0.9374
vn -0.6543 -0.2669 -0.7076
vn 0.0110 0.6744 -0.7383
vn -0.9150 -0.2629 -0.3059
vn 0.0060 -0.0610 0.9981
vn -0.0311 -0.9496 -0.3118
vn -0.0023 0.9900 -0.1408
vn -0.0512 -0.9985 0.0207
vn -0.0202 -0.0744 -0.9970
vn -0.0849 -0.2414 -0.9667
vn 0.7526 -0.0322 -0.6577
vn 0.9935 -0.1136 0.0075
vn 0.9639 -0.2661 0.0131
vn 0.6247 -0.1854 -0.7585
vn 0.8244 -0.5388 0.1735
vn 0.0444 -0.1137 -0.9925
vn -0.0000 -0.1898 -0.9818
vn -0.0444 -0.1644 -0.9854
vn 0.7642 -0.1449 -0.6284
vn 0.3336 -0.7726 -0.5402
vn -0.4306 -0.7171 -0.5480
vn -0.3336 0.5937 -0.7323
vn -0.0000 0.2299 -0.9732
vn 0.1310 0.0956 0.9868
vn -0.0000 -0.2260 -0.9741
vn 0.0550 0.8497 0.5244
vn -0.0122 0.6926 -0.7212
vn 0.0403 0.9986 -0.0351
vn 0.0066 0.0084 -0.9999
vn 0.0458 -0.9981 0.0418
vn -0.0028 -0.0096 1.0000
vn -0.9091 0.4148 -0.0380
vn 0.7921 -0.6085 0.0475
vn 0.9472 -0.3172 -0.0476
vn -0.9527 -0.3030 -0.0218
vn 0.8680 0.4962 0.0181
vn -0.6730 0.3289 0.6625
vn -0.0004 0.6849 0.7286
vn 0.5349 -0.4756 -0.6984
vn -0.0024 0.6938 -0.7202
vn 0.5636 0.3916 0.7273
vn 0.6077 0.2597 -0.7505
vn -0.5634 0.4016 -0.7221
vn 0.0001 -0.6966 0.7175
vn 0.0001 -0.6888 -0.7249
vn -0.5986 -0.1934 0.7773
vn -0.6149 -0.1761 -0.7687
vn 0.5985 -0.1854 -0.7794
vn 0.6151 -0.1839 0.7667
vn 0.0066 -0.0016 1.0000
vn 0.0242 0.0307 0.9992
vn 0.4306 -0.9023 -0.0183
vn -0.9952 -0.0708 -0.0674
vn 0.0539 0.0197 -0.9984
vn -0.0736 -0.0024 -0.9973
vn -0.0649 0.0347 -0.9973
vn -0.0389 0.0625 -0.9973
vn 0.0347 0.0649 -0.9973
vn 0.0625 0.0389 -0.9973
vn 0.0736 0.0024 -0.9973
vn 0.0389 -0.0625 -0.9973
vn 0.0024 -0.0736 -0.9973
vn -0.0347 -0.0649 -0.9973
vn 0.4334 -0.6429 -0.6315
vn -0.6429 -0.4334 -0.6315
vn 0.3400 0.6968 -0.6315
vn 0.0684 -0.1426 -0.9874
vn -0.4337 -0.0862 -0.8969
vn 0.6357 0.3083 -0.7076
vn 0.2252 0.6190 -0.7524
vn -0.2053 0.6502 -0.7315
vn -0.6870 0.2210 -0.6923
vn 0.0058 -0.1419 -0.9899
vn -0.0064 -0.1590 -0.9873
vn -0.1328 0.8645 -0.4847
vn -0.8537 0.2124 -0.4755
vn -0.2963 0.9551 -0.0070
vn -0.8016 -0.1717 -0.5726
vn -0.9990 0.0359 0.0262
vn 0.0538 -0.0467 -0.9975
vn -0.2640 0.0080 -0.9645
vn -0.3774 0.0112 0.9260
vn -0.9998 0.0196 -0.0010
vn 0.9994 -0.0348 -0.0054
vn -0.8299 -0.0364 0.5567
vn 1.0000 -0.0066 -0.0035
vn 1.0000 -0.0037 -0.0032
vn -0.0052 0.0223 -0.9997
vn -0.0734 0.0005 -0.9973
vn -0.3849 -0.9205 0.0675
vn 0.9996 -0.0217 0.0161
vn -0.0501 0.0220 0.9985
vn -0.3849 -0.9205 -0.0675
vn 0.9996 -0.0217 -0.0161
vn -0.0501 0.0220 -0.9985
vt 0.875730 0.709937
vt 0.783477 0.681317
vt 0.875730 0.680718
vt 0.462516 0.626622
vt 0.503185 0.579209
vt 0.507040 0.622088
vt 0.781081 0.157636
vt 0.681576 0.172885
vt 0.616096 0.143357
vt 0.419554 0.524920
vt 0.484092 0.533082
vt 0.443921 0.555064
vt 0.460239 0.591575
vt 0.954718 0.027549
vt 0.987844 0.055557
vt 0.954386 0.055259
vt 0.550114 0.591039
vt 0.550040 0.558064
vt 0.954972 0.006273
vt 0.988173 0.028063
vt 0.584832 0.576220
vt 0.580631 0.546558
vt 0.533490 0.521061
vt 0.503607 0.496056
vt 0.463862 0.497650
vt 0.705770 0.634358
vt 0.741788 0.590907
vt 0.740077 0.636505
vt 0.667638 0.585720
vt 0.703336 0.480229
vt 0.708270 0.588954
vt 0.606607 0.493659
vt 0.645481 0.625793
vt 0.840118 0.353575
vt 0.793984 0.308736
vt 0.841008 0.300802
vt 0.899258 0.005867
vt 0.898835 0.027117
vt 0.954143 0.075649
vt 0.987602 0.075863
vt 0.898463 0.054446
vt 0.781629 0.101118
vt 0.607790 0.098828
vt 0.796022 0.249743
vt 0.222765 0.404197
vt 0.197116 0.366692
vt 0.235587 0.399703
vt 0.147398 0.536429
vt 0.027280 0.529664
vt 0.148328 0.490567
vt 0.839537 0.392910
vt 0.791909 0.431636
vt 0.792537 0.389084
vt 0.777482 0.480594
vt 0.776146 0.592226
vt 0.588496 0.471885
vt 0.566286 0.510751
vt 0.546480 0.485313
vt 0.597757 0.500225
vt 0.610257 0.535853
vt 0.604370 0.013869
vt 0.645260 0.037514
vt 0.604525 0.051957
vt 0.217235 0.533925
vt 0.898387 0.074818
vt 0.968446 0.680718
vt 0.777793 0.464954
vt 0.604414 0.423559
vt 0.778274 0.415749
vt 0.834916 0.085658
vt 0.839550 0.124075
vt 0.799138 0.119452
vt 0.935291 0.301608
vt 0.988080 0.250785
vt 0.991909 0.302115
vt 0.580053 0.238387
vt 0.632515 0.270706
vt 0.589394 0.279844
vt 0.683331 0.026375
vt 0.782387 0.044247
vt 0.617093 0.054161
vt 0.988017 0.126639
vt 0.642797 0.162634
vt 0.584136 0.189034
vt 0.598529 0.147505
vt 0.624123 0.237135
vt 0.809177 0.053386
vt 0.842915 0.026315
vt 0.842586 0.053809
vt 0.539562 0.263780
vt 0.843170 0.005007
vt 0.809506 0.025871
vt 0.809761 0.004536
vt 0.503208 0.260528
vt 0.529559 0.232848
vt 0.533662 0.193065
vt 0.545068 0.161514
vt 0.478504 0.322731
vt 0.431490 0.359135
vt 0.430094 0.323423
vt 0.836120 0.173824
vt 0.794995 0.168449
vt 0.934768 0.354698
vt 0.482110 0.400828
vt 0.594925 0.365594
vt 0.591388 0.419826
vt 0.578264 0.467871
vt 0.439043 0.423382
vt 0.842342 0.074217
vt 0.808932 0.073804
vt 0.605313 0.331454
vt 0.779080 0.333151
vt 0.479707 0.357642
vt 0.287025 0.543081
vt 0.407176 0.549829
vt 0.378160 0.606123
vt 0.934315 0.394089
vt 0.838989 0.432316
vt 0.989550 0.205045
vt 0.835174 0.240923
vt 0.835420 0.207062
vt 0.990861 0.394753
vt 0.933841 0.433495
vt 0.792869 0.240337
vt 0.793509 0.204479
vt 0.596382 0.288383
vt 0.595830 0.327033
vt 0.500529 0.193561
vt 0.468522 0.164114
vt 0.506876 0.163820
vt 0.498093 0.231471
vt 0.468575 0.193395
vt 0.641151 0.626763
vt 0.594179 0.584631
vt 0.622669 0.568656
vt 0.291309 0.497331
vt 0.219842 0.487767
vt 0.297277 0.053400
vt 0.223857 0.092920
vt 0.251925 0.028425
vt 0.181939 0.098249
vt 0.145607 0.121898
vt 0.143506 0.097307
vt 0.112741 0.130183
vt 0.103337 0.105744
vt 0.062661 0.128206
vt 0.082986 0.148639
vt 0.155505 0.168934
vt 0.152321 0.126874
vt 0.171667 0.151499
vt 0.188194 0.190109
vt 0.198974 0.168394
vt 0.230942 0.178048
vt 0.225702 0.202720
vt 0.265523 0.179635
vt 0.266620 0.205861
vt 0.309757 0.198473
vt 0.300637 0.172217
vt 0.332725 0.153614
vt 0.353619 0.175846
vt 0.180810 0.205856
vt 0.198926 0.294722
vt 0.146594 0.271492
vt 0.277236 0.155026
vt 0.235725 0.143525
vt 0.250050 0.125993
vt 0.208864 0.129047
vt 0.217788 0.107922
vt 0.644423 0.915771
vt 0.671267 0.882244
vt 0.679817 0.916103
vt 0.100922 0.241718
vt 0.077002 0.184170
vt 0.144138 0.182381
vt 0.184279 0.081584
vt 0.139810 0.026966
vt 0.201042 0.010107
vt 0.096812 0.087695
vt 0.029903 0.058636
vt 0.083579 0.036054
vt 0.320888 0.110960
vt 0.260271 0.112382
vt 0.316105 0.217949
vt 0.384995 0.244122
vt 0.327140 0.263782
vt 0.267553 0.270862
vt 0.222209 0.220371
vt 0.696984 0.840363
vt 0.685897 0.854758
vt 0.686347 0.842727
vt 0.594584 0.866318
vt 0.629959 0.837650
vt 0.629113 0.855704
vt 0.713774 0.797778
vt 0.688809 0.824370
vt 0.712915 0.899801
vt 0.686697 0.872981
vt 0.637649 0.871639
vt 0.613100 0.897846
vt 0.681880 0.779226
vt 0.673624 0.814708
vt 0.612992 0.797513
vt 0.655609 0.813977
vt 0.639627 0.822374
vt 0.732149 0.867059
vt 0.696293 0.858263
vt 0.652929 0.881331
vt 0.644988 0.779128
vt 0.594505 0.829452
vt 0.732149 0.829850
vt 0.656620 0.870532
vt 0.668868 0.870920
vt 0.640467 0.853139
vt 0.680824 0.831995
vt 0.679468 0.864966
vt 0.646235 0.864018
vt 0.670582 0.825442
vt 0.647564 0.830524
vt 0.658402 0.824894
vt 0.640989 0.840845
vt 0.141930 0.079888
vt 0.049490 0.110226
vt 0.112023 0.146941
vt 0.267488 0.224603
vt 0.367095 0.195264
vt 0.293016 0.144294
vt 0.178262 0.121715
vt 0.663520 0.847893
vt 0.319128 0.421274
vt 0.305891 0.387067
vt 0.319128 0.387067
vt 0.305891 0.421274
vt 0.293503 0.387067
vt 0.367548 0.421274
vt 0.378644 0.387067
vt 0.378644 0.421274
vt 0.344752 0.421274
vt 0.356361 0.387067
vt 0.356361 0.421274
vt 0.281894 0.421274
vt 0.270707 0.387067
vt 0.281894 0.387067
vt 0.293503 0.421274
vt 0.270707 0.421274
vt 0.259611 0.387067
vt 0.332364 0.387067
vt 0.332364 0.421274
vt 0.259611 0.421274
vt 0.248442 0.387067
vt 0.389813 0.387067
vt 0.389813 0.421274
vt 0.344752 0.387067
vt 0.367548 0.387067
vt 0.389813 0.320716
vt 0.378644 0.288874
vt 0.389813 0.288874
vt 0.305891 0.320716
vt 0.293503 0.288874
vt 0.305891 0.288874
vt 0.281894 0.320716
vt 0.270707 0.288874
vt 0.281894 0.288874
vt 0.332364 0.320716
vt 0.344752 0.288874
vt 0.344752 0.320716
vt 0.378644 0.320716
vt 0.367548 0.288874
vt 0.293503 0.320716
vt 0.259611 0.320716
vt 0.270707 0.320716
vt 0.319127 0.320716
vt 0.332364 0.288874
vt 0.356361 0.320716
vt 0.367548 0.320716
vt 0.248442 0.320716
vt 0.259611 0.288874
vt 0.319128 0.288874
vt 0.356361 0.288874
vt 0.338080 0.050129
vt 0.387036 0.036440
vt 0.385903 0.051610
vt 0.745425 0.716256
vt 0.751656 0.741994
vt 0.738013 0.734156
vt 0.356361 0.452446
vt 0.367548 0.452446
vt 0.183810 0.616491
vt 0.199470 0.571600
vt 0.210697 0.580170
vt 0.338311 0.030645
vt 0.389252 0.021191
vt 0.338152 0.069554
vt 0.387131 0.081922
vt 0.339257 0.088381
vt 0.169909 0.605913
vt 0.189025 0.562067
vt 0.215428 0.638009
vt 0.222699 0.587758
vt 0.235008 0.593789
vt 0.386025 0.066787
vt 0.144934 0.582322
vt 0.157092 0.594837
vt 0.340978 0.107045
vt 0.392612 0.111981
vt 0.342315 0.127208
vt 0.198849 0.626613
vt 0.656444 0.728053
vt 0.658623 0.754505
vt 0.642167 0.734162
vt 0.665548 0.674483
vt 0.640083 0.683112
vt 0.655428 0.661918
vt 0.130935 0.568316
vt 0.179178 0.551829
vt 0.744234 0.696918
vt 0.761319 0.717678
vt 0.668812 0.742967
vt 0.681825 0.766602
vt 0.654338 0.690285
vt 0.635471 0.708868
vt 0.734501 0.680166
vt 0.759459 0.691579
vt 0.705346 0.753383
vt 0.686032 0.751845
vt 0.651196 0.709403
vt 0.682652 0.665383
vt 0.678569 0.649705
vt 0.723718 0.747234
vt 0.707917 0.768559
vt 0.732627 0.759953
vt 0.333233 0.089068
vt 0.335173 0.107726
vt 0.331885 0.069921
vt 0.331373 0.050088
vt 0.332159 0.030485
vt 0.338071 0.010118
vt 0.210602 0.642585
vt 0.195271 0.631348
vt 0.180357 0.620920
vt 0.166389 0.610002
vt 0.141076 0.586437
vt 0.153638 0.598535
vt 0.127453 0.573671
vt 0.336188 0.126690
vt 0.389267 0.096985
vt 0.332364 0.452446
vt 0.344752 0.452446
vt 0.378644 0.452446
vt 0.389813 0.452446
vt 0.259611 0.452446
vt 0.248442 0.421274
vt 0.319128 0.452446
vt 0.270707 0.452446
vt 0.293503 0.452446
vt 0.281894 0.452446
vt 0.305891 0.452446
vt 0.344752 0.366278
vt 0.356361 0.342625
vt 0.356361 0.366278
vt 0.319127 0.366278
vt 0.305891 0.342625
vt 0.319127 0.342625
vt 0.259611 0.366278
vt 0.248442 0.342625
vt 0.259611 0.342625
vt 0.367548 0.342625
vt 0.367548 0.366278
vt 0.332364 0.342625
vt 0.332364 0.366278
vt 0.270707 0.366278
vt 0.270707 0.342625
vt 0.293503 0.366278
vt 0.281894 0.342625
vt 0.293503 0.342625
vt 0.378644 0.342625
vt 0.378644 0.366278
vt 0.344752 0.342625
vt 0.281894 0.366278
vt 0.305891 0.366278
vt 0.389813 0.342625
vt 0.389813 0.366278
vt 0.305891 0.477929
vt 0.319128 0.477929
vt 0.367548 0.477929
vt 0.378644 0.477929
vt 0.344752 0.477929
vt 0.356361 0.477929
vt 0.281894 0.477929
vt 0.293503 0.477929
vt 0.270707 0.477929
vt 0.332364 0.477929
vt 0.259611 0.477929
vt 0.248442 0.452446
vt 0.389813 0.477929
vt 0.400724 0.168735
vt 0.457680 0.279640
vt 0.399408 0.278944
vt 0.785419 0.828177
vt 0.740968 0.793603
vt 0.764173 0.769988
vt 0.471754 0.151373
vt 0.521082 0.111766
vt 0.520598 0.151961
vt 0.959864 0.796270
vt 0.974415 0.901049
vt 0.959249 0.908387
vt 0.472651 0.014707
vt 0.521936 0.036767
vt 0.472351 0.036172
vt 0.459248 0.144206
vt 0.402942 0.054681
vt 0.460343 0.055363
vt 0.919617 0.882743
vt 0.921333 0.821051
vt 0.807464 0.734177
vt 0.831739 0.837019
vt 0.790885 0.732943
vt 0.403459 0.013186
vt 0.460859 0.013868
vt 0.521489 0.076457
vt 0.472238 0.111178
vt 0.472645 0.075867
vt 0.400976 0.143510
vt 0.960492 0.784743
vt 0.974813 0.803620
vt 0.984624 0.907323
vt 0.984624 0.797451
vt 0.918050 0.894232
vt 0.959810 0.920245
vt 0.758692 0.760038
vt 0.787176 0.722038
vt 0.814291 0.724800
vt 0.843104 0.824661
vt 0.788160 0.839474
vt 0.836616 0.847820
vt 0.919989 0.809786
vt 0.854914 0.826712
vt 0.881270 0.827601
vt 0.889382 0.868536
vt 0.879425 0.874898
vt 0.745058 0.835664
vt 0.751987 0.826070
vt 0.891107 0.834335
vt 0.660340 0.933513
vt 0.597527 0.951016
vt 0.603496 0.908047
vt 0.883548 0.890235
vt 0.925772 0.956241
vt 0.879940 0.945887
vt 0.661575 0.960981
vt 0.705526 0.912053
vt 0.716490 0.944625
vt 0.898650 0.989062
vt 0.857869 0.986099
vt 0.600059 0.982279
vt 0.661195 0.989783
vt 0.969934 0.470260
vt 0.995487 0.438624
vt 0.995487 0.470260
vt 0.938616 0.997651
vt 0.715916 0.980036
vt 0.944007 0.917343
vt 0.964792 0.980055
vt 0.323529 0.589853
vt 0.241654 0.615197
vt 0.277017 0.560035
vt 0.246686 0.758397
vt 0.177308 0.821159
vt 0.188890 0.745382
vt 0.239913 0.825082
vt 0.177839 0.902254
vt 0.244229 0.896379
vt 0.190664 0.986781
vt 0.405829 0.633849
vt 0.340138 0.663710
vt 0.363816 0.613884
vt 0.381778 0.681128
vt 0.321076 0.718097
vt 0.366765 0.729909
vt 0.309892 0.778044
vt 0.359545 0.782778
vt 0.308264 0.842563
vt 0.360968 0.839192
vt 0.317318 0.910238
vt 0.372144 0.898282
vt 0.337004 0.979473
vt 0.211048 0.676423
vt 0.647781 0.265606
vt 0.670540 0.184557
vt 0.729351 0.244792
vt 0.263112 0.697186
vt 0.319976 0.659650
vt 0.299216 0.709447
vt 0.286435 0.764976
vt 0.282567 0.825140
vt 0.288877 0.888605
vt 0.262109 0.973949
vt 0.307436 0.953256
vt 0.410272 0.692522
vt 0.398221 0.736317
vt 0.393442 0.784052
vt 0.396599 0.834712
vt 0.408608 0.887048
vt 0.430973 0.939075
vt 0.395313 0.961170
vt 0.288109 0.641957
vt 0.799194 0.921010
vt 0.785650 0.873176
vt 0.801456 0.862259
vt 0.874977 0.923879
vt 0.847232 0.897295
vt 0.866725 0.887313
vt 0.840642 0.859491
vt 0.828934 0.878368
vt 0.821660 0.853239
vt 0.801964 0.850632
vt 0.814806 0.921601
vt 0.816267 0.874661
vt 0.782321 0.851593
vt 0.772604 0.875707
vt 0.763253 0.855956
vt 0.752826 0.893568
vt 0.734372 0.880892
vt 0.721997 0.918087
vt 0.751967 0.919222
vt 0.745003 0.918958
vt 0.770660 0.919930
vt 0.783557 0.920418
vt 0.827679 0.922088
vt 0.401444 0.351952
vt 0.420808 0.367121
vt 0.401198 0.367552
vt 0.420588 0.382362
vt 0.400978 0.382793
vt 0.420453 0.397603
vt 0.400844 0.398034
vt 0.402077 0.289545
vt 0.421531 0.320319
vt 0.401922 0.320750
vt 0.420359 0.413205
vt 0.400750 0.413636
vt 0.420709 0.444409
vt 0.401100 0.444840
vt 0.421053 0.351521
vt 0.402077 0.476029
vt 0.421686 0.475599
vt 0.853553 0.923068
vt 0.846526 0.922802
vt 0.782072 0.967682
vt 0.797007 0.979764
vt 0.863984 0.959716
vt 0.825624 0.965778
vt 0.845302 0.948290
vt 0.816471 0.990285
vt 0.835872 0.985486
vt 0.812713 0.968516
vt 0.777120 0.988952
vt 0.769254 0.964173
vt 0.731524 0.956112
vt 0.758437 0.983160
vt 0.750884 0.944867
vt 0.796635 0.991396
vt 0.974432 0.596311
vt 0.994506 0.580705
vt 0.994603 0.596754
vt 0.974570 0.611989
vt 0.994741 0.612432
vt 0.974796 0.627666
vt 0.994967 0.628109
vt 0.994867 0.548607
vt 0.975700 0.516080
vt 0.995871 0.516524
vt 0.975049 0.643714
vt 0.995220 0.644157
vt 0.975541 0.675810
vt 0.995712 0.676253
vt 0.974335 0.580261
vt 0.975700 0.707909
vt 0.995871 0.708352
vt 0.725165 0.274009
vt 0.736077 0.247784
vt 0.780940 0.201852
vt 0.072251 0.399806
vt 0.044896 0.432879
vt 0.023509 0.419424
vt 0.594503 0.648129
vt 0.645603 0.655639
vt 0.608932 0.670610
vt 0.030333 0.500325
vt 0.048390 0.506953
vt 0.021355 0.518787
vt 0.922901 0.552048
vt 0.974946 0.501420
vt 0.947623 0.570336
vt 0.035038 0.461895
vt 0.021593 0.469613
vt 0.772622 0.644387
vt 0.730381 0.664857
vt 0.730284 0.641036
vt 0.932955 0.250316
vt 0.840619 0.250020
vt 0.598861 0.046475
vt 0.565991 0.013918
vt 0.599226 0.014295
vt 0.567632 0.146791
vt 0.598177 0.106790
vt 0.601104 0.142965
vt 0.565261 0.078246
vt 0.598496 0.078657
vt 0.898793 0.556422
vt 0.905548 0.540438
vt 0.873908 0.583413
vt 0.906712 0.567365
vt 0.797803 0.602227
vt 0.833345 0.576647
vt 0.837396 0.594013
vt 0.893362 0.546242
vt 0.868473 0.568083
vt 0.794482 0.583543
vt 0.830113 0.559707
vt 0.892302 0.534096
vt 0.864398 0.553095
vt 0.791892 0.565107
vt 0.827614 0.542145
vt 0.932470 0.453196
vt 0.861729 0.537814
vt 0.905367 0.447199
vt 0.791300 0.439899
vt 0.862973 0.443074
vt 0.805631 0.637802
vt 0.846892 0.628137
vt 0.887477 0.614641
vt 0.926774 0.591514
vt 0.699516 0.285279
vt 0.780151 0.251053
vt 0.212269 0.440847
vt 0.125946 0.425094
vt 0.127360 0.400689
vt 0.170919 0.365238
vt 0.177377 0.350508
vt 0.203693 0.430852
vt 0.187380 0.374718
vt 0.019562 0.307107
vt 0.073045 0.266033
vt 0.075432 0.296010
vt 0.156283 0.402671
vt 0.153595 0.360277
vt 0.100084 0.293173
vt 0.169769 0.408643
vt 0.030445 0.319547
vt 0.080000 0.308807
vt 0.098463 0.308352
vt 0.121757 0.299697
vt 0.207414 0.352820
vt 0.115326 0.313517
vt 0.154807 0.345739
vt 0.104376 0.266748
vt 0.056605 0.346330
vt 0.054260 0.332678
vt 0.130312 0.273694
vt 0.217042 0.342202
vt 0.051118 0.379304
vt 0.153706 0.938484
vt 0.041176 0.922792
vt 0.129719 0.889546
vt 0.022723 0.852925
vt 0.120714 0.839345
vt 0.903976 0.771826
vt 0.932620 0.754267
vt 0.933306 0.778493
vt 0.624300 0.772262
vt 0.619922 0.741622
vt 0.632225 0.748847
vt 0.019247 0.780745
vt 0.123999 0.788450
vt 0.983727 0.749560
vt 0.950093 0.749427
vt 0.963052 0.736660
vt 0.588999 0.740303
vt 0.608386 0.716175
vt 0.611512 0.730096
vt 0.030339 0.709339
vt 0.137544 0.739279
vt 0.650133 0.775072
vt 0.648084 0.750438
vt 0.055197 0.641486
vt 0.159091 0.693053
vt 0.603136 0.671409
vt 0.611059 0.702160
vt 0.588226 0.692690
vt 0.094827 0.576917
vt 0.189028 0.647510
vt 0.881307 0.751898
vt 0.914980 0.750134
vt 0.962147 0.770409
vt 0.603332 0.759946
vt 0.583670 0.716577
vt 0.993215 0.717282
vt 0.968637 0.715528
vt 0.870335 0.719943
vt 0.901438 0.737987
vt 0.931764 0.714388
vt 0.894912 0.717084
vt 0.867608 0.443275
vt 0.565378 0.067953
vt 0.687224 0.660730
vt 0.683878 0.644470
vt 0.526322 0.154049
vt 0.559186 0.130140
vt 0.558083 0.152639
vt 0.991325 0.355323
vt 0.988990 0.171643
vt 0.477972 0.286967
vt 0.429254 0.288127
vt 0.466709 0.258977
vt 0.968446 0.651503
vt 0.875730 0.651503
vt 0.740370 0.480237
vt 0.793250 0.346522
vt 0.773992 0.638098
vt 0.620249 0.562996
vt 0.783477 0.651503
vt 0.559130 0.070924
vt 0.525469 0.105416
vt 0.525766 0.068630
vt 0.536724 0.041066
vt 0.531030 0.013521
vt 0.438591 0.494113
vt 0.480942 0.441560
vt 0.511231 0.456468
vt 0.548496 0.058910
vt 0.686467 0.636672
vt 0.651990 0.640146
vt 0.649102 0.631648
vt 0.006834 0.469291
vt 0.558708 0.104646
vt 0.525835 0.130436
vt 0.017623 0.505726
vt 0.838846 0.722086
vt 0.869777 0.747435
vt 0.846889 0.757751
vt 0.868282 0.787398
vt 0.885287 0.768928
vt 0.899593 0.806273
vt 0.919405 0.639857
vt 0.932624 0.600705
vt 0.950949 0.619068
vt 0.664421 0.724698
vt 0.693337 0.674615
vt 0.722253 0.724698
vt 0.882233 0.646600
vt 0.909756 0.615776
vt 0.971804 0.587567
vt 0.569982 0.986709
vt 0.589277 0.941318
vt 0.592969 0.984794
vt 0.547151 0.988461
vt 0.566409 0.942532
vt 0.523784 0.989462
vt 0.544656 0.943052
vt 0.502245 0.943358
vt 0.523450 0.943136
vt 0.542259 0.835180
vt 0.563402 0.888982
vt 0.543046 0.890341
vt 0.500406 0.988799
vt 0.480486 0.943153
vt 0.477553 0.987377
vt 0.457604 0.942270
vt 0.522004 0.743569
vt 0.541769 0.787362
vt 0.522327 0.788085
vt 0.482718 0.889566
vt 0.503079 0.835464
vt 0.503092 0.890630
vt 0.562872 0.835652
vt 0.585705 0.887726
vt 0.522669 0.835235
vt 0.523072 0.890944
vt 0.460400 0.888633
vt 0.482476 0.836235
vt 0.540029 0.689531
vt 0.558911 0.738133
vt 0.540009 0.741750
vt 0.583320 0.784775
vt 0.561872 0.786103
vt 0.461293 0.785660
vt 0.485022 0.738670
vt 0.482758 0.786677
vt 0.502877 0.787644
vt 0.503974 0.742012
vt 0.460228 0.836469
vt 0.585121 0.835564
vt 0.463167 0.688149
vt 0.479649 0.636279
vt 0.484038 0.688347
vt 0.503195 0.689798
vt 0.521619 0.690614
vt 0.559164 0.687802
vt 0.579768 0.735713
vt 0.464132 0.736552
vt 0.521187 0.631122
vt 0.542403 0.632657
vt 0.499996 0.632965
vt 0.562797 0.635675
vt 0.580030 0.687301
vt 0.080661 0.479109
vt 0.068610 0.481487
vt 0.070845 0.474495
vt 0.097189 0.428853
vt 0.095699 0.439455
vt 0.090520 0.437313
vt 0.091577 0.454666
vt 0.078577 0.455993
vt 0.081824 0.450143
vt 0.073126 0.468141
vt 0.066616 0.489813
vt 0.071817 0.491995
vt 0.065148 0.500597
vt 0.085670 0.444084
vt 0.086781 0.467179
vt 0.075695 0.461985
vt 0.101640 0.439123
vt 0.103378 0.457253
vt 0.089330 0.461015
vt 0.095119 0.479970
vt 0.083910 0.473196
vt 0.075692 0.496439
vt 0.093763 0.447682
vt 0.083742 0.491706
vt 0.076802 0.485105
vt 0.103287 0.448715
vt 0.099071 0.472977
vt 0.090125 0.486188
vt 0.120163 0.469655
vt 0.101862 0.465351
vt 0.089011 0.502833
vt 0.107594 0.435503
vt 0.120163 0.457122
vt 0.109091 0.491304
vt 0.077107 0.503096
vt 0.115995 0.445020
vt 0.116242 0.481494
vt 0.071862 0.216806
vt 0.080763 0.204627
vt 0.085682 0.217768
vt 0.026291 0.262657
vt 0.036753 0.253426
vt 0.038122 0.266033
vt 0.062274 0.262393
vt 0.058656 0.240080
vt 0.073091 0.254927
vt 0.068627 0.225661
vt 0.085682 0.231483
vt 0.015219 0.256248
vt 0.027006 0.255677
vt 0.050289 0.266055
vt 0.052165 0.245733
vt 0.081280 0.244236
vt 0.073151 0.206409
vt 0.072143 0.194088
vt 0.044921 0.250175
vt 0.064202 0.233343
vt 0.048241 0.229871
vt 0.066993 0.204517
vt 0.024805 0.249841
vt 0.062108 0.212420
vt 0.043235 0.234963
vt 0.057553 0.218806
vt 0.037932 0.239799
vt 0.062410 0.200565
vt 0.031998 0.244609
vt 0.029517 0.231857
vt 0.038732 0.220742
vt 0.053002 0.224505
vt 0.055036 0.205918
vt 0.025022 0.238181
vt 0.020264 0.245928
vt 0.043816 0.215726
vt 0.018468 0.225161
vt 0.034022 0.226164
vt 0.034627 0.204996
vt 0.049073 0.210823
vt 0.059925 0.194742
vt 0.015489 0.233926
vt 0.014093 0.244272
vt 0.028249 0.210832
vt 0.050055 0.196897
vt 0.036224 0.184650
vt 0.041854 0.200381
vt 0.006660 0.245988
vt 0.005253 0.207119
vt 0.022960 0.217614
vt 0.024205 0.188460
vt 0.060796 0.187400
vt 0.002031 0.233140
vt 0.013381 0.196143
vt 0.067372 0.449107
vt 0.046452 0.447724
vt 0.053487 0.438036
vt 0.042506 0.471734
vt 0.058939 0.480361
vt 0.046484 0.483603
vt 0.086841 0.432760
vt 0.085444 0.426268
vt 0.072581 0.443103
vt 0.062548 0.430371
vt 0.042562 0.459395
vt 0.059012 0.471804
vt 0.054402 0.493831
vt 0.060619 0.490122
vt 0.078810 0.437699
vt 0.073723 0.426683
vt 0.060604 0.463726
vt 0.063418 0.456117
vt 0.098878 0.417320
vt 0.100102 0.394221
vt 0.974235 0.477599
vt 0.988427 0.006841
vt 0.652163 0.482357
vt 0.049736 0.588793
vt 0.650103 0.013685
vt 0.628611 0.198008
vt 0.990074 0.238494
vt 0.467780 0.230531
vt 0.592519 0.642231
vt 0.129139 0.136831
vt 0.255670 0.165913
vt 0.331750 0.011169
vt 0.248442 0.366278
vt 0.248442 0.477929
vt 0.458996 0.169431
vt 0.729325 0.790982
vt 0.717334 0.197698
vt 0.635764 0.218512
vt 0.694574 0.278746
vt 0.974695 0.548164
vt 0.564898 0.107039
vt 0.790032 0.545889
vt 0.013789 0.276392
vt 0.141857 0.397697
vt 0.076230 0.989956
vt 0.431808 0.436623
vt 0.863947 0.721580
vt 0.882808 0.620665
vt 0.783477 0.711135
vt 0.780641 0.191511
vt 0.968446 0.709937
vt 0.603878 0.478447
vt 0.782843 0.010371
vt 0.989405 0.087506
vt 0.990390 0.434171
vt 0.248442 0.288874
vt 0.170971 0.540945
vt 0.746238 0.668999
vt 0.522236 0.015303
vt 0.969934 0.438624
vt 0.982956 0.954833
vt 0.716511 0.266428
vt 0.669417 0.278445
vt 0.635463 0.243669
vt 0.648603 0.196875
vt 0.695697 0.184858
vt 0.729652 0.219635
vt 0.430973 0.653532
vt 0.350207 0.616811
vt 0.421686 0.289114
vt 0.736975 0.195250
vt 0.071178 0.422339
vt 0.046617 0.501788
vt 0.770749 0.668052
vt 0.605608 0.287121
vt 0.197561 0.463146
vt 0.228462 0.316064
vt 0.620313 0.689184
vt 0.529775 0.483506
vt 0.907986 0.782611
vt 0.693337 0.741393
vt 0.664421 0.691309
vt 0.722253 0.691309
vt 0.947743 0.577868
vt 0.454540 0.985793
vt 0.458769 0.638898
vt 0.583712 0.637991
vt 0.099833 0.498192
vt 0.048393 0.184533
vt 0.001984 0.220015
vt 0.955980 0.461120
s 1
f 1205/1/1 446/2/2 445/3/3
f 1217/4/4 1221/5/5 1219/6/6
f 1227/7/7 1223/8/8 1225/9/9
f 1208/10/10 1232/11/11 1233/12/12
f 8/11/13 7/13/14 9/12/15
f 1235/14/16 7/15/14 1234/16/17
f 1236/17/18 1221/5/5 1237/18/18
f 1210/19/19 1233/20/12 23/14/20
f 447/21/18 1237/18/18 448/22/18
f 6/5/21 1242/23/22 14/18/22
f 1243/24/23 1232/11/11 1231/25/24
f 1204/26/25 449/27/26 1206/28/26
f 1248/29/27 12/30/28 11/31/28
f 1/32/29 1249/29/30 1224/33/31
f 62/34/32 1214/35/33 1561/36/34
f 1256/37/35 23/14/20 1257/38/36
f 20/39/37 1222/15/38 1217/40/4
f 61/38/39 1234/16/17 1258/41/40
f 1260/42/41 1225/9/9 1259/43/42
f 1215/44/43 56/36/44 1213/35/45
f 1548/45/46 414/46/47 1551/47/48
f 1204/26/25 25/29/49 1247/31/26
f 1226/48/50 1204/49/25 1261/50/51
f 450/51/32 1264/52/32 1263/53/32
f 1244/27/28 1127/54/28 1132/55/28
f 1266/56/23 1268/57/23 1265/58/23
f 1240/22/22 1130/59/22 1129/60/22
f 63/61/52 1262/62/53 10/63/54
f 18/50/55 57/64/56 19/48/57
f 58/65/58 22/16/59 20/39/37
f 454/66/60 1205/1/1 445/3/3
f 1275/67/61 1279/68/62 1277/69/62
f 28/70/63 1293/71/64 1280/72/65
f 1281/73/66 28/74/63 1280/75/65
f 1286/76/67 1282/77/68 1284/78/69
f 1288/79/70 1292/80/71 1290/81/72
f 28/70/63 1294/82/73 1293/71/64
f 33/83/74 1296/84/75 1295/85/76
f 36/84/77 35/86/78 34/76/79
f 35/87/78 1299/88/80 1298/89/80
f 1300/90/81 1286/76/67 1284/78/69
f 51/91/82 1297/92/83 33/93/74
f 455/94/81 1301/95/81 1300/90/81
f 34/76/79 1306/96/84 36/84/77
f 1296/84/75 1307/97/85 1295/85/76
f 457/98/86 1274/99/87 1271/100/88
f 1280/72/65 1311/101/89 1310/102/89
f 29/75/90 54/103/32 46/73/32
f 32/82/91 39/101/92 30/71/93
f 1312/104/94 42/105/95 1285/106/96
f 1313/104/97 26/107/98 1289/108/99
f 46/73/32 62/34/32 1561/36/34
f 1256/37/35 53/88/82 51/91/82
f 1287/87/100 50/109/101 1282/110/68
f 1298/89/80 61/38/39 1258/41/40
f 1290/81/72 1260/42/41 1259/43/42
f 1277/69/62 1267/111/102 59/112/103
f 55/104/104 1274/99/87 1314/113/86
f 1291/114/105 1274/115/87 31/116/106
f 458/117/32 1142/118/32 450/51/32
f 1319/119/92 1322/120/92 1321/121/92
f 1323/122/32 1141/123/32 458/117/32
f 461/121/89 1135/124/89 462/125/89
f 1308/98/95 1303/126/95 1302/127/95
f 1325/128/85 1138/129/85 460/130/85
f 1304/131/84 1140/132/84 463/128/84
f 63/133/52 1316/134/107 1270/135/108
f 48/136/109 57/64/56 65/137/110
f 52/89/101 58/65/58 50/109/101
f 77/138/111 1327/139/112 66/140/113
f 1329/141/114 1332/142/115 1330/143/116
f 1330/143/116 1334/144/117 1333/145/118
f 1335/146/119 1334/144/117 1336/147/120
f 1337/148/121 1336/149/120 1338/150/122
f 1339/151/123 1338/150/122 1340/152/124
f 1339/151/123 1342/153/125 1341/154/126
f 1341/154/126 1344/155/127 1343/156/128
f 1345/157/129 1344/155/127 1346/158/130
f 1345/157/129 1348/159/131 1347/160/132
f 1349/161/133 73/162/134 72/163/135
f 1347/164/132 1352/165/136 1351/166/137
f 1351/166/137 1354/167/138 1353/168/139
f 83/169/140 96/170/141 84/171/142
f 71/172/143 1349/161/133 72/163/135
f 70/173/144 1355/174/145 71/172/143
f 1357/175/146 68/176/147 67/177/148
f 1327/139/112 67/177/148 66/140/113
f 1359/178/149 70/179/144 69/180/150
f 68/176/147 1359/178/149 69/180/150
f 76/181/151 1328/182/152 77/138/111
f 1361/183/153 76/184/151 75/185/154
f 74/186/155 1361/183/153 75/185/154
f 1350/187/156 74/186/155 73/162/134
f 99/188/157 129/189/158 128/190/159
f 81/191/160 92/192/161 93/193/162
f 88/194/163 99/188/157 100/195/164
f 85/196/165 96/170/141 97/197/166
f 81/191/160 94/198/167 82/199/168
f 89/200/169 100/195/164 101/201/170
f 79/202/171 90/203/172 91/204/173
f 86/205/174 97/197/166 98/206/175
f 83/169/140 94/198/167 95/207/176
f 89/200/169 90/203/172 78/208/177
f 79/202/171 92/192/161 80/209/178
f 86/205/174 99/188/157 87/210/179
f 96/170/141 132/211/180 131/212/181
f 92/192/161 134/213/182 93/193/162
f 99/188/157 127/214/183 100/195/164
f 97/197/166 131/212/181 130/215/184
f 94/198/167 134/213/182 133/216/185
f 100/195/164 126/217/186 101/201/170
f 90/203/172 137/218/187 91/204/173
f 98/206/175 130/215/184 129/189/158
f 95/207/176 133/216/185 132/211/180
f 101/201/170 136/219/188 90/203/172
f 91/204/173 135/220/189 92/192/161
f 102/139/190 104/141/191 105/175/192
f 107/221/193 104/141/191 106/143/194
f 107/221/193 108/145/195 109/178/196
f 111/222/197 108/145/195 110/146/198
f 111/223/197 112/148/199 113/174/200
f 115/161/201 112/148/199 114/151/202
f 117/187/203 114/151/202 116/154/204
f 119/224/205 116/154/204 118/156/206
f 119/224/205 120/157/207 121/183/208
f 121/183/208 122/160/209 123/225/210
f 123/226/210 124/166/211 125/182/212
f 102/139/190 124/166/211 103/168/213
f 1353/168/139 1331/227/214 1329/141/114
f 131/212/181 132/211/180 138/228/215
f 134/213/182 135/220/189 138/228/215
f 127/214/183 128/190/159 138/228/215
f 130/215/184 131/212/181 138/228/215
f 133/216/185 134/213/182 138/228/215
f 126/217/186 127/214/183 138/228/215
f 137/218/187 136/219/188 138/228/215
f 129/189/158 130/215/184 138/228/215
f 132/211/180 133/216/185 138/228/215
f 136/219/188 126/217/186 138/228/215
f 135/220/189 137/218/187 138/228/215
f 128/190/159 129/189/158 138/228/215
f 186/229/216 153/230/217 154/231/218
f 177/232/219 152/233/220 153/230/217
f 180/234/221 159/235/222 179/236/223
f 178/237/224 157/238/225 175/239/226
f 182/240/227 162/241/228 151/242/229
f 181/243/230 151/242/229 152/233/220
f 183/244/231 161/245/232 162/241/228
f 186/229/216 155/246/233 185/247/234
f 184/248/235 160/249/236 161/245/232
f 179/236/223 160/250/236 176/251/237
f 185/247/234 156/252/238 178/237/224
f 175/239/226 158/253/239 180/234/221
f 267/254/240 1363/255/241 1364/256/242
f 269/257/243 1365/258/244 1366/259/245
f 270/260/246 1368/261/247 1367/262/248
f 262/263/249 1370/264/250 268/265/251
f 259/266/252 1371/267/253 1363/255/241
f 260/268/254 1367/262/248 1365/258/244
f 264/269/255 1368/261/247 261/270/256
f 265/271/257 1369/272/258 262/263/249
f 266/273/259 1371/267/253 263/274/260
f 267/275/240 1372/276/261 264/269/255
f 265/271/257 1366/259/245 1373/277/262
f 268/265/251 1374/278/263 266/273/259
f 1376/279/264 195/280/265 196/281/266
f 174/282/267 1377/283/268 163/284/269
f 242/285/270 180/234/221 244/286/271
f 1380/287/272 191/288/273 192/289/274
f 1375/290/275 194/291/276 195/280/265
f 1382/292/277 198/293/278 1383/294/279
f 1379/295/280 190/296/281 191/288/273
f 1381/297/282 193/298/283 194/299/276
f 1376/279/264 197/300/284 1382/292/277
f 1386/301/285 190/296/281 1384/302/286
f 1387/303/287 188/304/288 1388/305/289
f 1385/306/290 192/289/274 193/298/283
f 168/307/291 1389/308/292 1390/309/293
f 171/310/294 1391/311/295 1392/312/296
f 1388/313/289 189/314/297 1386/301/285
f 173/315/298 1378/316/299 174/282/267
f 167/317/300 1394/318/301 1389/308/292
f 170/319/302 1395/320/303 1391/311/295
f 172/321/304 1393/322/305 173/315/298
f 165/323/306 1394/318/301 166/324/307
f 169/325/308 1390/309/293 1395/320/303
f 172/326/304 1392/312/296 1396/327/309
f 164/328/310 1397/329/311 165/323/306
f 163/284/269 1398/330/312 164/328/310
f 221/331/313 199/303/314 200/332/315
f 219/333/316 222/294/317 221/331/313
f 217/334/318 220/292/319 219/333/316
f 217/334/318 216/290/320 218/279/321
f 215/335/322 214/336/323 216/290/320
f 213/337/324 212/306/325 214/297/323
f 211/338/326 210/287/327 212/306/325
f 209/339/328 208/295/329 210/287/327
f 207/340/330 206/302/331 208/295/329
f 203/341/332 206/302/331 205/342/333
f 201/343/334 204/301/335 203/341/332
f 200/332/315 202/305/336 201/344/334
f 1383/294/279 187/345/337 1387/303/287
f 235/346/338 178/237/224 239/347/339
f 238/348/340 176/251/237 241/349/341
f 245/350/342 176/351/237 184/248/235
f 246/352/343 185/247/234 235/346/338
f 236/353/344 184/248/235 183/244/231
f 237/354/345 182/240/227 181/243/230
f 243/355/346 183/244/231 182/240/227
f 239/347/339 175/239/226 242/285/270
f 244/286/271 179/236/223 238/348/340
f 240/356/347 181/243/230 177/232/219
f 246/352/343 177/232/219 186/229/216
f 250/357/348 234/358/349 251/359/350
f 253/360/351 226/361/352 233/362/353
f 254/363/354 224/364/355 232/365/356
f 251/359/350 231/366/357 257/367/358
f 253/360/351 229/368/359 255/369/360
f 252/370/361 232/365/356 227/371/362
f 258/372/363 228/373/364 225/374/365
f 257/367/358 223/375/366 256/376/367
f 255/369/360 230/377/368 250/357/348
f 249/378/369 227/371/362 228/373/364
f 248/379/370 225/374/365 226/361/352
f 256/376/367 224/380/355 247/381/371
f 141/382/372 246/352/343 142/383/373
f 141/382/372 237/354/345 240/356/347
f 146/384/374 238/348/340 147/385/375
f 144/386/376 242/285/270 145/387/377
f 139/388/378 236/353/344 243/355/346
f 140/389/379 243/355/346 237/354/345
f 150/390/380 245/350/342 236/353/344
f 143/391/381 246/352/343 235/346/338
f 149/392/382 241/393/341 245/350/342
f 147/385/375 241/349/341 148/394/383
f 143/391/381 239/347/339 144/386/376
f 145/387/377 244/286/271 146/384/374
f 160/250/236 256/376/367 247/381/371
f 153/230/217 258/372/363 248/379/370
f 151/242/229 252/370/361 249/378/369
f 155/246/233 250/357/348 156/252/238
f 158/253/239 256/376/367 159/235/222
f 152/233/220 249/378/369 258/372/363
f 162/241/228 254/363/354 252/370/361
f 154/231/218 255/369/360 155/246/233
f 157/238/225 257/367/358 158/253/239
f 160/249/236 254/363/354 161/245/232
f 154/231/218 248/379/370 253/360/351
f 156/252/238 251/359/350 157/238/225
f 230/377/368 266/273/259 234/358/349
f 233/362/353 269/257/243 265/271/257
f 224/364/355 264/269/255 232/365/356
f 231/366/357 266/273/259 263/274/260
f 233/362/353 262/263/249 229/368/359
f 232/365/356 261/270/256 227/371/362
f 225/374/365 270/260/246 260/268/254
f 223/375/366 263/274/260 259/266/252
f 229/368/359 268/265/251 230/377/368
f 227/371/362 270/260/246 228/373/364
f 226/361/352 260/268/254 269/257/243
f 224/380/355 259/266/252 267/254/240
f 1402/395/384 1408/396/385 1399/397/386
f 1414/398/387 1412/399/388 1411/400/389
f 1423/401/390 1417/402/391 1420/403/392
f 1431/404/393 1433/405/394 1435/406/395
f 1400/407/396 1437/408/397 1440/409/398
f 1444/410/399 1450/411/400 1443/412/401
f 1431/404/393 1452/413/402 1451/414/403
f 1453/415/404 1459/416/405 1455/417/406
f 1443/412/401 1424/418/407 1421/419/408
f 1462/420/409 1427/421/410 1461/422/411
f 1445/410/412 1403/395/413 1448/423/414
f 1461/422/411 1438/408/415 1462/420/409
f 1411/400/389 1459/416/405 1414/398/387
f 1439/424/416 1430/425/417 1432/404/418
f 1407/426/419 274/425/420 273/427/421
f 275/428/422 1436/406/423 1446/429/424
f 1456/417/425 284/430/426 1449/431/427
f 1404/432/428 1458/433/429 1454/415/430
f 279/434/431 1460/416/432 1442/435/433
f 272/436/434 287/404/435 271/414/436
f 290/429/437 277/405/438 278/426/439
f 285/415/440 291/431/441 286/432/442
f 294/435/443 281/433/444 282/437/445
f 1419/438/446 1463/439/447 1422/440/448
f 1428/441/449 1413/399/450 1416/442/451
f 1466/443/452 272/436/434 271/414/436
f 299/442/453 279/434/431 300/441/454
f 301/399/455 284/430/426 283/400/456
f 1464/439/457 275/428/422 298/440/458
f 1451/414/403 297/439/459 295/443/460
f 1467/444/461 1470/445/462 1468/446/463
f 1474/447/464 1471/448/465 1472/449/466
f 1469/450/467 1477/451/468 1475/452/469
f 309/449/470 303/453/471 305/454/472
f 310/455/473 304/450/474 308/456/475
f 1481/457/476 1478/458/477 1479/459/478
f 307/448/479 311/460/480 303/453/471
f 304/450/474 1482/461/481 308/456/475
f 1473/462/482 313/463/483 1471/448/465
f 1484/464/484 1144/465/113 1146/466/485
f 1485/467/486 1148/468/60 1147/469/487
f 1486/470/488 1149/471/489 1148/468/60
f 1487/472/490 1150/473/491 1149/471/489
f 1488/474/492 1151/475/135 1150/476/491
f 1489/477/493 1152/478/494 1151/475/135
f 1490/479/495 1153/480/496 1152/478/494
f 1491/481/497 1154/482/32 1153/480/496
f 1492/483/498 1155/484/499 1154/482/32
f 1493/485/500 1146/486/485 1155/484/499
f 1145/487/501 1485/467/486 1147/469/487
f 1499/488/502 1503/489/503 1496/490/504
f 1144/465/113 1494/491/505 1145/487/501
f 318/491/506 315/492/507 317/493/508
f 320/467/509 317/493/508 319/494/510
f 320/467/509 321/495/511 322/470/512
f 324/472/513 321/495/511 323/496/514
f 326/497/515 323/496/514 325/498/516
f 326/474/515 327/499/517 328/477/518
f 328/477/518 329/500/519 330/479/520
f 330/479/520 331/501/521 332/481/522
f 334/483/523 331/501/521 333/502/524
f 336/485/525 333/502/524 335/503/526
f 336/485/525 337/504/527 338/505/528
f 338/464/528 315/492/507 316/506/529
f 1511/507/530 1509/508/531 1507/509/532
f 1514/510/533 1515/511/534 1513/512/535
f 1515/511/534 1517/513/536 1513/512/535
f 1518/514/537 1519/515/538 1517/513/536
f 1519/515/538 1508/509/539 1522/516/540
f 344/514/541 1523/517/542 1521/518/543
f 1525/519/544 1526/520/545 1524/521/546
f 1524/521/546 1528/522/547 1527/523/548
f 1528/522/547 1529/524/549 1527/523/548
f 339/518/550 389/507/551 346/509/552
f 350/522/553 388/525/542 375/526/554
f 392/527/542 350/522/553 348/520/555
f 1508/509/539 1525/519/544 1522/516/540
f 393/528/542 348/520/555 352/508/556
f 342/511/557 391/529/542 344/514/541
f 347/530/558 359/531/559 351/532/560
f 351/532/560 356/533/561 345/534/562
f 345/534/562 353/535/563 340/536/564
f 374/537/565 358/538/566 349/539/567
f 340/536/564 355/540/568 343/541/569
f 343/541/569 354/542/570 341/543/571
f 349/539/567 357/544/572 347/530/558
f 362/545/573 354/542/570 379/546/574
f 363/547/575 387/548/542 342/511/557
f 1533/549/576 1511/507/530 1531/550/577
f 1535/551/578 1516/547/579 1514/510/533
f 1535/551/578 1538/552/580 1536/553/581
f 1539/554/582 1538/552/580 1537/555/583
f 1539/554/582 1532/550/584 1540/556/585
f 367/552/586 1523/517/542 391/529/542
f 1544/557/587 1545/558/588 1534/549/589
f 1546/559/590 1545/558/588 1543/560/591
f 1546/559/590 1530/526/592 1547/561/593
f 360/556/594 389/507/551 390/517/551
f 373/561/595 375/526/554 388/525/542
f 373/561/595 392/527/542 371/558/596
f 1544/557/587 1532/550/584 1542/562/597
f 371/558/596 393/528/542 377/549/598
f 365/553/599 391/529/542 387/548/542
f 386/563/600 370/564/601 376/565/602
f 382/566/603 376/565/602 368/567/604
f 378/568/605 368/567/604 361/569/606
f 372/570/607 385/571/608 374/572/565
f 381/573/609 361/569/606 366/574/610
f 380/575/611 366/574/610 364/576/612
f 383/577/613 372/570/607 370/564/601
f 379/578/574 364/576/612 362/579/573
f 363/547/575 365/553/599 387/548/542
f 1625/580/614 1627/581/615 1209/582/616
f 634/583/617 1557/584/618 401/585/619
f 1216/586/620 1559/587/621 1562/588/622
f 402/589/623 1554/590/624 465/591/625
f 411/592/626 1624/593/627 398/594/628
f 401/585/619 1251/595/629 1570/596/630
f 1131/597/631 1317/598/631 451/599/632
f 47/600/66 56/36/44 64/601/633
f 452/602/634 1157/603/635 1128/604/634
f 1212/605/636 1230/606/637 5/607/638
f 4/606/639 1563/608/640 13/609/634
f 411/592/626 405/610/641 404/611/642
f 412/612/643 405/610/641 410/613/644
f 1161/614/643 466/615/645 469/616/643
f 404/611/642 405/610/641 407/617/646
f 403/618/645 407/617/646 405/610/641
f 1158/619/645 467/620/647 466/615/645
f 404/611/642 407/617/646 409/621/648
f 406/622/647 409/621/648 407/617/646
f 1159/623/647 468/624/649 467/620/647
f 409/621/648 395/625/650 404/611/642
f 408/626/651 1250/627/652 409/621/648
f 468/624/649 1556/628/653 1553/629/654
f 1156/630/655 469/616/643 459/631/655
f 1549/632/655 410/613/644 1558/633/656
f 1558/633/656 411/592/626 398/594/628
f 1626/634/657 21/635/658 59/112/103
f 1216/636/620 631/637/659 633/638/660
f 414/46/47 1572/639/661 418/640/662
f 1560/641/663 415/642/664 397/45/665
f 1567/643/666 1565/644/667 1569/645/668
f 1575/646/669 423/647/670 419/639/671
f 1565/644/667 1574/648/672 1569/645/668
f 1566/649/673 419/639/671 415/642/664
f 399/650/674 413/645/675 416/651/676
f 413/645/675 420/652/677 416/651/676
f 421/653/678 1252/654/679 424/655/680
f 1572/639/661 422/656/681 418/640/662
f 1573/657/682 1578/653/683 1574/648/672
f 422/656/681 1254/658/684 1580/659/685
f 1579/660/686 400/661/687 1578/653/683
f 423/647/670 396/662/688 394/658/689
f 1583/663/690 427/664/691 1582/665/692
f 1582/665/692 429/666/693 1584/667/694
f 1586/668/695 442/669/696 1585/670/697
f 426/671/698 1588/672/699 1587/673/700
f 1584/667/694 431/674/701 1589/675/702
f 425/676/703 443/677/704 444/678/705
f 430/679/706 438/680/707 437/681/708
f 1589/675/702 433/682/709 432/683/710
f 1163/684/711 1587/673/700 1591/685/712
f 432/683/710 435/686/713 1592/687/714
f 1593/688/715 1594/689/716 434/690/717
f 1592/687/714 1166/691/718 1165/692/719
f 439/693/720 441/694/721 1586/668/695
f 436/695/722 442/669/696 443/677/704
f 430/679/706 1588/672/699 428/696/723
f 1590/697/724 1594/689/716 438/680/707
f 1162/698/725 444/678/705 1168/699/726
f 1167/700/727 440/701/728 439/693/720
f 443/677/704 442/669/696 1170/702/729
f 440/701/728 1169/703/730 1170/702/729
f 444/678/705 443/677/704 1170/702/729
f 441/694/721 440/701/728 1170/702/729
f 1168/699/726 444/678/705 1170/702/729
f 442/669/696 441/694/721 1170/702/729
f 459/631/655 412/612/643 1549/632/655
f 408/626/651 1553/629/654 1253/704/731
f 467/620/647 408/626/651 406/622/647
f 466/615/645 406/622/647 403/618/645
f 469/616/643 403/618/645 412/612/643
f 13/609/634 1596/705/732 452/602/634
f 451/599/632 1550/706/733 24/707/734
f 1555/708/735 1603/709/736 1597/710/737
f 44/95/84 463/128/84 1306/96/84
f 45/96/85 460/130/85 1307/97/85
f 41/113/95 1302/127/95 42/105/95
f 1311/101/89 462/125/89 1310/102/89
f 38/711/32 458/117/32 54/103/32
f 43/712/92 1321/121/92 39/101/92
f 54/103/32 450/51/32 62/34/32
f 1309/713/86 1271/100/88 1134/714/86
f 1137/715/81 456/131/81 455/94/81
f 1272/716/60 445/3/3 1143/717/60
f 14/18/22 453/57/22 1240/22/22
f 1265/58/23 15/23/23 1243/24/23
f 11/31/28 1238/718/28 1244/27/28
f 62/34/32 1263/53/32 1246/719/32
f 1206/28/26 1245/55/26 1125/720/26
f 1239/721/18 448/22/18 1241/60/18
f 445/3/3 1207/722/60 1143/717/60
f 1601/723/738 1598/724/739 1599/725/740
f 1157/603/635 473/726/741 1172/727/742
f 1126/728/743 472/729/744 470/730/745
f 1157/603/635 471/731/746 473/726/741
f 475/732/747 1568/733/748 474/734/749
f 475/732/747 451/599/632 24/707/734
f 476/735/750 401/585/619 1570/596/630
f 1216/586/620 474/734/749 1568/733/748
f 420/652/677 421/653/678 424/655/680
f 1600/736/751 1602/737/752 1598/724/739
f 465/591/625 477/738/753 402/589/623
f 477/738/753 1570/596/630 402/589/623
f 486/739/754 1612/740/754 1614/741/754
f 1613/740/755 1620/742/755 478/741/755
f 1617/743/756 1619/744/756 482/742/756
f 1608/745/757 1605/746/757 483/747/757
f 1616/748/32 480/749/32 1604/750/32
f 488/751/758 481/752/758 479/745/758
f 485/746/759 1611/753/759 1621/747/759
f 492/754/760 491/755/761 490/756/762
f 494/757/763 493/758/764 492/754/760
f 496/759/765 495/760/766 494/757/763
f 496/759/765 499/761/767 497/762/768
f 504/763/769 520/764/770 521/765/771
f 498/766/772 501/767/773 499/761/767
f 500/768/774 491/769/761 501/767/773
f 511/770/775 514/771/776 515/772/777
f 523/773/778 506/774/779 522/775/780
f 502/776/781 524/777/782 520/764/770
f 505/778/783 521/765/771 525/779/784
f 524/780/782 507/781/785 523/773/778
f 522/775/780 505/778/783 525/779/784
f 528/782/786 508/783/787 510/784/788
f 508/783/787 516/785/789 517/786/790
f 516/787/789 513/788/791 518/789/792
f 519/790/793 511/770/775 515/772/777
f 510/784/788 517/786/790 514/771/776
f 518/789/792 512/791/794 519/790/793
f 507/781/785 519/790/793 506/774/779
f 514/771/776 502/776/781 504/763/769
f 506/774/779 515/772/777 505/778/783
f 503/792/795 518/789/792 507/781/785
f 517/786/790 503/793/795 502/776/781
f 515/772/777 504/763/769 505/778/783
f 522/775/780 497/762/768 499/761/767
f 524/780/782 501/767/773 491/769/761
f 497/762/768 521/765/771 495/760/766
f 493/758/764 524/777/782 491/755/761
f 523/773/778 499/761/767 501/767/773
f 495/760/766 520/764/770 493/758/764
f 527/794/796 537/795/797 531/796/798
f 513/788/791 530/797/799 512/791/794
f 529/798/800 510/784/788 511/770/775
f 526/799/801 509/800/802 508/783/787
f 509/801/802 531/796/798 513/788/791
f 512/791/794 529/798/800 511/770/775
f 530/797/799 535/802/803 529/798/800
f 534/803/804 526/799/801 528/782/786
f 531/796/798 536/804/805 530/797/799
f 535/802/803 528/782/786 529/798/800
f 532/805/806 527/806/796 526/799/801
f 542/807/807 623/808/808 624/809/809
f 629/810/135 548/811/810 628/812/811
f 546/813/812 538/814/813 627/815/814
f 625/816/815 542/807/807 624/809/809
f 622/817/816 540/818/817 585/819/113
f 539/820/818 546/813/812 627/815/814
f 544/821/819 625/816/815 626/822/60
f 623/808/808 540/818/817 622/817/816
f 548/811/810 539/820/818 628/812/811
f 538/814/813 544/821/819 626/822/60
f 629/810/135 557/823/820 548/811/810
f 555/824/821 545/825/822 546/813/812
f 552/826/823 542/807/807 543/827/824
f 540/818/817 549/828/825 585/819/113
f 547/829/826 555/824/821 546/813/812
f 544/821/819 552/826/823 543/827/824
f 550/830/827 540/818/817 541/831/828
f 548/811/810 556/832/829 547/829/826
f 545/825/822 553/833/830 544/821/819
f 551/834/831 541/831/828 542/807/807
f 563/835/832 553/833/830 554/836/833
f 551/834/831 559/837/834 550/830/827
f 629/810/135 566/838/835 557/823/820
f 564/839/836 554/836/833 555/824/821
f 561/840/837 551/834/831 552/826/823
f 549/828/825 558/841/838 585/819/113
f 565/842/839 555/824/821 556/832/829
f 562/843/840 552/826/823 553/833/830
f 559/837/834 549/828/825 550/830/827
f 557/823/820 565/842/839 556/832/829
f 568/844/841 558/845/838 559/846/834
f 566/847/835 574/848/842 565/849/839
f 563/850/832 571/851/843 562/852/840
f 569/853/844 559/846/834 560/854/845
f 629/855/135 575/856/846 566/847/835
f 564/857/836 572/858/847 563/850/832
f 561/859/837 569/853/844 560/854/845
f 558/845/838 567/860/848 585/861/113
f 565/849/839 573/862/849 564/857/836
f 562/852/840 570/863/850 561/859/837
f 580/864/32 570/863/850 571/851/843
f 568/844/841 576/865/851 567/860/848
f 584/866/852 574/848/842 575/856/846
f 572/858/847 580/864/32 571/851/843
f 569/853/844 577/867/853 568/844/841
f 629/855/135 584/866/852 575/856/846
f 573/862/849 581/868/854 572/858/847
f 570/863/850 578/869/855 569/853/844
f 567/860/848 576/865/851 585/861/113
f 574/848/842 582/870/856 573/862/849
f 576/865/851 586/871/857 585/861/113
f 583/872/858 592/873/859 582/870/856
f 590/874/860 579/875/861 580/864/32
f 587/876/862 576/865/851 577/867/853
f 584/866/852 593/877/863 583/872/858
f 581/868/854 590/874/860 580/864/32
f 578/869/855 587/876/862 577/867/853
f 629/855/135 594/878/864 584/866/852
f 592/873/859 581/868/854 582/870/856
f 589/879/865 578/869/855 579/875/861
f 601/880/866 591/881/867 592/873/859
f 598/882/868 588/883/869 589/879/865
f 586/871/857 595/884/870 585/861/113
f 602/885/871 592/873/859 593/877/863
f 590/874/860 598/882/868 589/879/865
f 587/876/862 595/884/870 586/871/857
f 603/886/872 593/877/863 594/878/864
f 591/881/867 599/887/873 590/874/860
f 588/883/869 596/888/874 587/876/862
f 629/855/135 603/886/872 594/878/864
f 606/889/875 596/888/874 597/890/876
f 629/855/135 612/891/877 603/886/872
f 601/880/866 609/892/878 600/893/879
f 607/894/880 597/890/876 598/882/868
f 595/884/870 604/895/881 585/861/113
f 611/896/882 601/880/866 602/885/871
f 608/897/883 598/882/868 599/887/873
f 596/888/874 604/895/881 595/884/870
f 612/891/877 602/885/871 603/886/872
f 609/892/878 599/887/873 600/893/879
f 618/898/884 608/899/883 609/900/878
f 606/901/875 614/902/885 605/903/886
f 629/810/135 621/904/887 612/905/877
f 619/906/888 609/900/878 610/907/889
f 607/908/880 615/909/890 606/901/875
f 604/910/881 613/911/891 585/819/113
f 620/912/892 610/907/889 611/913/882
f 608/899/883 616/914/893 607/908/880
f 614/902/885 604/910/881 605/903/886
f 621/904/887 611/913/882 612/905/877
f 623/808/808 613/911/891 614/902/885
f 621/904/887 539/820/818 620/912/892
f 538/814/813 617/915/894 618/898/884
f 624/809/809 614/902/885 615/909/890
f 629/810/135 628/812/811 621/904/887
f 619/906/888 538/814/813 618/898/884
f 616/914/893 624/809/809 615/909/890
f 613/911/891 622/817/816 585/819/113
f 620/912/892 627/815/814 619/906/888
f 626/822/60 616/914/893 617/915/894
f 633/638/660 1622/916/895 635/917/896
f 1622/916/895 634/583/617 635/917/896
f 632/918/897 404/611/642 395/625/650
f 1081/2/898 1630/1/899 1080/3/900
f 1645/5/901 1641/4/902 1643/6/903
f 1647/8/904 1651/7/905 1649/9/906
f 1632/10/907 1656/11/908 1655/25/909
f 643/11/910 642/13/911 641/5/912
f 642/15/911 1659/14/913 1658/16/914
f 1660/17/18 1645/5/901 1643/6/903
f 1634/19/915 1657/20/916 1632/919/907
f 1082/21/18 1661/18/18 1660/17/18
f 641/5/912 1664/23/22 643/11/910
f 1656/11/908 1665/24/23 1655/25/909
f 1084/27/26 1629/26/917 1631/28/26
f 1669/29/918 647/30/28 1644/920/919
f 1670/29/920 636/32/921 1648/33/922
f 1638/35/923 697/34/32 1969/36/924
f 1677/37/925 658/14/926 1634/19/915
f 1646/15/927 655/39/928 1641/40/902
f 1658/16/914 696/38/929 1679/41/930
f 1649/9/906 1681/42/931 1680/43/932
f 691/36/933 1639/44/934 1637/35/935
f 1049/46/936 1957/45/937 1960/47/938
f 660/29/939 1629/26/917 1668/31/26
f 1650/48/940 1629/49/917 638/921/941
f 1085/51/32 1264/52/32 1142/118/32
f 1666/27/28 1127/54/28 1662/718/28
f 1687/57/23 1266/56/23 1685/58/23
f 1663/22/22 1130/59/22 1088/57/22
f 698/61/942 1683/62/943 1688/922/944
f 653/50/945 692/64/946 700/137/947
f 657/16/948 693/65/949 655/39/928
f 1630/1/899 1089/66/60 1080/3/900
f 1696/68/950 1692/67/951 1694/69/950
f 663/70/952 1697/72/953 1710/71/954
f 1698/73/955 663/74/952 682/600/955
f 1699/77/956 1703/76/957 1701/78/958
f 1709/80/959 1705/79/960 1707/81/961
f 1711/82/962 663/70/952 1710/71/954
f 668/83/963 1713/84/964 1714/923/965
f 671/84/966 670/86/967 672/923/968
f 1716/88/969 670/87/967 1715/89/969
f 1717/90/81 1703/76/957 1718/95/81
f 686/91/970 1714/92/965 688/88/970
f 1090/94/81 1718/95/81 1091/131/81
f 669/76/971 1721/96/84 679/95/84
f 1722/97/85 1713/84/964 1712/85/972
f 1691/99/973 1092/98/86 1689/100/974
f 1697/72/953 1725/101/89 1710/71/954
f 689/103/32 664/75/975 681/73/32
f 667/82/976 674/101/92 678/712/92
f 1726/104/977 677/105/95 676/113/95
f 661/107/978 1727/104/979 1706/108/980
f 697/34/32 681/73/32 1969/36/924
f 1677/37/925 688/88/970 1678/38/981
f 685/109/982 1704/87/983 1699/110/956
f 696/38/929 1715/89/969 1679/41/930
f 1681/42/931 1707/81/961 1680/43/932
f 1686/111/984 1694/69/950 694/112/985
f 1691/99/973 690/104/986 1728/113/86
f 1708/114/987 1691/115/973 1729/136/988
f 1142/118/32 1093/117/32 1085/51/32
f 1732/119/92 1322/120/92 1320/924/92
f 1141/123/32 1734/122/32 1093/117/32
f 1135/124/89 1096/121/89 1097/125/89
f 1723/98/95 1303/126/95 1136/713/95
f 1138/129/85 1735/128/85 1095/130/85
f 1720/131/84 1140/132/84 1139/925/84
f 698/133/942 1730/134/989 675/926/990
f 683/136/991 692/64/946 684/114/992
f 693/65/949 687/89/982 685/109/982
f 712/138/993 1736/139/994 1737/182/995
f 1741/142/996 1738/141/997 1739/143/998
f 1743/144/999 1739/143/998 1742/145/1000
f 1744/146/1001 1743/144/999 1742/145/1000
f 1746/148/1002 1745/149/1003 1744/927/1001
f 1749/152/1004 1746/148/1002 1748/151/1005
f 1751/153/1006 1748/151/1005 1750/154/1007
f 1753/155/1008 1750/154/1007 1752/156/1009
f 1754/157/1010 1753/155/1008 1752/156/1009
f 1757/159/1011 1754/157/1010 1756/160/1012
f 708/162/1013 1758/161/1014 707/163/135
f 1760/166/1015 1757/928/1011 1756/164/1012
f 1763/167/1016 1760/166/1015 1762/168/1017
f 731/170/1018 718/169/1019 719/171/1020
f 706/172/1021 1758/161/1014 1764/174/1022
f 705/173/1023 1764/174/1022 1765/223/1024
f 703/176/1025 1766/175/1026 702/177/1027
f 701/140/113 1766/175/1026 1736/139/994
f 705/179/1023 1768/178/1028 704/180/1029
f 703/176/1025 1768/178/1028 1767/221/1030
f 711/181/1031 1737/182/995 1769/226/1032
f 711/184/1031 1770/183/1033 710/185/1034
f 709/186/1035 1770/183/1033 1771/224/1036
f 709/186/1035 1759/187/1037 708/162/1013
f 734/188/1038 764/189/1039 733/206/1040
f 716/191/1041 727/192/1042 715/209/1043
f 723/194/1044 734/188/1038 722/210/1045
f 720/196/1046 731/170/1018 719/171/1020
f 729/198/1047 716/191/1041 717/199/1048
f 724/200/1049 735/195/1050 723/194/1044
f 714/202/1051 725/203/1052 713/208/1053
f 721/205/1054 732/197/1055 720/196/1046
f 718/169/1019 729/198/1047 717/199/1048
f 725/203/1052 724/200/1049 713/208/1053
f 727/192/1042 714/202/1051 715/209/1043
f 734/188/1038 721/205/1054 722/210/1045
f 731/170/1018 767/211/1056 730/207/1057
f 769/213/1058 727/192/1042 728/193/1059
f 762/214/1060 734/188/1038 735/195/1050
f 732/197/1055 766/212/1061 731/170/1018
f 729/198/1047 769/213/1058 728/193/1059
f 761/217/1062 735/195/1050 736/201/1063
f 772/218/1064 725/203/1052 726/204/1065
f 733/206/1040 765/215/1066 732/197/1055
f 730/207/1057 768/216/1067 729/198/1047
f 771/219/1068 736/201/1063 725/203/1052
f 770/220/1069 726/204/1065 727/192/1042
f 739/141/1070 737/139/1071 740/175/1072
f 742/221/1073 739/141/1070 740/175/1072
f 743/145/1074 742/221/1073 744/178/1075
f 746/222/1076 743/145/1074 744/178/1075
f 747/148/1077 746/223/1076 748/174/1078
f 750/161/1079 747/148/1077 748/174/1078
f 752/187/1080 749/151/1081 750/161/1079
f 754/224/1082 751/154/1083 752/187/1080
f 755/157/1084 754/224/1082 756/183/1085
f 757/160/1086 756/183/1085 758/225/1087
f 759/166/1088 758/226/1087 760/182/1089
f 737/139/1071 759/166/1088 760/182/1089
f 1740/227/1090 1762/168/1017 1738/141/997
f 766/212/1061 773/228/1091 767/211/1056
f 769/213/1058 773/228/1091 770/220/1069
f 762/214/1060 773/228/1091 763/190/1092
f 765/215/1066 773/228/1091 766/212/1061
f 768/216/1067 773/228/1091 769/213/1058
f 761/217/1062 773/228/1091 762/214/1060
f 772/218/1064 773/228/1091 771/219/1068
f 764/189/1039 773/228/1091 765/215/1066
f 767/211/1056 773/228/1091 768/216/1067
f 771/219/1068 773/228/1091 761/217/1062
f 770/220/1069 773/228/1091 772/218/1064
f 763/190/1092 773/228/1091 764/189/1039
f 821/229/1093 788/230/1094 812/232/1095
f 812/232/1095 787/233/1096 816/243/1097
f 794/235/1098 815/234/1099 814/236/1100
f 792/238/1101 813/237/1102 810/239/1103
f 817/240/1104 797/241/1105 818/244/1106
f 816/243/1097 786/242/1107 817/240/1104
f 818/244/1106 796/245/1108 819/248/1109
f 790/246/1110 821/229/1093 820/247/1111
f 819/248/1109 795/249/1112 811/351/1113
f 795/250/1112 814/236/1100 811/251/1113
f 791/252/1114 820/247/1111 813/237/1102
f 793/253/1115 810/239/1103 815/234/1099
f 902/254/1116 1772/255/1117 894/266/1118
f 904/257/1119 1774/258/1120 895/268/1121
f 905/260/1122 1777/261/1123 896/270/1124
f 1779/264/1125 897/263/1126 903/265/1127
f 894/266/1118 1780/267/1128 898/274/1129
f 895/268/1121 1776/262/1130 905/260/1122
f 1777/261/1123 899/269/1131 896/270/1124
f 1778/272/1132 900/271/1133 897/263/1126
f 1780/267/1128 901/273/1134 898/274/1129
f 1781/276/1135 902/275/1116 899/269/1131
f 900/271/1133 1775/259/1136 904/257/1119
f 1783/278/1137 903/265/1127 901/273/1134
f 1785/279/1138 830/280/1139 1784/290/1140
f 1786/283/1141 809/282/1142 798/284/1143
f 815/234/1099 877/285/1144 879/286/1145
f 1789/287/1146 826/288/1147 1788/295/1148
f 1784/290/1140 829/291/1149 1790/336/1150
f 833/293/1151 1791/292/1152 1792/294/1153
f 1788/295/1148 825/296/1154 1793/302/1155
f 1790/297/1150 828/298/1156 1794/306/1157
f 832/300/1158 1785/279/1138 1791/292/1152
f 825/296/1154 1795/301/1159 1793/302/1155
f 823/304/1160 1796/303/1161 1797/305/1162
f 1794/306/1157 827/289/1163 1789/287/1146
f 803/307/1164 1798/308/1165 802/317/1166
f 806/310/1167 1800/311/1168 805/319/1169
f 824/314/1170 1797/313/1162 1795/301/1159
f 1787/316/1171 808/315/1172 809/282/1142
f 802/317/1166 1803/318/1173 801/324/1174
f 805/319/1169 1804/320/1175 804/325/1176
f 1802/322/1177 807/321/1178 808/315/1172
f 1803/318/1173 800/323/1179 801/324/1174
f 804/325/1176 1799/309/1180 803/307/1164
f 807/326/1178 1801/312/1181 806/310/1167
f 1806/329/1182 799/328/1183 800/323/1179
f 1807/330/1184 798/284/1143 799/328/1183
f 834/303/1185 856/331/1186 835/332/1187
f 857/294/1188 854/333/1189 856/331/1186
f 855/292/1190 852/334/1191 854/333/1189
f 852/334/1191 851/290/1192 850/335/1193
f 850/335/1193 849/336/1194 848/929/1195
f 848/337/1195 847/306/1196 846/338/1197
f 846/338/1197 845/287/1198 844/339/1199
f 844/339/1199 843/295/1200 842/340/1201
f 842/340/1201 841/302/1202 840/342/1203
f 841/302/1202 838/341/1204 840/342/1203
f 839/301/1205 836/343/1206 838/341/1204
f 837/305/1207 835/332/1187 836/344/1206
f 822/345/1208 1792/294/1153 1796/303/1161
f 813/237/1102 870/346/1209 874/347/1210
f 811/251/1113 873/348/1211 876/349/1212
f 880/350/1213 811/351/1113 876/393/1212
f 820/247/1111 881/352/1214 870/346/1209
f 871/353/1215 819/248/1109 880/350/1213
f 872/354/1216 817/240/1104 878/355/1217
f 878/355/1217 818/244/1106 871/353/1215
f 810/239/1103 874/347/1210 877/285/1144
f 814/236/1100 879/286/1145 873/348/1211
f 875/356/1218 816/243/1097 872/354/1216
f 881/352/1214 812/232/1095 875/356/1218
f 869/358/1219 885/357/1220 886/359/1221
f 888/360/1222 861/361/1223 883/379/1224
f 889/363/1225 859/364/1226 882/930/1227
f 866/366/1228 886/359/1221 892/367/1229
f 864/368/1230 888/360/1222 890/369/1231
f 887/370/1232 867/365/1233 889/363/1225
f 893/372/1234 863/373/1235 884/378/1236
f 858/375/1237 892/367/1229 891/376/1238
f 865/377/1239 890/369/1231 885/357/1220
f 884/378/1236 862/371/1240 887/370/1232
f 883/379/1224 860/374/1241 893/372/1234
f 859/380/1226 891/376/1238 882/381/1227
f 881/352/1214 776/382/1242 777/383/1243
f 776/382/1242 872/354/1216 775/389/1244
f 873/348/1211 781/384/1245 782/385/1246
f 877/285/1144 779/386/1247 780/387/1248
f 774/388/1249 871/353/1215 785/390/1250
f 775/389/1244 878/355/1217 774/388/1249
f 785/390/1250 880/350/1213 784/392/1251
f 778/391/1252 881/352/1214 777/383/1243
f 784/392/1251 876/393/1212 783/931/1253
f 876/349/1212 782/385/1246 783/394/1253
f 874/347/1210 778/391/1252 779/386/1247
f 879/286/1145 780/387/1248 781/384/1245
f 795/250/1112 891/376/1238 794/235/1098
f 788/230/1094 893/372/1234 787/233/1096
f 786/242/1107 887/370/1232 797/241/1105
f 885/357/1220 790/246/1110 791/252/1114
f 891/376/1238 793/253/1115 794/235/1098
f 787/233/1096 884/378/1236 786/242/1107
f 797/241/1105 889/363/1225 796/245/1108
f 890/369/1231 789/231/1254 790/246/1110
f 892/367/1229 792/238/1101 793/253/1115
f 889/363/1225 795/249/1112 796/245/1108
f 789/231/1254 883/379/1224 788/230/1094
f 886/359/1221 791/252/1114 792/238/1101
f 901/273/1134 865/377/1239 869/358/1219
f 868/362/1255 904/257/1119 861/361/1223
f 899/269/1131 859/364/1226 867/365/1233
f 866/366/1228 901/273/1134 869/358/1219
f 897/263/1126 868/362/1255 864/368/1230
f 896/270/1124 867/365/1233 862/371/1240
f 860/374/1241 905/260/1122 863/373/1235
f 858/375/1237 898/274/1129 866/366/1228
f 903/265/1127 864/368/1230 865/377/1239
f 905/260/1122 862/371/1240 863/373/1235
f 861/361/1223 895/268/1121 860/374/1241
f 859/380/1226 894/266/1118 858/375/1237
f 1808/397/1256 1814/932/1257 1811/395/1258
f 1821/399/1259 1823/398/1260 1820/400/1261
f 1826/402/1262 1832/401/1263 1829/403/1264
f 1844/406/1265 1838/425/1266 1840/404/1267
f 1846/408/1268 1809/407/1269 1849/409/1270
f 1859/411/1271 1853/410/1272 1852/412/1273
f 1861/413/1274 1840/404/1267 1860/414/1275
f 1864/417/1276 1866/433/1277 1862/415/1278
f 1852/412/1273 1833/418/1279 1859/411/1271
f 1836/421/1280 1871/420/1281 1870/422/1282
f 1854/410/1283 1812/395/1284 1815/932/1285
f 1870/422/1282 1847/408/1286 1850/409/1287
f 1820/400/1261 1868/416/1288 1864/417/1276
f 1848/424/1289 1839/425/1290 1819/427/1291
f 909/425/1292 1816/426/1293 908/427/1294
f 1845/406/1295 910/428/1296 1855/429/1297
f 1865/417/1298 919/430/1299 918/400/1300
f 1813/432/1301 1867/433/1302 1810/437/1303
f 1869/416/1304 914/434/1305 1851/435/1306
f 907/436/1307 922/404/1308 923/424/1309
f 912/405/1310 925/429/1311 913/426/1312
f 920/415/1313 926/431/1314 927/417/1315
f 916/433/1316 929/435/1317 917/437/1318
f 1872/439/1319 1828/438/1320 1831/440/1321
f 1837/441/1322 1822/399/1323 1834/933/1324
f 907/436/1307 1875/443/1325 906/414/1326
f 934/442/1327 914/434/1305 915/398/1328
f 919/430/1299 936/399/1329 918/400/1300
f 1873/439/1330 910/428/1296 911/413/1331
f 1860/414/1275 932/439/1332 1861/413/1274
f 1876/444/1333 1879/445/464 1878/450/1334
f 1880/448/1335 1883/447/462 1881/449/463
f 1878/450/1334 1886/451/483 1876/444/1333
f 938/453/1336 944/449/472 940/454/470
f 945/455/1337 939/450/1338 941/445/473
f 1887/458/478 1890/457/1339 1888/459/477
f 946/460/1340 942/448/1341 938/453/1336
f 1891/461/1342 939/450/1338 943/456/1343
f 948/463/468 1882/462/1344 1880/448/1335
f 1144/465/113 1893/464/1345 1146/466/485
f 1147/469/487 1895/470/1346 1894/467/1347
f 1149/471/489 1895/470/1346 1148/468/60
f 1149/471/489 1897/497/1348 1896/472/1349
f 1151/475/135 1897/474/1348 1150/476/491
f 1152/478/494 1898/477/1350 1151/475/135
f 1153/480/496 1899/479/1351 1152/478/494
f 1153/480/496 1901/483/1352 1900/481/1353
f 1155/484/499 1901/483/1352 1154/482/32
f 1146/486/485 1902/485/1354 1155/484/499
f 1145/487/501 1894/467/1347 1903/491/1355
f 1914/934/1356 1910/935/1357 1906/936/1358
f 1145/487/501 1892/506/1359 1144/465/113
f 953/491/1360 950/492/1361 951/506/1362
f 955/467/1363 952/493/1364 953/491/1360
f 956/495/1365 955/467/1363 957/470/1366
f 959/472/1367 956/495/1365 957/470/1366
f 961/497/1368 958/496/1369 959/472/1367
f 962/499/1370 961/474/1368 963/477/1371
f 964/500/1372 963/477/1371 965/479/1373
f 966/501/1374 965/479/1373 967/481/1375
f 969/483/1376 966/501/1374 967/481/1375
f 971/485/1377 968/502/1378 969/483/1376
f 972/504/1379 971/485/1377 973/505/1380
f 950/492/1361 973/464/1380 951/506/1362
f 1918/508/1381 1920/507/1382 1916/509/1383
f 1923/510/1384 1924/511/1385 1925/547/1386
f 1926/513/1387 1924/511/1385 1922/512/1388
f 1928/515/1389 1927/514/1390 1926/513/1387
f 1928/515/1389 1917/509/1391 1929/518/1392
f 979/514/1393 1932/517/1394 1026/529/1394
f 1934/519/1395 1935/520/1396 1919/508/1397
f 1933/521/1398 1937/522/1399 1935/520/1396
f 1938/524/1400 1937/522/1399 1936/523/1401
f 974/518/1402 1024/507/1403 1025/517/1403
f 985/522/1404 1010/526/1405 1023/525/1394
f 985/522/1404 1027/527/1394 983/520/1406
f 1934/519/1395 1917/509/1391 1931/516/1407
f 983/520/1406 1028/528/1394 987/508/1408
f 977/511/1409 1026/529/1394 1022/548/1394
f 994/531/1410 982/530/1411 986/532/1412
f 991/533/1413 986/532/1412 980/534/1414
f 988/535/1415 980/534/1414 975/536/1416
f 993/538/1417 1009/537/1418 984/539/1419
f 990/540/1420 975/536/1416 978/541/1421
f 989/542/1422 978/541/1421 976/543/1423
f 992/544/1424 984/539/1419 982/530/1411
f 997/545/1425 989/542/1422 976/543/1423
f 998/547/1426 977/511/1409 1022/548/1394
f 1920/507/1382 1942/549/1427 1940/550/1428
f 1925/547/1386 1944/551/1429 1923/510/1384
f 1944/551/1429 1947/552/1430 1946/555/1431
f 1947/552/1430 1948/554/1432 1946/555/1431
f 1948/554/1432 1941/550/1433 1951/562/1434
f 1002/552/1435 1932/517/1394 1950/556/1436
f 1953/557/1437 1954/558/1438 1952/560/1439
f 1954/558/1438 1955/559/1440 1952/560/1439
f 1955/559/1440 1939/526/1441 1938/524/1400
f 995/556/1442 1024/507/1403 1004/550/1443
f 1008/561/1444 1023/525/1394 1010/526/1405
f 1027/527/1394 1008/561/1444 1006/558/1445
f 1941/550/1433 1953/557/1437 1951/562/1434
f 1028/528/1394 1006/558/1445 1012/549/1446
f 1000/553/1447 1026/529/1394 1002/552/1435
f 1005/564/1448 1021/563/1449 1011/565/1450
f 1011/565/1450 1017/566/1451 1003/567/1452
f 1003/567/1452 1013/568/1453 996/569/1454
f 1007/570/1455 1020/571/1456 1019/937/1457
f 996/569/1454 1016/573/1458 1001/574/1459
f 1001/574/1459 1015/575/1460 999/576/1461
f 1007/570/1455 1018/577/1462 1005/564/1448
f 999/576/1461 1014/578/1463 997/579/1425
f 998/547/1426 1022/548/1394 1000/553/1447
f 1633/582/1464 2029/581/1465 2027/580/1466
f 1965/584/1467 1177/583/1468 1036/585/1469
f 1640/586/1470 1967/587/1471 1976/733/1472
f 1963/590/1473 1037/589/1474 1100/591/1475
f 2026/593/1476 1046/592/1477 1033/594/1478
f 1672/595/1479 1036/585/1469 1978/596/1480
f 1731/598/631 1131/597/631 1086/599/1481
f 682/600/955 691/36/933 1698/73/955
f 1087/602/634 1157/603/635 2000/705/732
f 1636/605/1482 1654/606/1483 1652/938/1484
f 639/606/1485 1971/608/1486 1653/938/1487
f 1046/592/1477 1040/610/1488 1045/613/1489
f 1040/610/1488 1047/612/643 1045/613/1489
f 1101/615/645 1161/614/643 1104/616/643
f 1039/611/1490 1042/617/1491 1040/610/1488
f 1042/617/1491 1038/618/645 1040/610/1488
f 1102/620/647 1158/619/645 1101/615/645
f 1039/611/1490 1044/621/1492 1042/617/1491
f 1044/621/1492 1041/622/647 1042/617/1491
f 1103/624/1493 1159/623/647 1102/620/647
f 1030/625/1494 1044/621/1492 1039/611/1490
f 1671/627/1495 1043/626/1496 1044/621/1492
f 1103/624/1493 1556/628/653 1160/939/1497
f 1104/616/643 1156/630/655 1094/631/655
f 1045/613/1489 1958/632/655 1966/633/1498
f 1046/592/1477 1966/633/1498 1033/594/1478
f 694/112/985 2027/580/1466 2028/634/1499
f 1174/637/1500 1640/636/1470 1176/638/1501
f 1049/46/936 1980/639/1502 1972/642/1503
f 1050/642/664 1968/641/1504 1032/45/665
f 1975/643/1505 1973/644/1506 1961/940/1507
f 1058/647/1508 1983/646/1509 1054/639/671
f 1982/648/1510 1973/644/1506 1977/645/1511
f 1054/639/671 1974/649/1512 1050/642/664
f 1034/650/1513 1048/645/1514 651/643/1515
f 1055/652/1516 1048/645/1514 1051/651/1517
f 1673/654/1518 1056/653/1519 1059/655/1520
f 1057/656/1521 1980/639/1502 1053/640/1522
f 1986/653/1523 1981/657/1524 1982/648/1510
f 1057/656/1521 1675/658/1525 1985/647/1526
f 1035/661/1527 1987/660/686 1986/653/1523
f 1058/647/1508 1031/662/1528 1984/941/1529
f 1583/663/690 1062/664/1530 1164/942/1531
f 1990/665/1532 1064/666/1533 1062/664/1530
f 1077/669/1534 1993/668/1535 1992/670/1536
f 1061/671/1537 1995/672/1538 1063/696/1539
f 1991/667/1540 1066/674/1541 1064/666/1533
f 1060/676/1542 1078/677/1543 1071/695/1544
f 1065/679/1545 1073/680/1546 1997/697/1547
f 1996/675/1548 1068/682/1549 1066/674/1541
f 1163/684/711 1994/673/1550 1061/671/1537
f 1067/683/1551 1070/686/1552 1068/682/1549
f 1999/689/1553 1593/688/715 1069/690/1554
f 1998/687/1555 1166/691/718 1070/686/1552
f 1076/694/1556 1074/693/1557 1993/668/1535
f 1071/695/1544 1077/669/1534 1992/670/1536
f 1995/672/1538 1065/679/1545 1063/696/1539
f 1997/697/1547 1999/689/1553 1069/690/1554
f 1162/698/725 1079/678/1558 1060/676/1542
f 1075/701/1559 1167/700/727 1074/693/1557
f 1078/677/1543 1170/702/729 1077/669/1534
f 1075/701/1559 1170/702/729 1169/703/730
f 1079/678/1558 1170/702/729 1078/677/1543
f 1076/694/1556 1170/702/729 1075/701/1559
f 1168/699/726 1170/702/729 1079/678/1558
f 1077/669/1534 1170/702/729 1076/694/1556
f 1047/612/643 1094/631/655 1958/632/655
f 1043/626/1496 1962/629/1560 1103/624/1493
f 1043/626/1496 1102/620/647 1041/622/647
f 1041/622/647 1101/615/645 1038/618/645
f 1038/618/645 1104/616/643 1047/612/643
f 648/609/634 2000/705/732 1971/608/1486
f 1959/706/1561 1086/599/1481 659/707/1562
f 2005/709/1563 1964/708/1564 2001/710/1565
f 679/95/84 1098/128/84 1720/131/84
f 1095/130/85 680/96/85 1722/97/85
f 676/113/95 1719/127/95 1723/98/95
f 1097/125/89 1725/101/89 1724/102/89
f 1093/117/32 673/711/32 689/103/32
f 678/712/92 1733/121/92 1732/119/92
f 1085/51/32 689/103/32 697/34/32
f 1689/100/974 1309/713/86 1134/714/86
f 1137/715/81 1091/131/81 1305/925/81
f 1080/3/900 1272/716/60 1143/717/60
f 649/18/22 1088/57/22 1664/23/22
f 650/23/23 1685/58/23 1665/24/23
f 646/31/28 1662/718/28 647/30/28
f 697/34/32 1684/53/32 1085/51/32
f 1245/55/26 1631/28/26 1125/720/26
f 1239/721/18 1083/22/18 1082/21/18
f 1207/722/60 1080/3/900 1143/717/60
f 1601/723/738 2002/724/1566 2003/736/1567
f 1157/603/635 1172/727/742 1108/726/1568
f 1105/730/1569 1171/943/1570 1126/728/743
f 1106/731/1571 1157/603/635 1108/726/1568
f 1110/732/1572 1976/733/1472 659/707/1562
f 1110/732/1572 659/707/1562 1086/599/1481
f 1111/735/1573 1978/596/1480 1036/585/1469
f 1640/586/1470 1976/733/1472 1109/734/1574
f 1055/652/1516 1056/653/1519 1052/648/1575
f 2004/737/1576 2003/736/1567 2002/724/1566
f 1100/591/1475 1037/589/1474 1112/738/1577
f 1112/738/1577 1978/596/1480 1111/735/1573
f 1121/739/759 2014/740/759 2009/944/759
f 2022/742/757 2015/740/757 1113/741/757
f 2021/744/758 2019/743/758 1117/742/758
f 2010/745/755 2007/746/755 2011/752/755
f 2006/750/32 1115/749/32 2018/748/32
f 1123/751/756 1116/752/756 1124/945/756
f 2013/753/754 1120/746/754 2023/747/754
f 1176/638/1501 2024/916/1578 1174/637/1500
f 1177/583/1468 2024/916/1578 1178/917/1579
f 1030/625/1494 1046/592/1477 1175/918/1580
f 2030/444/1581 2033/445/1582 2032/450/1583
f 2034/448/1584 2037/447/1585 2035/449/1586
f 2032/450/1583 2040/451/1587 2030/444/1581
f 1179/453/1588 1185/449/1589 1181/454/1590
f 1184/456/1591 1182/445/1592 1186/455/1593
f 2041/458/1594 2044/457/1595 2042/459/1596
f 1187/460/1597 1183/448/1598 1179/453/1588
f 2045/461/1599 1180/450/1600 1184/456/1591
f 1189/463/1601 2036/462/1602 2034/448/1584
f 2046/444/1603 2049/445/1585 2047/446/1586
f 2053/447/1582 2050/448/1604 2051/449/1605
f 2048/450/1606 2056/451/1601 2054/452/1607
f 1197/449/1590 1191/453/1608 1193/454/1589
f 1198/455/1592 1192/450/1609 1196/456/1610
f 2060/457/1611 2057/458/1596 2058/459/1594
f 1195/448/1612 1199/460/1613 1191/453/1608
f 1192/450/1609 2061/461/1614 1196/456/1610
f 2052/462/1615 1201/463/1587 2050/448/1604
f 1205/1/1 1203/946/1616 446/2/2
f 1217/4/4 1222/13/38 1221/5/5
f 1227/7/7 1218/947/1617 1223/8/8
f 1208/10/10 1231/25/24 1232/11/11
f 8/11/13 6/5/21 7/13/14
f 1235/14/16 9/20/15 7/15/14
f 1236/17/18 1219/6/6 1221/5/5
f 1210/19/19 1208/919/10 1233/20/12
f 447/21/18 1236/17/18 1237/18/18
f 6/5/21 8/11/13 1242/23/22
f 1243/24/23 15/23/23 1232/11/11
f 1204/26/25 1247/31/26 449/27/26
f 1248/29/27 1220/920/1618 12/30/28
f 1/32/29 2/920/1619 1249/29/30
f 62/34/32 1246/719/32 1214/35/33
f 1256/37/35 1210/19/19 23/14/20
f 20/39/37 22/16/59 1222/15/38
f 61/38/39 1235/14/16 1234/16/17
f 1260/42/41 1227/7/7 1225/9/9
f 1215/44/43 64/601/633 56/36/44
f 1548/45/46 1564/642/1620 414/46/47
f 1204/26/25 3/33/1621 25/29/49
f 1226/48/50 3/921/1621 1204/49/25
f 450/51/32 1142/118/32 1264/52/32
f 1244/27/28 1238/718/28 1127/54/28
f 1266/56/23 1269/59/23 1268/57/23
f 1240/22/22 453/57/22 1130/59/22
f 63/61/52 1270/922/108 1262/62/53
f 18/50/55 65/137/110 57/64/56
f 58/65/58 60/41/1622 22/16/59
f 454/66/60 1273/948/1623 1205/1/1
f 1275/67/61 1278/949/1624 1279/68/62
f 1281/73/66 47/600/66 28/74/63
f 1286/76/67 1287/86/100 1282/77/68
f 1288/79/70 1283/950/1625 1292/80/71
f 28/70/63 1276/951/1626 1294/82/73
f 33/83/74 1297/923/83 1296/84/75
f 36/84/77 37/923/1627 35/86/78
f 35/87/78 37/92/1627 1299/88/80
f 1300/90/81 1301/95/81 1286/76/67
f 51/91/82 53/88/82 1297/92/83
f 455/94/81 456/131/81 1301/95/81
f 34/76/79 44/95/84 1306/96/84
f 1296/84/75 45/96/85 1307/97/85
f 457/98/86 1314/113/86 1274/99/87
f 1280/72/65 1293/71/64 1311/101/89
f 29/75/90 38/711/32 54/103/32
f 32/82/91 43/712/92 39/101/92
f 1312/104/94 41/113/95 42/105/95
f 1313/104/97 27/106/1628 26/107/98
f 46/73/32 54/103/32 62/34/32
f 1256/37/35 1257/38/36 53/88/82
f 1287/87/100 52/89/101 50/109/101
f 1298/89/80 1299/88/80 61/38/39
f 1290/81/72 1292/80/71 1260/42/41
f 1277/69/62 1279/68/62 1267/111/102
f 55/104/104 31/108/106 1274/99/87
f 1291/114/105 1315/136/1629 1274/115/87
f 458/117/32 1141/123/32 1142/118/32
f 1319/119/92 1320/924/92 1322/120/92
f 1323/122/32 1324/952/32 1141/123/32
f 461/121/89 1133/120/89 1135/124/89
f 1308/98/95 1136/713/95 1303/126/95
f 1325/128/85 1326/132/85 1138/129/85
f 1304/131/84 1139/925/84 1140/132/84
f 63/133/52 40/926/1630 1316/134/107
f 48/136/109 49/114/1631 57/64/56
f 52/89/101 60/41/1622 58/65/58
f 77/138/111 1328/182/152 1327/139/112
f 1329/141/114 1331/227/214 1332/142/115
f 1330/143/116 1332/142/115 1334/144/117
f 1335/146/119 1333/145/118 1334/144/117
f 1337/148/121 1335/927/119 1336/149/120
f 1339/151/123 1337/148/121 1338/150/122
f 1339/151/123 1340/152/124 1342/153/125
f 1341/154/126 1342/153/125 1344/155/127
f 1345/157/129 1343/156/128 1344/155/127
f 1345/157/129 1346/158/130 1348/159/131
f 1349/161/133 1350/187/156 73/162/134
f 1347/164/132 1348/928/131 1352/165/136
f 1351/166/137 1352/165/136 1354/167/138
f 83/169/140 95/207/176 96/170/141
f 71/172/143 1355/174/145 1349/161/133
f 70/173/144 1356/223/1632 1355/174/145
f 1357/175/146 1358/221/1633 68/176/147
f 1327/139/112 1357/175/146 67/177/148
f 1359/178/149 1356/222/1632 70/179/144
f 68/176/147 1358/221/1633 1359/178/149
f 76/181/151 1360/226/1634 1328/182/152
f 1361/183/153 1360/225/1634 76/184/151
f 74/186/155 1362/224/1635 1361/183/153
f 1350/187/156 1362/224/1635 74/186/155
f 99/188/157 98/206/175 129/189/158
f 81/191/160 80/209/178 92/192/161
f 88/194/163 87/210/179 99/188/157
f 85/196/165 84/171/142 96/170/141
f 81/191/160 93/193/162 94/198/167
f 89/200/169 88/194/163 100/195/164
f 79/202/171 78/208/177 90/203/172
f 86/205/174 85/196/165 97/197/166
f 83/169/140 82/199/168 94/198/167
f 89/200/169 101/201/170 90/203/172
f 79/202/171 91/204/173 92/192/161
f 86/205/174 98/206/175 99/188/157
f 96/170/141 95/207/176 132/211/180
f 92/192/161 135/220/189 134/213/182
f 99/188/157 128/190/159 127/214/183
f 97/197/166 96/170/141 131/212/181
f 94/198/167 93/193/162 134/213/182
f 100/195/164 127/214/183 126/217/186
f 90/203/172 136/219/188 137/218/187
f 98/206/175 97/197/166 130/215/184
f 95/207/176 94/198/167 133/216/185
f 101/201/170 126/217/186 136/219/188
f 91/204/173 137/218/187 135/220/189
f 102/139/190 103/168/213 104/141/191
f 107/221/193 105/175/192 104/141/191
f 107/221/193 106/143/194 108/145/195
f 111/222/197 109/178/196 108/145/195
f 111/223/197 110/927/198 112/148/199
f 115/161/201 113/174/200 112/148/199
f 117/187/203 115/161/201 114/151/202
f 119/224/205 117/187/203 116/154/204
f 119/224/205 118/156/206 120/157/207
f 121/183/208 120/157/207 122/160/209
f 123/226/210 122/164/209 124/166/211
f 102/139/190 125/182/212 124/166/211
f 1353/168/139 1354/167/138 1331/227/214
f 186/229/216 177/232/219 153/230/217
f 177/232/219 181/243/230 152/233/220
f 180/234/221 158/253/239 159/235/222
f 178/237/224 156/252/238 157/238/225
f 182/240/227 183/244/231 162/241/228
f 181/243/230 182/240/227 151/242/229
f 183/244/231 184/248/235 161/245/232
f 186/229/216 154/231/218 155/246/233
f 184/248/235 176/351/237 160/249/236
f 179/236/223 159/235/222 160/250/236
f 185/247/234 155/246/233 156/252/238
f 175/239/226 157/238/225 158/253/239
f 267/254/240 259/266/252 1363/255/241
f 269/257/243 260/268/254 1365/258/244
f 270/260/246 261/270/256 1368/261/247
f 262/263/249 1369/272/258 1370/264/250
f 259/266/252 263/274/260 1371/267/253
f 260/268/254 270/260/246 1367/262/248
f 264/269/255 1372/276/261 1368/261/247
f 265/271/257 1373/277/262 1369/272/258
f 266/273/259 1374/278/263 1371/267/253
f 267/275/240 1364/953/242 1372/276/261
f 265/271/257 269/257/243 1366/259/245
f 268/265/251 1370/264/250 1374/278/263
f 1376/279/264 1375/290/275 195/280/265
f 174/282/267 1378/316/299 1377/283/268
f 242/285/270 175/239/226 180/234/221
f 1380/287/272 1379/295/280 191/288/273
f 1375/290/275 1381/336/282 194/291/276
f 1382/292/277 197/300/284 198/293/278
f 1379/295/280 1384/302/286 190/296/281
f 1381/297/282 1385/306/290 193/298/283
f 1376/279/264 196/281/266 197/300/284
f 1386/301/285 189/314/297 190/296/281
f 1387/303/287 187/345/337 188/304/288
f 1385/306/290 1380/287/272 192/289/274
f 168/307/291 167/317/300 1389/308/292
f 171/310/294 170/319/302 1391/311/295
f 1388/313/289 188/954/288 189/314/297
f 173/315/298 1393/322/305 1378/316/299
f 167/317/300 166/324/307 1394/318/301
f 170/319/302 169/325/308 1395/320/303
f 172/321/304 1396/955/309 1393/322/305
f 165/323/306 1397/329/311 1394/318/301
f 169/325/308 168/307/291 1390/309/293
f 172/326/304 171/310/294 1392/312/296
f 164/328/310 1398/330/312 1397/329/311
f 163/284/269 1377/283/268 1398/330/312
f 221/331/313 222/294/317 199/303/314
f 219/333/316 220/292/319 222/294/317
f 217/334/318 218/279/321 220/292/319
f 217/334/318 215/335/322 216/290/320
f 215/335/322 213/929/324 214/336/323
f 213/337/324 211/338/326 212/306/325
f 211/338/326 209/339/328 210/287/327
f 209/339/328 207/340/330 208/295/329
f 207/340/330 205/342/333 206/302/331
f 203/341/332 204/301/335 206/302/331
f 201/343/334 202/313/336 204/301/335
f 200/332/315 199/303/314 202/305/336
f 1383/294/279 198/293/278 187/345/337
f 235/346/338 185/247/234 178/237/224
f 238/348/340 179/236/223 176/251/237
f 245/350/342 241/393/341 176/351/237
f 246/352/343 186/229/216 185/247/234
f 236/353/344 245/350/342 184/248/235
f 237/354/345 243/355/346 182/240/227
f 243/355/346 236/353/344 183/244/231
f 239/347/339 178/237/224 175/239/226
f 244/286/271 180/234/221 179/236/223
f 240/356/347 237/354/345 181/243/230
f 246/352/343 240/356/347 177/232/219
f 250/357/348 230/377/368 234/358/349
f 253/360/351 248/379/370 226/361/352
f 254/363/354 247/930/371 224/364/355
f 251/359/350 234/358/349 231/366/357
f 253/360/351 233/362/353 229/368/359
f 252/370/361 254/363/354 232/365/356
f 258/372/363 249/378/369 228/373/364
f 257/367/358 231/366/357 223/375/366
f 255/369/360 229/368/359 230/377/368
f 249/378/369 252/370/361 227/371/362
f 248/379/370 258/372/363 225/374/365
f 256/376/367 223/375/366 224/380/355
f 141/382/372 240/356/347 246/352/343
f 141/382/372 140/389/379 237/354/345
f 146/384/374 244/286/271 238/348/340
f 144/386/376 239/347/339 242/285/270
f 139/388/378 150/390/380 236/353/344
f 140/389/379 139/388/378 243/355/346
f 150/390/380 149/392/382 245/350/342
f 143/391/381 142/383/373 246/352/343
f 149/392/382 148/931/383 241/393/341
f 147/385/375 238/348/340 241/349/341
f 143/391/381 235/346/338 239/347/339
f 145/387/377 242/285/270 244/286/271
f 160/250/236 159/235/222 256/376/367
f 153/230/217 152/233/220 258/372/363
f 151/242/229 162/241/228 252/370/361
f 155/246/233 255/369/360 250/357/348
f 158/253/239 257/367/358 256/376/367
f 152/233/220 151/242/229 249/378/369
f 162/241/228 161/245/232 254/363/354
f 154/231/218 253/360/351 255/369/360
f 157/238/225 251/359/350 257/367/358
f 160/249/236 247/930/371 254/363/354
f 154/231/218 153/230/217 248/379/370
f 156/252/238 250/357/348 251/359/350
f 230/377/368 268/265/251 266/273/259
f 233/362/353 226/361/352 269/257/243
f 224/364/355 267/275/240 264/269/255
f 231/366/357 234/358/349 266/273/259
f 233/362/353 265/271/257 262/263/249
f 232/365/356 264/269/255 261/270/256
f 225/374/365 228/373/364 270/260/246
f 223/375/366 231/366/357 263/274/260
f 229/368/359 262/263/249 268/265/251
f 227/371/362 261/270/256 270/260/246
f 226/361/352 225/374/365 260/268/254
f 224/380/355 223/375/366 259/266/252
f 1402/395/384 1405/932/1636 1408/396/385
f 1414/398/387 1415/442/1637 1412/399/388
f 1423/401/390 1426/421/1638 1417/402/391
f 1431/404/393 1429/425/1639 1433/405/394
f 1400/407/396 1409/956/1640 1437/408/397
f 1444/410/399 1447/423/1641 1450/411/400
f 1431/404/393 1435/406/395 1452/413/402
f 1453/415/404 1457/433/1642 1459/416/405
f 1443/412/401 1450/411/400 1424/418/407
f 1462/420/409 1418/402/1643 1427/421/410
f 1445/410/412 1406/932/1644 1403/395/413
f 1461/422/411 1441/409/1645 1438/408/415
f 1411/400/389 1455/417/406 1459/416/405
f 1439/424/416 1410/427/1646 1430/425/417
f 1407/426/419 1434/405/1647 274/425/420
f 275/428/422 276/413/1648 1436/406/423
f 1456/417/425 283/400/456 284/430/426
f 1404/432/428 1401/437/1649 1458/433/429
f 279/434/431 280/398/1650 1460/416/432
f 272/436/434 288/424/1651 287/404/435
f 290/429/437 289/406/1652 277/405/438
f 285/415/440 292/417/1653 291/431/441
f 294/435/443 293/416/1654 281/433/444
f 1419/438/446 1465/443/1655 1463/439/447
f 1428/441/449 1425/933/1656 1413/399/450
f 1466/443/452 296/438/1657 272/436/434
f 299/442/453 280/398/1650 279/434/431
f 301/399/455 302/933/1658 284/430/426
f 1464/439/457 276/413/1648 275/428/422
f 1451/414/403 1452/413/402 297/439/459
f 1467/444/461 1469/450/467 1470/445/462
f 1474/447/464 1473/462/482 1471/448/465
f 1469/450/467 1467/444/461 1477/451/468
f 309/449/470 307/448/479 303/453/471
f 310/455/473 306/445/1337 304/450/474
f 1481/457/476 1476/957/1659 1478/458/477
f 307/448/479 1480/463/1340 311/460/480
f 304/450/474 312/452/1660 1482/461/481
f 1473/462/482 314/958/1661 313/463/483
f 1484/464/484 1483/506/1662 1144/465/113
f 1485/467/486 1486/470/488 1148/468/60
f 1486/470/488 1487/472/490 1149/471/489
f 1487/472/490 1488/497/492 1150/473/491
f 1488/474/492 1489/477/493 1151/475/135
f 1489/477/493 1490/479/495 1152/478/494
f 1490/479/495 1491/481/497 1153/480/496
f 1491/481/497 1492/483/498 1154/482/32
f 1492/483/498 1493/485/500 1155/484/499
f 1493/485/500 1484/505/484 1146/486/485
f 1145/487/501 1494/491/505 1485/467/486
f 1496/490/504 1495/959/1663 1497/936/1664
f 1497/936/1664 1498/960/1665 1499/488/502
f 1499/488/502 1500/961/1666 1501/935/1667
f 1501/935/1667 1502/962/1668 1503/489/503
f 1503/489/503 1504/963/1669 1505/934/1670
f 1505/934/1670 1506/964/1671 1496/490/504
f 1496/490/504 1497/936/1664 1499/488/502
f 1499/488/502 1501/935/1667 1503/489/503
f 1503/489/503 1505/934/1670 1496/490/504
f 1144/465/113 1483/506/1662 1494/491/505
f 318/491/506 316/506/529 315/492/507
f 320/467/509 318/491/506 317/493/508
f 320/467/509 319/494/510 321/495/511
f 324/472/513 322/470/512 321/495/511
f 326/497/515 324/472/513 323/496/514
f 326/474/515 325/965/516 327/499/517
f 328/477/518 327/499/517 329/500/519
f 330/479/520 329/500/519 331/501/521
f 334/483/523 332/481/522 331/501/521
f 336/485/525 334/483/523 333/502/524
f 336/485/525 335/503/526 337/504/527
f 338/464/528 337/966/527 315/492/507
f 1511/507/530 1512/528/530 1509/508/531
f 1514/510/533 1516/547/579 1515/511/534
f 1515/511/534 1518/514/537 1517/513/536
f 1518/514/537 1520/518/1672 1519/515/538
f 1519/515/538 1520/518/1672 1508/509/539
f 344/514/541 391/529/542 1523/517/542
f 1525/519/544 1510/508/1673 1526/520/545
f 1524/521/546 1526/520/545 1528/522/547
f 1528/522/547 1530/526/592 1529/524/549
f 339/518/550 390/517/551 389/507/551
f 392/527/542 388/525/542 350/522/553
f 1508/509/539 1510/508/1673 1525/519/544
f 393/528/542 392/527/542 348/520/555
f 342/511/557 387/548/542 391/529/542
f 347/530/558 357/544/572 359/531/559
f 351/532/560 359/531/559 356/533/561
f 345/534/562 356/533/561 353/535/563
f 374/537/565 385/967/608 358/538/566
f 340/536/564 353/535/563 355/540/568
f 343/541/569 355/540/568 354/542/570
f 349/539/567 358/538/566 357/544/572
f 362/545/573 341/543/571 354/542/570
f 1533/549/576 1512/528/530 1511/507/530
f 1535/551/578 1536/553/581 1516/547/579
f 1535/551/578 1537/555/583 1538/552/580
f 1539/554/582 1540/556/585 1538/552/580
f 1539/554/582 1542/562/597 1532/550/584
f 367/552/586 1541/556/1674 1523/517/542
f 1544/557/587 1543/560/591 1545/558/588
f 1546/559/590 1547/561/593 1545/558/588
f 1546/559/590 1529/524/549 1530/526/592
f 360/556/594 369/550/1675 389/507/551
f 373/561/595 388/525/542 392/527/542
f 1544/557/587 1534/549/589 1532/550/584
f 371/558/596 392/527/542 393/528/542
f 365/553/599 367/552/586 391/529/542
f 386/563/600 383/577/613 370/564/601
f 382/566/603 386/563/600 376/565/602
f 378/568/605 382/566/603 368/567/604
f 372/570/607 384/937/1676 385/571/608
f 381/573/609 378/568/605 361/569/606
f 380/575/611 381/573/609 366/574/610
f 383/577/613 384/937/1676 372/570/607
f 379/578/574 380/575/611 364/576/612
f 1209/582/616 21/635/658 1625/580/614
f 1627/581/615 1211/968/1677 1209/582/616
f 634/583/617 1623/969/1678 1557/584/618
f 1216/586/620 1568/733/748 1559/587/621
f 402/589/623 1255/970/1679 1554/590/624
f 411/592/626 632/918/897 1624/593/627
f 401/585/619 1557/584/618 1251/595/629
f 1131/597/631 1318/971/631 1317/598/631
f 47/600/66 1281/73/66 56/36/44
f 452/602/634 1596/705/732 1157/603/635
f 1212/605/636 1228/938/1680 1230/606/637
f 4/606/639 1229/938/1681 1563/608/640
f 411/592/626 410/613/644 405/610/641
f 412/612/643 403/618/645 405/610/641
f 1161/614/643 1158/619/645 466/615/645
f 403/618/645 406/622/647 407/617/646
f 1158/619/645 1159/623/647 467/620/647
f 406/622/647 408/626/651 409/621/648
f 1159/623/647 1160/939/1497 468/624/649
f 409/621/648 1250/627/652 395/625/650
f 408/626/651 1253/704/731 1250/627/652
f 468/624/649 1160/939/1497 1556/628/653
f 1156/630/655 1161/614/643 469/616/643
f 1549/632/655 412/612/643 410/613/644
f 1558/633/656 410/613/644 411/592/626
f 59/112/103 1267/111/102 17/972/1682
f 1626/634/657 1625/580/614 21/635/658
f 59/112/103 17/972/1682 1626/634/657
f 1216/636/620 1562/973/622 631/637/659
f 414/46/47 1564/642/1620 1572/639/661
f 1560/641/663 1566/649/673 415/642/664
f 1567/643/666 1552/940/1683 1565/644/667
f 1575/646/669 1576/941/1684 423/647/670
f 1565/644/667 1573/657/682 1574/648/672
f 1566/649/673 1575/646/669 419/639/671
f 399/650/674 16/643/1685 413/645/675
f 413/645/675 417/648/1686 420/652/677
f 421/653/678 1571/661/1687 1252/654/679
f 1572/639/661 1577/647/1688 422/656/681
f 1573/657/682 1579/660/686 1578/653/683
f 422/656/681 1577/647/1688 1254/658/684
f 1579/660/686 1581/974/1689 400/661/687
f 423/647/670 1576/941/1684 396/662/688
f 1583/663/690 1164/942/1531 427/664/691
f 1582/665/692 427/664/691 429/666/693
f 1586/668/695 441/694/721 442/669/696
f 426/671/698 428/696/723 1588/672/699
f 1584/667/694 429/666/693 431/674/701
f 425/676/703 436/695/722 443/677/704
f 430/679/706 1590/697/724 438/680/707
f 1589/675/702 431/674/701 433/682/709
f 1163/684/711 426/671/698 1587/673/700
f 432/683/710 433/682/709 435/686/713
f 1593/688/715 1595/975/1690 1594/689/716
f 1592/687/714 435/686/713 1166/691/718
f 439/693/720 440/701/728 441/694/721
f 436/695/722 1585/670/697 442/669/696
f 430/679/706 437/681/708 1588/672/699
f 1590/697/724 434/690/717 1594/689/716
f 1162/698/725 425/676/703 444/678/705
f 1167/700/727 1169/703/730 440/701/728
f 459/631/655 469/616/643 412/612/643
f 408/626/651 468/624/649 1553/629/654
f 467/620/647 468/624/649 408/626/651
f 466/615/645 467/620/647 406/622/647
f 469/616/643 466/615/645 403/618/645
f 13/609/634 1563/608/640 1596/705/732
f 451/599/632 1317/598/631 1550/706/733
f 1555/708/735 1602/737/752 1603/709/736
f 44/95/84 1304/131/84 463/128/84
f 45/96/85 1325/128/85 460/130/85
f 41/113/95 1308/98/95 1302/127/95
f 1311/101/89 461/121/89 462/125/89
f 38/711/32 1323/122/32 458/117/32
f 43/712/92 1319/119/92 1321/121/92
f 54/103/32 458/117/32 450/51/32
f 1309/713/86 457/98/86 1271/100/88
f 1137/715/81 1305/925/81 456/131/81
f 1272/716/60 454/66/60 445/3/3
f 14/18/22 1242/23/22 453/57/22
f 1265/58/23 1268/57/23 15/23/23
f 11/31/28 12/30/28 1238/718/28
f 62/34/32 450/51/32 1263/53/32
f 1206/28/26 449/27/26 1245/55/26
f 1239/721/18 447/21/18 448/22/18
f 445/3/3 446/2/2 1207/722/60
f 1601/723/738 1600/736/751 1598/724/739
f 470/730/745 464/976/1691 1126/728/743
f 1126/728/743 1171/943/1570 472/729/744
f 1157/603/635 1596/705/732 471/731/746
f 475/732/747 24/707/734 1568/733/748
f 420/652/677 417/648/1686 421/653/678
f 1600/736/751 1603/709/736 1602/737/752
f 477/738/753 476/735/750 1570/596/630
f 486/739/754 1607/944/754 1612/740/754
f 1613/740/755 1618/743/755 1620/742/755
f 1617/743/756 1615/977/756 1619/744/756
f 1608/745/757 1609/752/757 1605/746/757
f 1604/750/32 1610/978/32 1616/748/32
f 1616/748/32 484/979/32 480/749/32
f 480/749/32 1606/980/32 1604/750/32
f 488/751/758 489/945/758 481/752/758
f 485/746/759 487/981/759 1611/753/759
f 492/754/760 493/758/764 491/755/761
f 494/757/763 495/760/766 493/758/764
f 496/759/765 497/762/768 495/760/766
f 496/759/765 498/766/772 499/761/767
f 504/763/769 502/776/781 520/764/770
f 498/766/772 500/768/774 501/767/773
f 500/768/774 490/982/762 491/769/761
f 511/770/775 510/784/788 514/771/776
f 523/773/778 507/781/785 506/774/779
f 502/776/781 503/793/795 524/777/782
f 505/778/783 504/763/769 521/765/771
f 524/780/782 503/792/795 507/781/785
f 522/775/780 506/774/779 505/778/783
f 528/782/786 526/799/801 508/783/787
f 508/783/787 509/800/802 516/785/789
f 516/787/789 509/801/802 513/788/791
f 519/790/793 512/791/794 511/770/775
f 510/784/788 508/783/787 517/786/790
f 518/789/792 513/788/791 512/791/794
f 507/781/785 518/789/792 519/790/793
f 514/771/776 517/786/790 502/776/781
f 506/774/779 519/790/793 515/772/777
f 503/792/795 516/787/789 518/789/792
f 517/786/790 516/785/789 503/793/795
f 515/772/777 514/771/776 504/763/769
f 522/775/780 525/779/784 497/762/768
f 524/780/782 523/773/778 501/767/773
f 497/762/768 525/779/784 521/765/771
f 493/758/764 520/764/770 524/777/782
f 523/773/778 522/775/780 499/761/767
f 495/760/766 521/765/771 520/764/770
f 527/794/796 533/983/1692 537/795/797
f 513/788/791 531/796/798 530/797/799
f 529/798/800 528/782/786 510/784/788
f 526/799/801 527/806/796 509/800/802
f 509/801/802 527/794/796 531/796/798
f 512/791/794 530/797/799 529/798/800
f 530/797/799 536/804/805 535/802/803
f 534/803/804 532/805/806 526/799/801
f 531/796/798 537/795/797 536/804/805
f 535/802/803 534/803/804 528/782/786
f 532/805/806 533/984/1692 527/806/796
f 542/807/807 541/831/828 623/808/808
f 546/813/812 545/825/822 538/814/813
f 625/816/815 543/827/824 542/807/807
f 539/820/818 547/829/826 546/813/812
f 544/821/819 543/827/824 625/816/815
f 623/808/808 541/831/828 540/818/817
f 548/811/810 547/829/826 539/820/818
f 538/814/813 545/825/822 544/821/819
f 555/824/821 554/836/833 545/825/822
f 552/826/823 551/834/831 542/807/807
f 547/829/826 556/832/829 555/824/821
f 544/821/819 553/833/830 552/826/823
f 550/830/827 549/828/825 540/818/817
f 548/811/810 557/823/820 556/832/829
f 545/825/822 554/836/833 553/833/830
f 551/834/831 550/830/827 541/831/828
f 563/835/832 562/843/840 553/833/830
f 551/834/831 560/985/845 559/837/834
f 564/839/836 563/835/832 554/836/833
f 561/840/837 560/985/845 551/834/831
f 565/842/839 564/839/836 555/824/821
f 562/843/840 561/840/837 552/826/823
f 559/837/834 558/841/838 549/828/825
f 557/823/820 566/838/835 565/842/839
f 568/844/841 567/860/848 558/845/838
f 566/847/835 575/856/846 574/848/842
f 563/850/832 572/858/847 571/851/843
f 569/853/844 568/844/841 559/846/834
f 564/857/836 573/862/849 572/858/847
f 561/859/837 570/863/850 569/853/844
f 565/849/839 574/848/842 573/862/849
f 562/852/840 571/851/843 570/863/850
f 580/864/32 579/875/861 570/863/850
f 568/844/841 577/867/853 576/865/851
f 584/866/852 583/872/858 574/848/842
f 572/858/847 581/868/854 580/864/32
f 569/853/844 578/869/855 577/867/853
f 573/862/849 582/870/856 581/868/854
f 570/863/850 579/875/861 578/869/855
f 574/848/842 583/872/858 582/870/856
f 583/872/858 593/877/863 592/873/859
f 590/874/860 589/879/865 579/875/861
f 587/876/862 586/871/857 576/865/851
f 584/866/852 594/878/864 593/877/863
f 581/868/854 591/881/867 590/874/860
f 578/869/855 588/883/869 587/876/862
f 592/873/859 591/881/867 581/868/854
f 589/879/865 588/883/869 578/869/855
f 601/880/866 600/893/879 591/881/867
f 598/882/868 597/890/876 588/883/869
f 602/885/871 601/880/866 592/873/859
f 590/874/860 599/887/873 598/882/868
f 587/876/862 596/888/874 595/884/870
f 603/886/872 602/885/871 593/877/863
f 591/881/867 600/893/879 599/887/873
f 588/883/869 597/890/876 596/888/874
f 606/889/875 605/986/886 596/888/874
f 601/880/866 610/987/889 609/892/878
f 607/894/880 606/889/875 597/890/876
f 611/896/882 610/987/889 601/880/866
f 608/897/883 607/894/880 598/882/868
f 596/888/874 605/986/886 604/895/881
f 612/891/877 611/896/882 602/885/871
f 609/892/878 608/897/883 599/887/873
f 618/898/884 617/915/894 608/899/883
f 606/901/875 615/909/890 614/902/885
f 619/906/888 618/898/884 609/900/878
f 607/908/880 616/914/893 615/909/890
f 620/912/892 619/906/888 610/907/889
f 608/899/883 617/915/894 616/914/893
f 614/902/885 613/911/891 604/910/881
f 621/904/887 620/912/892 611/913/882
f 623/808/808 622/817/816 613/911/891
f 621/904/887 628/812/811 539/820/818
f 538/814/813 626/822/60 617/915/894
f 624/809/809 623/808/808 614/902/885
f 619/906/888 627/815/814 538/814/813
f 616/914/893 625/816/815 624/809/809
f 620/912/892 539/820/818 627/815/814
f 626/822/60 625/816/815 616/914/893
f 633/638/660 631/637/659 1622/916/895
f 1622/916/895 1623/969/1678 634/583/617
f 395/625/650 630/988/1693 632/918/897
f 632/918/897 411/592/626 404/611/642
f 1081/2/898 1628/946/1694 1630/1/899
f 1645/5/901 1646/13/927 1641/4/902
f 1647/8/904 1642/947/1695 1651/7/905
f 1632/10/907 1657/12/916 1656/11/908
f 643/11/910 644/12/1696 642/13/911
f 642/15/911 644/20/1696 1659/14/913
f 1660/17/18 1661/18/18 1645/5/901
f 1634/19/915 658/14/926 1657/20/916
f 1082/21/18 1083/22/18 1661/18/18
f 641/5/912 649/18/22 1664/23/22
f 1656/11/908 650/23/23 1665/24/23
f 1084/27/26 1668/31/26 1629/26/917
f 1669/29/918 646/31/28 647/30/28
f 1670/29/920 637/920/1697 636/32/921
f 1638/35/923 1667/719/32 697/34/32
f 1677/37/925 1678/38/981 658/14/926
f 1646/15/927 657/16/948 655/39/928
f 1658/16/914 1659/14/913 696/38/929
f 1649/9/906 1651/7/905 1681/42/931
f 691/36/933 699/601/1698 1639/44/934
f 1049/46/936 1972/642/1503 1957/45/937
f 660/29/939 638/33/941 1629/26/917
f 1650/48/940 1682/50/1699 1629/49/917
f 1085/51/32 1684/53/32 1264/52/32
f 1666/27/28 1132/55/28 1127/54/28
f 1687/57/23 1269/59/23 1266/56/23
f 1663/22/22 1129/60/22 1130/59/22
f 698/61/942 645/63/1700 1683/62/943
f 653/50/945 654/48/1701 692/64/946
f 657/16/948 695/41/1702 693/65/949
f 1630/1/899 1690/948/1703 1089/66/60
f 1696/68/950 1695/949/1704 1692/67/951
f 1698/73/955 1697/75/953 663/74/952
f 1699/77/956 1704/86/983 1703/76/957
f 1709/80/959 1700/950/1705 1705/79/960
f 1711/82/962 1693/951/1706 663/70/952
f 668/83/963 1712/85/972 1713/84/964
f 671/84/966 669/76/971 670/86/967
f 1716/88/969 672/92/968 670/87/967
f 1717/90/81 1701/78/958 1703/76/957
f 686/91/970 668/93/963 1714/92/965
f 1090/94/81 1717/90/81 1718/95/81
f 669/76/971 671/84/966 1721/96/84
f 1722/97/85 680/96/85 1713/84/964
f 1691/99/973 1728/113/86 1092/98/86
f 1697/72/953 1724/102/89 1725/101/89
f 689/103/32 673/711/32 664/75/975
f 667/82/976 665/71/1707 674/101/92
f 1726/104/977 1702/106/1708 677/105/95
f 661/107/978 662/106/1709 1727/104/979
f 697/34/32 689/103/32 681/73/32
f 1677/37/925 686/91/970 688/88/970
f 685/109/982 687/89/982 1704/87/983
f 696/38/929 1716/88/969 1715/89/969
f 1681/42/931 1709/80/959 1707/81/961
f 1686/111/984 1696/68/950 1694/69/950
f 1691/99/973 666/108/1710 690/104/986
f 1708/114/987 666/116/1710 1691/115/973
f 1142/118/32 1141/123/32 1093/117/32
f 1732/119/92 1733/121/92 1322/120/92
f 1141/123/32 1324/952/32 1734/122/32
f 1135/124/89 1133/120/89 1096/121/89
f 1723/98/95 1719/127/95 1303/126/95
f 1138/129/85 1326/132/85 1735/128/85
f 1720/131/84 1098/128/84 1140/132/84
f 698/133/942 1688/135/944 1730/134/989
f 683/136/991 700/137/947 692/64/946
f 693/65/949 695/41/1702 687/89/982
f 712/138/993 701/140/113 1736/139/994
f 1741/142/996 1740/227/1090 1738/141/997
f 1743/144/999 1741/142/996 1739/143/998
f 1744/146/1001 1745/147/1003 1743/144/999
f 1746/148/1002 1747/150/1711 1745/149/1003
f 1749/152/1004 1747/150/1711 1746/148/1002
f 1751/153/1006 1749/152/1004 1748/151/1005
f 1753/155/1008 1751/153/1006 1750/154/1007
f 1754/157/1010 1755/158/1712 1753/155/1008
f 1757/159/1011 1755/158/1712 1754/157/1010
f 708/162/1013 1759/187/1037 1758/161/1014
f 1760/166/1015 1761/165/1713 1757/928/1011
f 1763/167/1016 1761/165/1713 1760/166/1015
f 731/170/1018 730/207/1057 718/169/1019
f 706/172/1021 707/163/135 1758/161/1014
f 705/173/1023 706/172/1021 1764/174/1022
f 703/176/1025 1767/221/1030 1766/175/1026
f 701/140/113 702/177/1027 1766/175/1026
f 705/179/1023 1765/222/1024 1768/178/1028
f 703/176/1025 704/180/1029 1768/178/1028
f 711/181/1031 712/138/993 1737/182/995
f 711/184/1031 1769/225/1032 1770/183/1033
f 709/186/1035 710/185/1034 1770/183/1033
f 709/186/1035 1771/224/1036 1759/187/1037
f 734/188/1038 763/190/1092 764/189/1039
f 716/191/1041 728/193/1059 727/192/1042
f 723/194/1044 735/195/1050 734/188/1038
f 720/196/1046 732/197/1055 731/170/1018
f 729/198/1047 728/193/1059 716/191/1041
f 724/200/1049 736/201/1063 735/195/1050
f 714/202/1051 726/204/1065 725/203/1052
f 721/205/1054 733/206/1040 732/197/1055
f 718/169/1019 730/207/1057 729/198/1047
f 725/203/1052 736/201/1063 724/200/1049
f 727/192/1042 726/204/1065 714/202/1051
f 734/188/1038 733/206/1040 721/205/1054
f 731/170/1018 766/212/1061 767/211/1056
f 769/213/1058 770/220/1069 727/192/1042
f 762/214/1060 763/190/1092 734/188/1038
f 732/197/1055 765/215/1066 766/212/1061
f 729/198/1047 768/216/1067 769/213/1058
f 761/217/1062 762/214/1060 735/195/1050
f 772/218/1064 771/219/1068 725/203/1052
f 733/206/1040 764/189/1039 765/215/1066
f 730/207/1057 767/211/1056 768/216/1067
f 771/219/1068 761/217/1062 736/201/1063
f 770/220/1069 772/218/1064 726/204/1065
f 739/141/1070 738/168/1714 737/139/1071
f 742/221/1073 741/143/1715 739/141/1070
f 743/145/1074 741/143/1715 742/221/1073
f 746/222/1076 745/146/1716 743/145/1074
f 747/148/1077 745/927/1716 746/223/1076
f 750/161/1079 749/151/1081 747/148/1077
f 752/187/1080 751/154/1083 749/151/1081
f 754/224/1082 753/156/1717 751/154/1083
f 755/157/1084 753/156/1717 754/224/1082
f 757/160/1086 755/157/1084 756/183/1085
f 759/166/1088 757/164/1086 758/226/1087
f 737/139/1071 738/168/1714 759/166/1088
f 1740/227/1090 1763/167/1016 1762/168/1017
f 821/229/1093 789/231/1254 788/230/1094
f 812/232/1095 788/230/1094 787/233/1096
f 794/235/1098 793/253/1115 815/234/1099
f 792/238/1101 791/252/1114 813/237/1102
f 817/240/1104 786/242/1107 797/241/1105
f 816/243/1097 787/233/1096 786/242/1107
f 818/244/1106 797/241/1105 796/245/1108
f 790/246/1110 789/231/1254 821/229/1093
f 819/248/1109 796/245/1108 795/249/1112
f 795/250/1112 794/235/1098 814/236/1100
f 791/252/1114 790/246/1110 820/247/1111
f 793/253/1115 792/238/1101 810/239/1103
f 902/254/1116 1773/256/1718 1772/255/1117
f 904/257/1119 1775/259/1136 1774/258/1120
f 905/260/1122 1776/262/1130 1777/261/1123
f 1779/264/1125 1778/272/1132 897/263/1126
f 894/266/1118 1772/255/1117 1780/267/1128
f 895/268/1121 1774/258/1120 1776/262/1130
f 1777/261/1123 1781/276/1135 899/269/1131
f 1778/272/1132 1782/277/1719 900/271/1133
f 1780/267/1128 1783/278/1137 901/273/1134
f 1781/276/1135 1773/953/1718 902/275/1116
f 900/271/1133 1782/277/1719 1775/259/1136
f 1783/278/1137 1779/264/1125 903/265/1127
f 1785/279/1138 831/281/1720 830/280/1139
f 1786/283/1141 1787/316/1171 809/282/1142
f 815/234/1099 810/239/1103 877/285/1144
f 1789/287/1146 827/289/1163 826/288/1147
f 1784/290/1140 830/280/1139 829/291/1149
f 833/293/1151 832/300/1158 1791/292/1152
f 1788/295/1148 826/288/1147 825/296/1154
f 1790/297/1150 829/299/1149 828/298/1156
f 832/300/1158 831/281/1720 1785/279/1138
f 825/296/1154 824/314/1170 1795/301/1159
f 823/304/1160 822/345/1208 1796/303/1161
f 1794/306/1157 828/298/1156 827/289/1163
f 803/307/1164 1799/309/1180 1798/308/1165
f 806/310/1167 1801/312/1181 1800/311/1168
f 824/314/1170 823/954/1160 1797/313/1162
f 1787/316/1171 1802/322/1177 808/315/1172
f 802/317/1166 1798/308/1165 1803/318/1173
f 805/319/1169 1800/311/1168 1804/320/1175
f 1802/322/1177 1805/955/1721 807/321/1178
f 1803/318/1173 1806/329/1182 800/323/1179
f 804/325/1176 1804/320/1175 1799/309/1180
f 807/326/1178 1805/327/1721 1801/312/1181
f 1806/329/1182 1807/330/1184 799/328/1183
f 1807/330/1184 1786/283/1141 798/284/1143
f 834/303/1185 857/294/1188 856/331/1186
f 857/294/1188 855/292/1190 854/333/1189
f 855/292/1190 853/279/1722 852/334/1191
f 852/334/1191 853/279/1722 851/290/1192
f 850/335/1193 851/290/1192 849/336/1194
f 848/337/1195 849/297/1194 847/306/1196
f 846/338/1197 847/306/1196 845/287/1198
f 844/339/1199 845/287/1198 843/295/1200
f 842/340/1201 843/295/1200 841/302/1202
f 841/302/1202 839/301/1205 838/341/1204
f 839/301/1205 837/313/1207 836/343/1206
f 837/305/1207 834/303/1185 835/332/1187
f 822/345/1208 833/293/1151 1792/294/1153
f 813/237/1102 820/247/1111 870/346/1209
f 811/251/1113 814/236/1100 873/348/1211
f 880/350/1213 819/248/1109 811/351/1113
f 820/247/1111 821/229/1093 881/352/1214
f 871/353/1215 818/244/1106 819/248/1109
f 872/354/1216 816/243/1097 817/240/1104
f 878/355/1217 817/240/1104 818/244/1106
f 810/239/1103 813/237/1102 874/347/1210
f 814/236/1100 815/234/1099 879/286/1145
f 875/356/1218 812/232/1095 816/243/1097
f 881/352/1214 821/229/1093 812/232/1095
f 869/358/1219 865/377/1239 885/357/1220
f 888/360/1222 868/362/1255 861/361/1223
f 889/363/1225 867/365/1233 859/364/1226
f 866/366/1228 869/358/1219 886/359/1221
f 864/368/1230 868/362/1255 888/360/1222
f 887/370/1232 862/371/1240 867/365/1233
f 893/372/1234 860/374/1241 863/373/1235
f 858/375/1237 866/366/1228 892/367/1229
f 865/377/1239 864/368/1230 890/369/1231
f 884/378/1236 863/373/1235 862/371/1240
f 883/379/1224 861/361/1223 860/374/1241
f 859/380/1226 858/375/1237 891/376/1238
f 881/352/1214 875/356/1218 776/382/1242
f 776/382/1242 875/356/1218 872/354/1216
f 873/348/1211 879/286/1145 781/384/1245
f 877/285/1144 874/347/1210 779/386/1247
f 774/388/1249 878/355/1217 871/353/1215
f 775/389/1244 872/354/1216 878/355/1217
f 785/390/1250 871/353/1215 880/350/1213
f 778/391/1252 870/346/1209 881/352/1214
f 784/392/1251 880/350/1213 876/393/1212
f 876/349/1212 873/348/1211 782/385/1246
f 874/347/1210 870/346/1209 778/391/1252
f 879/286/1145 877/285/1144 780/387/1248
f 795/250/1112 882/381/1227 891/376/1238
f 788/230/1094 883/379/1224 893/372/1234
f 786/242/1107 884/378/1236 887/370/1232
f 885/357/1220 890/369/1231 790/246/1110
f 891/376/1238 892/367/1229 793/253/1115
f 787/233/1096 893/372/1234 884/378/1236
f 797/241/1105 887/370/1232 889/363/1225
f 890/369/1231 888/360/1222 789/231/1254
f 892/367/1229 886/359/1221 792/238/1101
f 889/363/1225 882/930/1227 795/249/1112
f 789/231/1254 888/360/1222 883/379/1224
f 886/359/1221 885/357/1220 791/252/1114
f 901/273/1134 903/265/1127 865/377/1239
f 868/362/1255 900/271/1133 904/257/1119
f 899/269/1131 902/275/1116 859/364/1226
f 866/366/1228 898/274/1129 901/273/1134
f 897/263/1126 900/271/1133 868/362/1255
f 896/270/1124 899/269/1131 867/365/1233
f 860/374/1241 895/268/1121 905/260/1122
f 858/375/1237 894/266/1118 898/274/1129
f 903/265/1127 897/263/1126 864/368/1230
f 905/260/1122 896/270/1124 862/371/1240
f 861/361/1223 904/257/1119 895/268/1121
f 859/380/1226 902/254/1116 894/266/1118
f 1808/397/1256 1817/396/1723 1814/932/1257
f 1821/399/1259 1824/442/1724 1823/398/1260
f 1826/402/1262 1835/421/1725 1832/401/1263
f 1844/406/1265 1842/405/1726 1838/425/1266
f 1846/408/1268 1818/956/1727 1809/407/1269
f 1859/411/1271 1856/423/1728 1853/410/1272
f 1861/413/1274 1844/406/1265 1840/404/1267
f 1864/417/1276 1868/416/1288 1866/433/1277
f 1852/412/1273 1830/419/1729 1833/418/1279
f 1836/421/1280 1827/402/1730 1871/420/1281
f 1854/410/1283 1857/423/1731 1812/395/1284
f 1870/422/1282 1871/420/1281 1847/408/1286
f 1820/400/1261 1823/398/1260 1868/416/1288
f 1848/424/1289 1841/404/1732 1839/425/1290
f 909/425/1292 1843/405/1733 1816/426/1293
f 1845/406/1295 911/413/1331 910/428/1296
f 1865/417/1298 1858/431/1734 919/430/1299
f 1813/432/1301 1863/415/1735 1867/433/1302
f 1869/416/1304 915/398/1328 914/434/1305
f 907/436/1307 906/414/1326 922/404/1308
f 912/405/1310 924/406/1736 925/429/1311
f 920/415/1313 921/432/1737 926/431/1314
f 916/433/1316 928/416/1738 929/435/1317
f 1872/439/1319 1874/443/1739 1828/438/1320
f 1837/441/1322 1825/442/1740 1822/399/1323
f 907/436/1307 931/438/1741 1875/443/1325
f 934/442/1327 935/441/1742 914/434/1305
f 919/430/1299 937/933/1743 936/399/1329
f 1873/439/1330 933/440/1744 910/428/1296
f 1860/414/1275 930/443/1745 932/439/1332
f 1876/444/1333 1877/446/466 1879/445/464
f 1880/448/1335 1882/462/1344 1883/447/462
f 1878/450/1334 1884/452/1746 1886/451/483
f 938/453/1336 942/448/1341 944/449/472
f 945/455/1337 943/456/1343 939/450/1338
f 1887/458/478 1885/957/1747 1890/457/1339
f 946/460/1340 1889/463/480 942/448/1341
f 1891/461/1342 947/452/1748 939/450/1338
f 948/463/468 949/958/1749 1882/462/1344
f 1144/465/113 1892/506/1359 1893/464/1345
f 1147/469/487 1148/468/60 1895/470/1346
f 1149/471/489 1896/472/1349 1895/470/1346
f 1149/471/489 1150/473/491 1897/497/1348
f 1151/475/135 1898/477/1350 1897/474/1348
f 1152/478/494 1899/479/1351 1898/477/1350
f 1153/480/496 1900/481/1353 1899/479/1351
f 1153/480/496 1154/482/32 1901/483/1352
f 1155/484/499 1902/485/1354 1901/483/1352
f 1146/486/485 1893/505/1345 1902/485/1354
f 1145/487/501 1147/469/487 1894/467/1347
f 1906/936/1358 1904/959/1750 1905/490/1751
f 1905/490/1751 1915/964/1752 1914/934/1356
f 1914/934/1356 1913/963/1753 1912/489/1754
f 1912/489/1754 1911/962/1755 1910/935/1357
f 1910/935/1357 1909/961/1756 1908/488/1757
f 1908/488/1757 1907/960/1758 1906/936/1358
f 1906/936/1358 1905/490/1751 1914/934/1356
f 1914/934/1356 1912/489/1754 1910/935/1357
f 1910/935/1357 1908/488/1757 1906/936/1358
f 1145/487/501 1903/491/1355 1892/506/1359
f 953/491/1360 952/493/1364 950/492/1361
f 955/467/1363 954/494/1759 952/493/1364
f 956/495/1365 954/494/1759 955/467/1363
f 959/472/1367 958/496/1369 956/495/1365
f 961/497/1368 960/498/1760 958/496/1369
f 962/499/1370 960/965/1760 961/474/1368
f 964/500/1372 962/499/1370 963/477/1371
f 966/501/1374 964/500/1372 965/479/1373
f 969/483/1376 968/502/1378 966/501/1374
f 971/485/1377 970/503/1761 968/502/1378
f 972/504/1379 970/503/1761 971/485/1377
f 950/492/1361 972/966/1379 973/464/1380
f 1918/508/1381 1921/528/1382 1920/507/1382
f 1923/510/1384 1922/512/1388 1924/511/1385
f 1926/513/1387 1927/514/1390 1924/511/1385
f 1928/515/1389 1929/518/1392 1927/514/1390
f 1928/515/1389 1931/516/1407 1917/509/1391
f 979/514/1393 1930/518/1762 1932/517/1394
f 1934/519/1395 1933/521/1398 1935/520/1396
f 1933/521/1398 1936/523/1401 1937/522/1399
f 1938/524/1400 1939/526/1441 1937/522/1399
f 974/518/1402 981/509/1763 1024/507/1403
f 985/522/1404 1023/525/1394 1027/527/1394
f 1934/519/1395 1919/508/1397 1917/509/1391
f 983/520/1406 1027/527/1394 1028/528/1394
f 977/511/1409 979/514/1393 1026/529/1394
f 994/531/1410 992/544/1424 982/530/1411
f 991/533/1413 994/531/1410 986/532/1412
f 988/535/1415 991/533/1413 980/534/1414
f 993/538/1417 1020/967/1456 1009/537/1418
f 990/540/1420 988/535/1415 975/536/1416
f 989/542/1422 990/540/1420 978/541/1421
f 992/544/1424 993/538/1417 984/539/1419
f 997/545/1425 1014/546/1463 989/542/1422
f 1920/507/1382 1921/528/1382 1942/549/1427
f 1925/547/1386 1945/553/1764 1944/551/1429
f 1944/551/1429 1945/553/1764 1947/552/1430
f 1947/552/1430 1949/556/1765 1948/554/1432
f 1948/554/1432 1949/556/1765 1941/550/1433
f 1002/552/1435 1026/529/1394 1932/517/1394
f 1953/557/1437 1943/549/1766 1954/558/1438
f 1954/558/1438 1956/561/1767 1955/559/1440
f 1955/559/1440 1956/561/1767 1939/526/1441
f 995/556/1442 1025/517/1403 1024/507/1403
f 1027/527/1394 1023/525/1394 1008/561/1444
f 1941/550/1433 1943/549/1766 1953/557/1437
f 1028/528/1394 1027/527/1394 1006/558/1445
f 1000/553/1447 1022/548/1394 1026/529/1394
f 1005/564/1448 1018/577/1462 1021/563/1449
f 1011/565/1450 1021/563/1449 1017/566/1451
f 1003/567/1452 1017/566/1451 1013/568/1453
f 1007/570/1455 1009/572/1418 1020/571/1456
f 996/569/1454 1013/568/1453 1016/573/1458
f 1001/574/1459 1016/573/1458 1015/575/1460
f 1007/570/1455 1019/937/1457 1018/577/1462
f 999/576/1461 1015/575/1460 1014/578/1463
f 2027/580/1466 656/635/1768 1633/582/1464
f 1633/582/1464 1635/968/1769 2029/581/1465
f 1965/584/1467 2025/969/1770 1177/583/1468
f 1640/586/1470 1970/588/1771 1967/587/1471
f 1963/590/1473 1676/970/1772 1037/589/1474
f 2026/593/1476 1175/918/1580 1046/592/1477
f 1672/595/1479 1965/584/1467 1036/585/1469
f 1731/598/631 1318/971/631 1131/597/631
f 682/600/955 699/601/1698 691/36/933
f 1087/602/634 1128/604/634 1157/603/635
f 1636/605/1482 640/607/1773 1654/606/1483
f 639/606/1485 648/609/634 1971/608/1486
f 1046/592/1477 1039/611/1490 1040/610/1488
f 1040/610/1488 1038/618/645 1047/612/643
f 1101/615/645 1158/619/645 1161/614/643
f 1042/617/1491 1041/622/647 1038/618/645
f 1102/620/647 1159/623/647 1158/619/645
f 1044/621/1492 1043/626/1496 1041/622/647
f 1103/624/1493 1160/939/1497 1159/623/647
f 1030/625/1494 1671/627/1495 1044/621/1492
f 1671/627/1495 1674/704/1774 1043/626/1496
f 1103/624/1493 1962/629/1560 1556/628/653
f 1104/616/643 1161/614/643 1156/630/655
f 1045/613/1489 1047/612/643 1958/632/655
f 1046/592/1477 1045/613/1489 1966/633/1498
f 652/972/1775 1686/111/984 694/112/985
f 694/112/985 656/635/1768 2027/580/1466
f 2028/634/1499 652/972/1775 694/112/985
f 1174/637/1500 1970/973/1771 1640/636/1470
f 1049/46/936 1053/640/1522 1980/639/1502
f 1050/642/664 1974/649/1512 1968/641/1504
f 1975/643/1505 1977/645/1511 1973/644/1506
f 1058/647/1508 1984/941/1529 1983/646/1509
f 1982/648/1510 1981/657/1524 1973/644/1506
f 1054/639/671 1983/646/1509 1974/649/1512
f 1034/650/1513 1051/651/1517 1048/645/1514
f 1055/652/1516 1052/648/1575 1048/645/1514
f 1673/654/1518 1979/661/1776 1056/653/1519
f 1057/656/1521 1985/647/1526 1980/639/1502
f 1986/653/1523 1987/660/686 1981/657/1524
f 1057/656/1521 1988/659/1777 1675/658/1525
f 1035/661/1527 1989/974/1778 1987/660/686
f 1058/647/1508 1029/658/1779 1031/662/1528
f 1583/663/690 1990/665/1532 1062/664/1530
f 1990/665/1532 1991/667/1540 1064/666/1533
f 1077/669/1534 1076/694/1556 1993/668/1535
f 1061/671/1537 1994/673/1550 1995/672/1538
f 1991/667/1540 1996/675/1548 1066/674/1541
f 1060/676/1542 1079/678/1558 1078/677/1543
f 1065/679/1545 1072/681/1780 1073/680/1546
f 1996/675/1548 1067/683/1551 1068/682/1549
f 1163/684/711 1591/685/712 1994/673/1550
f 1067/683/1551 1998/687/1555 1070/686/1552
f 1999/689/1553 1595/975/1690 1593/688/715
f 1998/687/1555 1165/692/719 1166/691/718
f 1076/694/1556 1075/701/1559 1074/693/1557
f 1071/695/1544 1078/677/1543 1077/669/1534
f 1995/672/1538 1072/681/1780 1065/679/1545
f 1997/697/1547 1073/680/1546 1999/689/1553
f 1162/698/725 1168/699/726 1079/678/1558
f 1075/701/1559 1169/703/730 1167/700/727
f 1047/612/643 1104/616/643 1094/631/655
f 1043/626/1496 1674/704/1774 1962/629/1560
f 1043/626/1496 1103/624/1493 1102/620/647
f 1041/622/647 1102/620/647 1101/615/645
f 1038/618/645 1101/615/645 1104/616/643
f 648/609/634 1087/602/634 2000/705/732
f 1959/706/1561 1731/598/631 1086/599/1481
f 2005/709/1563 2004/737/1576 1964/708/1564
f 679/95/84 1721/96/84 1098/128/84
f 1095/130/85 1735/128/85 680/96/85
f 676/113/95 677/105/95 1719/127/95
f 1097/125/89 1096/121/89 1725/101/89
f 1093/117/32 1734/122/32 673/711/32
f 678/712/92 674/101/92 1733/121/92
f 1085/51/32 1093/117/32 689/103/32
f 1689/100/974 1092/98/86 1309/713/86
f 1137/715/81 1090/94/81 1091/131/81
f 1080/3/900 1089/66/60 1272/716/60
f 649/18/22 1663/22/22 1088/57/22
f 650/23/23 1687/57/23 1685/58/23
f 646/31/28 1666/27/28 1662/718/28
f 697/34/32 1667/719/32 1684/53/32
f 1245/55/26 1084/27/26 1631/28/26
f 1239/721/18 1241/60/18 1083/22/18
f 1207/722/60 1081/2/898 1080/3/900
f 1601/723/738 1599/725/740 2002/724/1566
f 1126/728/743 1099/976/1781 1105/730/1569
f 1105/730/1569 1107/729/1782 1171/943/1570
f 1106/731/1571 2000/705/732 1157/603/635
f 1110/732/1572 1109/734/1574 1976/733/1472
f 1055/652/1516 1059/655/1520 1056/653/1519
f 2004/737/1576 2005/709/1563 2003/736/1567
f 1112/738/1577 1037/589/1474 1978/596/1480
f 1121/739/759 2016/741/759 2014/740/759
f 2022/742/757 2020/743/757 2015/740/757
f 2021/744/758 2017/977/758 2019/743/758
f 2010/745/755 1118/747/755 2007/746/755
f 2018/748/32 2012/978/32 2006/750/32
f 2006/750/32 2008/980/32 1115/749/32
f 1115/749/32 1119/979/32 2018/748/32
f 1123/751/756 1114/745/756 1116/752/756
f 2013/753/754 1122/981/754 1120/746/754
f 1176/638/1501 1178/917/1579 2024/916/1578
f 1177/583/1468 2025/969/1770 2024/916/1578
f 1175/918/1580 1173/988/1783 1030/625/1494
f 1030/625/1494 1039/611/1490 1046/592/1477
f 2030/444/1581 2031/446/1605 2033/445/1582
f 2034/448/1584 2036/462/1602 2037/447/1585
f 2032/450/1583 2038/452/1784 2040/451/1587
f 1179/453/1588 1183/448/1598 1185/449/1589
f 1184/456/1591 1180/450/1600 1182/445/1592
f 2041/458/1594 2039/957/1785 2044/457/1595
f 1187/460/1597 2043/463/1613 1183/448/1598
f 2045/461/1599 1188/452/1786 1180/450/1600
f 1189/463/1601 1190/958/1787 2036/462/1602
f 2046/444/1603 2048/450/1606 2049/445/1585
f 2053/447/1582 2052/462/1615 2050/448/1604
f 2048/450/1606 2046/444/1603 2056/451/1601
f 1197/449/1590 1195/448/1612 1191/453/1608
f 1198/455/1592 1194/445/1593 1192/450/1609
f 2060/457/1611 2055/957/1788 2057/458/1596
f 1195/448/1612 2059/463/1597 1199/460/1613
f 1192/450/1609 1200/452/1789 2061/461/1614
f 2052/462/1615 1202/958/1790 1201/463/1587
